{
"type": "FeatureCollection",
"name": "nodos",
"crs": { "type": "name", "properties": { "name": "urn:ogc:def:crs:EPSG::9377" } },
"features": [
{ "type": "Feature", "properties": { "OBJECTID": 1, "Nodo": "7 de Agosto", "Shape_Leng": 57658.463520700003, "Shape_Length": 49004.347397606813, "Shape_Area": 44458662.729390748 }, "geometry": { "type": "MultiPolygon", "coordinates": [ [ [ [ 4883822.512299999594688, 2075716.686899999156594, 0.0 ], [ 4883810.971099999733269, 2075710.183900000527501, 0.0 ], [ 4883845.018799999728799, 2075715.216600000858307, 0.0 ], [ 4883869.96059999987483, 2075711.090500000864267, 0.0 ], [ 4883911.067800000309944, 2075691.468499999493361, 0.0 ], [ 4884033.280399999581277, 2075632.383400000631809, 0.0 ], [ 4884070.953300000168383, 2075614.755899999290705, 0.0 ], [ 4884165.134999999776483, 2075570.189899999648333, 0.0 ], [ 4884233.384600000455976, 2075534.835100000724196, 0.0 ], [ 4884315.1562, 2075495.923800000920892, 0.0 ], [ 4884323.3553, 2075491.822699999436736, 0.0 ], [ 4884360.027099999599159, 2075471.986600000411272, 0.0 ], [ 4884407.334599999710917, 2075446.167099999263883, 0.0 ], [ 4884520.3405, 2075384.223300000652671, 0.0 ], [ 4884594.78969999961555, 2075342.229000000283122, 0.0 ], [ 4884627.254200000315905, 2075326.377699999138713, 0.0 ], [ 4884670.905899999663234, 2075302.663599999621511, 0.0 ], [ 4884687.304700000211596, 2075294.9035, 0.0 ], [ 4884696.277900000102818, 2075289.475099999457598, 0.0 ], [ 4884715.0016, 2075279.280300000682473, 0.0 ], [ 4884841.079300000332296, 2075208.9189, 0.0 ], [ 4884849.381299999542534, 2075199.402599999681115, 0.0 ], [ 4884852.586199999786913, 2075192.214600000530481, 0.0 ], [ 4884854.569799999706447, 2075183.9233, 0.0 ], [ 4884847.764700000174344, 2075155.973999999463558, 0.0 ], [ 4884847.7472, 2075144.149299999698997, 0.0 ], [ 4884879.718500000424683, 2075169.630200000479817, 0.0 ], [ 4884874.486499999649823, 2075155.713500000536442, 0.0 ], [ 4884874.145700000226498, 2075150.188400000333786, 0.0 ], [ 4884875.134800000116229, 2075144.2193, 0.0 ], [ 4884878.0115, 2075140.015599999576807, 0.0 ], [ 4884883.769399999640882, 2075134.702500000596046, 0.0 ], [ 4884893.6321, 2075130.82010000012815, 0.0 ], [ 4884902.390100000426173, 2075129.8125, 0.0 ], [ 4884908.9326, 2075130.134400000795722, 0.0 ], [ 4884915.033699999563396, 2075132.004100000485778, 0.0 ], [ 4884920.248999999836087, 2075134.648600000888109, 0.0 ], [ 4884926.13289999961853, 2075139.502399999648333, 0.0 ], [ 4884929.466099999845028, 2075144.139000000432134, 0.0 ], [ 4884932.356499999761581, 2075149.2182, 0.0 ], [ 4884933.474299999885261, 2075155.294700000435114, 0.0 ], [ 4884934.254599999636412, 2075158.05629999935627, 0.0 ], [ 4885354.7878, 2074907.569900000467896, 0.0 ], [ 4885665.648699999786913, 2074723.553899999707937, 0.0 ], [ 4885683.185700000263751, 2074735.684399999678135, 0.0 ], [ 4885720.701100000180304, 2074761.378399999812245, 0.0 ], [ 4885723.142799999564886, 2074762.92200000025332, 0.0 ], [ 4885726.252600000239909, 2074766.45380000025034, 0.0 ], [ 4885730.451000000350177, 2074756.170099999755621, 0.0 ], [ 4885732.774299999698997, 2074752.630300000309944, 0.0 ], [ 4885739.41579999960959, 2074744.884800000116229, 0.0 ], [ 4885748.386699999682605, 2074737.799000000581145, 0.0 ], [ 4885765.6732, 2074730.369400000199676, 0.0 ], [ 4885782.077600000426173, 2074726.256400000303984, 0.0 ], [ 4885804.584099999628961, 2074724.676300000399351, 0.0 ], [ 4885894.163099999539554, 2074716.035700000822544, 0.0 ], [ 4885964.227900000289083, 2074707.976299999281764, 0.0 ], [ 4886024.869099999777973, 2074700.7043999992311, 0.0 ], [ 4886005.700299999676645, 2074634.204700000584126, 0.0 ], [ 4885968.333499999716878, 2074634.259400000795722, 0.0 ], [ 4885956.46860000025481, 2074633.834699999541044, 0.0 ], [ 4885936.7319, 2074633.863600000739098, 0.0 ], [ 4885921.876000000163913, 2074635.322000000625849, 0.0 ], [ 4885907.018000000156462, 2074635.343699999153614, 0.0 ], [ 4885887.274799999780953, 2074630.952199999243021, 0.0 ], [ 4885884.83420000039041, 2074630.182199999690056, 0.0 ], [ 4886293.0883, 2074395.854699999094009, 0.0 ], [ 4886381.474600000306964, 2074557.624399999156594, 0.0 ], [ 4886489.037200000137091, 2074715.498400000855327, 0.0 ], [ 4886560.164300000295043, 2074675.50029999949038, 0.0 ], [ 4886570.117600000463426, 2074657.693600000813603, 0.0 ], [ 4886578.5483, 2074584.0811, 0.0 ], [ 4886592.519899999722838, 2074584.502800000831485, 0.0 ], [ 4886609.1524, 2074584.810100000351667, 0.0 ], [ 4886617.91260000038892, 2074585.239399999380112, 0.0 ], [ 4886623.234899999573827, 2074585.231699999421835, 0.0 ], [ 4886626.785799999721348, 2074587.105200000107288, 0.0 ], [ 4886632.24210000038147, 2074603.010800000280142, 0.0 ], [ 4886633.711799999698997, 2074622.458599999547005, 0.0 ], [ 4886635.270700000226498, 2074626.987299999222159, 0.0 ], [ 4886667.784900000318885, 2074644.953299999237061, 0.0 ], [ 4886692.969200000166893, 2074654.862600000575185, 0.0 ], [ 4886711.709599999710917, 2074655.940500000491738, 0.0 ], [ 4886739.205, 2074653.911299999803305, 0.0 ], [ 4886753.1694, 2074649.36009999923408, 0.0 ], [ 4886761.364900000393391, 2074642.717499999329448, 0.0 ], [ 4886777.866600000299513, 2074629.321699999272823, 0.0 ], [ 4886791.6968, 2074608.746600000187755, 0.0 ], [ 4886817.683000000193715, 2074559.973600000143051, 0.0 ], [ 4886830.190000000409782, 2074544.483899999409914, 0.0 ], [ 4886833.955799999646842, 2074541.605200000107288, 0.0 ], [ 4886840.840599999763072, 2074548.667899999767542, 0.0 ], [ 4886852.806599999777973, 2074542.351399999111891, 0.0 ], [ 4886876.537399999797344, 2074543.974600000306964, 0.0 ], [ 4886920.7917, 2074552.8618, 0.0 ], [ 4887007.5614, 2074518.477600000798702, 0.0 ], [ 4887051.224899999797344, 2074502.279799999669194, 0.0 ], [ 4887077.139899999834597, 2074480.803099999204278, 0.0 ], [ 4887090.308799999766052, 2074462.881300000473857, 0.0 ], [ 4887103.473299999721348, 2074441.975700000301003, 0.0 ], [ 4887110.101800000295043, 2074425.168500000610948, 0.0 ], [ 4887114.627399999648333, 2074411.01659999974072, 0.0 ], [ 4887123.819500000216067, 2074403.378000000491738, 0.0 ], [ 4887141.10950000025332, 2074398.269500000402331, 0.0 ], [ 4887185.787999999709427, 2074393.784399999305606, 0.0 ], [ 4887223.808500000275671, 2074385.772600000724196, 0.0 ], [ 4887246.408200000412762, 2074371.926100000739098, 0.0 ], [ 4887266.227099999785423, 2074352.0055, 0.0 ], [ 4887330.644100000150502, 2074195.2083, 0.0 ], [ 4887332.625099999830127, 2074184.927899999544024, 0.0 ], [ 4887341.695899999700487, 2074170.1064, 0.0 ], [ 4887354.654500000178814, 2074160.031199999153614, 0.0 ], [ 4887380.142199999652803, 2074149.716900000348687, 0.0 ], [ 4887426.368700000457466, 2074142.135500000789762, 0.0 ], [ 4887448.539599999785423, 2074138.456599999219179, 0.0 ], [ 4887503.845599999651313, 2074122.021299999207258, 0.0 ], [ 4887533.324, 2074110.927699999883771, 0.0 ], [ 4887548.0625, 2074104.93889999948442, 0.0 ], [ 4887550.720300000160933, 2074102.614399999380112, 0.0 ], [ 4887677.209099999628961, 2074007.17200000025332, 0.0 ], [ 4887723.2801, 2073968.537599999457598, 0.0 ], [ 4887734.77489999961108, 2073942.88260000012815, 0.0 ], [ 4887739.7248, 2073915.2478, 0.0 ], [ 4887736.345300000160933, 2073878.342199999839067, 0.0 ], [ 4887731.648400000296533, 2073850.6108, 0.0 ], [ 4887640.861999999731779, 2073791.286699999123812, 0.0 ], [ 4887623.4391, 2073781.255300000309944, 0.0 ], [ 4887618.999900000169873, 2073778.498999999836087, 0.0 ], [ 4887614.338200000114739, 2073775.300899999216199, 0.0 ], [ 4887605.128600000403821, 2073770.78319999948144, 0.0 ], [ 4887593.807199999690056, 2073762.842700000852346, 0.0 ], [ 4887587.2571, 2073757.216099999845028, 0.0 ], [ 4887581.14989999961108, 2073751.146800000220537, 0.0 ], [ 4887575.594700000248849, 2073743.419099999591708, 0.0 ], [ 4887572.589700000360608, 2073735.687699999660254, 0.0 ], [ 4887570.582100000232458, 2073727.512800000607967, 0.0 ], [ 4887564.239699999801815, 2073712.161000000312924, 0.0 ], [ 4887573.216699999757111, 2073709.0537, 0.0 ], [ 4887577.418499999679625, 2073700.980399999767542, 0.0 ], [ 4887581.7347999997437, 2073695.338199999183416, 0.0 ], [ 4887584.39130000025034, 2073692.129499999806285, 0.0 ], [ 4887593.252000000327826, 2073685.265100000426173, 0.0 ], [ 4887602.336799999698997, 2073680.058000000193715, 0.0 ], [ 4887608.766200000420213, 2073678.833200000226498, 0.0 ], [ 4887620.298600000329316, 2073679.369100000709295, 0.0 ], [ 4887635.93709999974817, 2073682.219900000840425, 0.0 ], [ 4887651.8004, 2073687.280500000342727, 0.0 ], [ 4887663.225999999791384, 2073690.5793999992311, 0.0 ], [ 4887672.543200000189245, 2073692.776200000196695, 0.0 ], [ 4887683.19440000038594, 2073697.291799999773502, 0.0 ], [ 4887707.93059999961406, 2073703.997400000691414, 0.0 ], [ 4887717.468000000342727, 2073705.0888, 0.0 ], [ 4887743.197100000455976, 2073708.2566, 0.0 ], [ 4887761.824099999852479, 2073707.456199999898672, 0.0 ], [ 4887777.013799999840558, 2073706.771299999207258, 0.0 ], [ 4887792.310200000181794, 2073703.10249999910593, 0.0 ], [ 4887824.334499999880791, 2073688.800599999725819, 0.0 ], [ 4887841.392400000244379, 2073676.399000000208616, 0.0 ], [ 4887851.139000000432134, 2073668.759700000286102, 0.0 ], [ 4887854.6842, 2073666.654899999499321, 0.0 ], [ 4887881.572200000286102, 2073627.4956, 0.0 ], [ 4887890.633100000210106, 2073605.601500000804663, 0.0 ], [ 4887904.000799999572337, 2073571.434599999338388, 0.0 ], [ 4887913.826100000180304, 2073541.361700000241399, 0.0 ], [ 4887931.944199999794364, 2073495.0318, 0.0 ], [ 4887938.121100000105798, 2073472.368300000205636, 0.0 ], [ 4887940.4353, 2073462.418999999761581, 0.0 ], [ 4887966.522900000214577, 2073406.2423, 0.0 ], [ 4888052.229000000283122, 2073324.894200000911951, 0.0 ], [ 4888015.6217, 2073313.564099999144673, 0.0 ], [ 4887996.541299999691546, 2073307.513399999588728, 0.0 ], [ 4887984.6639, 2073298.468599999323487, 0.0 ], [ 4887959.479100000113249, 2073288.3377, 0.0 ], [ 4887944.3925, 2073283.7179000005126, 0.0 ], [ 4887922.763000000268221, 2073278.444399999454618, 0.0 ], [ 4887879.051799999549985, 2073262.04109999909997, 0.0 ], [ 4887862.6288, 2073253.334300000220537, 0.0 ], [ 4887860.189799999818206, 2073253.669299999251962, 0.0 ], [ 4887864.208100000396371, 2073272.11879999935627, 0.0 ], [ 4887834.77379999961704, 2073314.155099999159575, 0.0 ], [ 4887785.388799999840558, 2073284.609200000762939, 0.0 ], [ 4887776.181400000117719, 2073281.749099999666214, 0.0 ], [ 4887757.442499999888241, 2073281.886499999091029, 0.0 ], [ 4887726.8432, 2073284.80379999987781, 0.0 ], [ 4887594.928000000305474, 2073231.837799999862909, 0.0 ], [ 4887624.416000000201166, 2073150.0176, 0.0 ], [ 4887487.6091, 2073088.328500000759959, 0.0 ], [ 4887478.069199999794364, 2073085.579500000923872, 0.0 ], [ 4887420.627899999730289, 2073082.678400000557303, 0.0 ], [ 4887406.087799999862909, 2073072.642899999395013, 0.0 ], [ 4887026.759999999776483, 2072920.464299999177456, 0.0 ], [ 4887016.219200000166893, 2072915.727600000798702, 0.0 ], [ 4886994.582899999804795, 2072905.92339999973774, 0.0 ], [ 4886934.223500000312924, 2072878.935499999672174, 0.0 ], [ 4886845.010099999606609, 2072835.081199999898672, 0.0 ], [ 4886829.568599999882281, 2072815.2116, 0.0 ], [ 4886660.108199999667704, 2072717.433900000527501, 0.0 ], [ 4886571.238099999725819, 2072681.204700000584126, 0.0 ], [ 4886534.846800000406802, 2072666.338500000536442, 0.0 ], [ 4886363.560600000433624, 2072609.894999999552965, 0.0 ], [ 4886326.840599999763072, 2072597.792099999263883, 0.0 ], [ 4886228.490899999625981, 2072524.334699999541044, 0.0 ], [ 4886006.977300000376999, 2072394.254100000485778, 0.0 ], [ 4885973.3032, 2072341.92090000025928, 0.0 ], [ 4885986.332499999552965, 2072227.964999999850988, 0.0 ], [ 4886054.928399999625981, 2071970.816600000485778, 0.0 ], [ 4886065.698099999688566, 2071827.910199999809265, 0.0 ], [ 4886047.4972, 2071740.74349999986589, 0.0 ], [ 4885995.92960000038147, 2071660.366399999707937, 0.0 ], [ 4885863.821100000292063, 2071553.694499999284744, 0.0 ], [ 4885729.678299999795854, 2071497.087200000882149, 0.0 ], [ 4885724.762199999764562, 2071395.534600000828505, 0.0 ], [ 4885753.729299999773502, 2071337.253100000321865, 0.0 ], [ 4885826.090200000442564, 2071228.5154, 0.0 ], [ 4885829.965599999763072, 2071224.641799999400973, 0.0 ], [ 4885838.044300000183284, 2071213.689500000327826, 0.0 ], [ 4885860.879800000227988, 2071208.90430000051856, 0.0 ], [ 4885881.831899999640882, 2071205.227, 0.0 ], [ 4885920.724899999797344, 2071186.051999999210238, 0.0 ], [ 4885932.774500000290573, 2071160.616900000721216, 0.0 ], [ 4885940.740299999713898, 2071148.2281, 0.0 ], [ 4885993.2944, 2071144.283900000154972, 0.0 ], [ 4886070.8767, 2071118.311599999666214, 0.0 ], [ 4886106.034400000236928, 2071123.012499999254942, 0.0 ], [ 4886132.316999999806285, 2071124.8531, 0.0 ], [ 4886172.543100000359118, 2071107.334000000730157, 0.0 ], [ 4886200.360999999567866, 2071097.347699999809265, 0.0 ], [ 4886221.638799999840558, 2071088.917999999597669, 0.0 ], [ 4886228.510499999858439, 2071086.697799999266863, 0.0 ], [ 4886259.5811, 2071102.2347999997437, 0.0 ], [ 4886280.2122, 2071106.62529999949038, 0.0 ], [ 4886304.82880000025034, 2071106.589700000360608, 0.0 ], [ 4886324.453700000420213, 2071105.345599999651313, 0.0 ], [ 4886355.038800000213087, 2071091.929500000551343, 0.0 ], [ 4886376.883100000210106, 2071091.787399999797344, 0.0 ], [ 4886400.2807, 2071092.30599999986589, 0.0 ], [ 4886420.351800000295043, 2071092.829500000923872, 0.0 ], [ 4886467.600499999709427, 2071100.718000000342727, 0.0 ], [ 4886482.349899999797344, 2071101.801699999719858, 0.0 ], [ 4886499.8596, 2071094.703700000420213, 0.0 ], [ 4886544.6557, 2071093.533800000324845, 0.0 ], [ 4886580.128499999642372, 2071086.188799999654293, 0.0 ], [ 4886608.849299999885261, 2071087.1418999992311, 0.0 ], [ 4886659.6414, 2071091.599500000476837, 0.0 ], [ 4886683.375, 2071094.438500000163913, 0.0 ], [ 4886708.544700000435114, 2071093.518100000917912, 0.0 ], [ 4886722.623700000345707, 2071091.066500000655651, 0.0 ], [ 4886755.533699999563396, 2071075.105499999597669, 0.0 ], [ 4886778.138500000350177, 2071064.13230000063777, 0.0 ], [ 4886812.2791, 2071055.6842, 0.0 ], [ 4886830.99930000025779, 2071042.174900000914931, 0.0 ], [ 4886895.0186, 2070991.800300000235438, 0.0 ], [ 4886912.282100000418723, 2070967.684000000357628, 0.0 ], [ 4886944.975599999539554, 2070955.370300000533462, 0.0 ], [ 4886976.66579999960959, 2070939.300599999725819, 0.0 ], [ 4886978.828200000338256, 2070900.839700000360608, 0.0 ], [ 4887003.4392, 2070896.9364, 0.0 ], [ 4887047.4517, 2070890.573999999091029, 0.0 ], [ 4887154.29619999974966, 2070933.298499999567866, 0.0 ], [ 4887177.688900000415742, 2070930.39159999974072, 0.0 ], [ 4887205.6168, 2070919.74239999987185, 0.0 ], [ 4887224.9945, 2070900.706800000742078, 0.0 ], [ 4887246.239400000311434, 2070869.291200000792742, 0.0 ], [ 4887271.25069999974221, 2070835.218000000342727, 0.0 ], [ 4887294.504599999636412, 2070812.861500000581145, 0.0 ], [ 4887322.5472999997437, 2070804.864499999210238, 0.0 ], [ 4887358.7972999997437, 2070798.181900000199676, 0.0 ], [ 4887381.736100000329316, 2070787.98200000077486, 0.0 ], [ 4887425.172799999825656, 2070766.7017, 0.0 ], [ 4887469.68059999961406, 2070719.00789999961853, 0.0 ], [ 4887472.201399999670684, 2070698.3388, 0.0 ], [ 4887497.564600000157952, 2070677.637000000104308, 0.0 ], [ 4887515.963600000366569, 2070671.974600000306964, 0.0 ], [ 4887547.777300000190735, 2070664.635299999266863, 0.0 ], [ 4887578.672600000165403, 2070635.305800000205636, 0.0 ], [ 4887591.193199999630451, 2070628.657299999147654, 0.0 ], [ 4887614.78940000012517, 2070612.93099999986589, 0.0 ], [ 4887628.286299999803305, 2070591.141100000590086, 0.0 ], [ 4887629.258399999700487, 2070573.016000000759959, 0.0 ], [ 4887622.424100000411272, 2070523.95920000039041, 0.0 ], [ 4887709.833399999886751, 2070545.604699999094009, 0.0 ], [ 4887778.520100000314415, 2070501.7445, 0.0 ], [ 4887730.176300000399351, 2070037.780200000852346, 0.0 ], [ 4887606.231200000271201, 2069745.7676, 0.0 ], [ 4887555.2018, 2069653.3432, 0.0 ], [ 4887524.7336, 2069671.400000000372529, 0.0 ], [ 4887299.75650000013411, 2069448.490599999204278, 0.0 ], [ 4887159.529199999757111, 2069170.867799999192357, 0.0 ], [ 4887106.805499999783933, 2068979.981100000441074, 0.0 ], [ 4886809.562400000169873, 2068936.976800000295043, 0.0 ], [ 4883446.86710000038147, 2070970.542999999597669, 0.0 ], [ 4883421.48450000025332, 2070902.9474, 0.0 ], [ 4883393.172399999573827, 2070878.787399999797344, 0.0 ], [ 4883360.119599999859929, 2070649.082399999722838, 0.0 ], [ 4883319.123599999584258, 2070222.788599999621511, 0.0 ], [ 4883089.50899999961257, 2069330.185100000351667, 0.0 ], [ 4885707.811700000427663, 2068582.61089999973774, 0.0 ], [ 4886083.588200000114739, 2068486.585799999535084, 0.0 ], [ 4885987.208700000308454, 2068321.732200000435114, 0.0 ], [ 4886257.811599999666214, 2068113.028699999675155, 0.0 ], [ 4886423.551199999637902, 2067930.447300000116229, 0.0 ], [ 4886554.721400000154972, 2067921.528400000184774, 0.0 ], [ 4886729.0483, 2067617.484300000593066, 0.0 ], [ 4886449.2829, 2067548.374600000679493, 0.0 ], [ 4886422.789900000207126, 2067400.880799999460578, 0.0 ], [ 4886361.63910000026226, 2067366.157800000160933, 0.0 ], [ 4886326.535299999639392, 2067322.888000000268221, 0.0 ], [ 4886277.536299999803305, 2067333.235999999567866, 0.0 ], [ 4882396.687800000421703, 2068617.980399999767542, 0.0 ], [ 4882375.595099999569356, 2068602.208599999547005, 0.0 ], [ 4882355.6042, 2068581.683199999853969, 0.0 ], [ 4882336.831600000150502, 2068560.161299999803305, 0.0 ], [ 4882321.307400000281632, 2068560.516000000759959, 0.0 ], [ 4882317.533800000324845, 2068558.3114, 0.0 ], [ 4882307.641699999570847, 2068542.964999999850988, 0.0 ], [ 4882288.763899999670684, 2068525.311200000345707, 0.0 ], [ 4882262.887699999846518, 2068499.379499999806285, 0.0 ], [ 4882256.984199999831617, 2068481.8169, 0.0 ], [ 4882251.7264, 2068450.991900000721216, 0.0 ], [ 4882241.0197, 2068410.007799999788404, 0.0 ], [ 4882233.462100000120699, 2068398.636399999260902, 0.0 ], [ 4882222.916400000452995, 2068391.2478, 0.0 ], [ 4882209.269799999892712, 2068386.516200000420213, 0.0 ], [ 4882192.634499999694526, 2068385.435900000855327, 0.0 ], [ 4882175.6716, 2068387.671399999409914, 0.0 ], [ 4882153.504999999888241, 2068395.440400000661612, 0.0 ], [ 4882146.207499999552965, 2068409.707399999722838, 0.0 ], [ 4882145.005199999548495, 2068421.423499999567866, 0.0 ], [ 4882151.35120000038296, 2068438.322300000116229, 0.0 ], [ 4882173.920099999755621, 2068477.18889999948442, 0.0 ], [ 4882189.4836, 2068503.136, 0.0 ], [ 4882193.604000000283122, 2068514.844100000336766, 0.0 ], [ 4882194.285899999551475, 2068525.894300000742078, 0.0 ], [ 4882188.119300000369549, 2068554.857699999585748, 0.0 ], [ 4882182.800300000235438, 2068557.407400000840425, 0.0 ], [ 4882179.584499999880791, 2068557.4123, 0.0 ], [ 4882156.301300000399351, 2068559.988800000399351, 0.0 ], [ 4882140.781600000336766, 2068563.32740000076592, 0.0 ], [ 4882125.707600000314415, 2068568.10190000012517, 0.0 ], [ 4882119.5027, 2068571.426599999889731, 0.0 ], [ 4882116.3997, 2068572.75730000063777, 0.0 ], [ 4882114.628499999642372, 2068574.749199999496341, 0.0 ], [ 4882115.075799999758601, 2068577.290300000458956, 0.0 ], [ 4882126.855999999679625, 2068594.512599999085069, 0.0 ], [ 4882130.190499999560416, 2068599.7017, 0.0 ], [ 4882128.979399999603629, 2068605.560699999332428, 0.0 ], [ 4882127.985000000335276, 2068607.9934, 0.0 ], [ 4882124.3301, 2068610.982699999585748, 0.0 ], [ 4882120.8953, 2068612.866499999538064, 0.0 ], [ 4882113.244400000199676, 2068613.209499999880791, 0.0 ], [ 4882103.593100000172853, 2068610.682199999690056, 0.0 ], [ 4882100.597900000400841, 2068609.913100000470877, 0.0 ], [ 4882094.7171, 2068607.490599999204278, 0.0 ], [ 4882090.724399999715388, 2068607.054500000551343, 0.0 ], [ 4882088.5115, 2068610.373199999332428, 0.0 ], [ 4882088.0784, 2068617.336100000888109, 0.0 ], [ 4882093.9688, 2068626.168299999088049, 0.0 ], [ 4882098.409199999645352, 2068629.366499999538064, 0.0 ], [ 4882100.739, 2068630.136600000783801, 0.0 ], [ 4882110.721300000324845, 2068631.558299999684095, 0.0 ], [ 4882137.666000000201166, 2068630.412900000810623, 0.0 ], [ 4882142.7703, 2068632.615499999374151, 0.0 ], [ 4882144.223899999633431, 2068640.680700000375509, 0.0 ], [ 4882142.3646, 2068657.92339999973774, 0.0 ], [ 4882139.0537, 2068668.537499999627471, 0.0 ], [ 4882136.063, 2068670.7522, 0.0 ], [ 4882130.299499999731779, 2068672.639599999412894, 0.0 ], [ 4882104.00789999961853, 2068665.606100000441074, 0.0 ], [ 4882095.911399999633431, 2068664.62360000051558, 0.0 ], [ 4882107.796799999661744, 2068678.088300000876188, 0.0 ], [ 4882116.810200000181794, 2068698.9616, 0.0 ], [ 4882120.93709999974817, 2068714.979699999094009, 0.0 ], [ 4882093.656700000166893, 2068936.4869, 0.0 ], [ 4882089.713100000284612, 2068968.872899999842048, 0.0 ], [ 4882085.5186, 2068981.809100000187755, 0.0 ], [ 4882080.654500000178814, 2068991.872999999672174, 0.0 ], [ 4882069.3651, 2069006.145999999716878, 0.0 ], [ 4882055.879700000397861, 2069035.009800000116229, 0.0 ], [ 4882055.992200000211596, 2069036.114800000563264, 0.0 ], [ 4882056.215800000354648, 2069037.3301, 0.0 ], [ 4882055.884800000116229, 2069038.435699999332428, 0.0 ], [ 4882055.775600000284612, 2069039.540999999269843, 0.0 ], [ 4882055.55559999961406, 2069040.756899999454618, 0.0 ], [ 4882055.3355, 2069041.862400000914931, 0.0 ], [ 4882055.004499999806285, 2069042.968000000342727, 0.0 ], [ 4882054.562400000169873, 2069043.963300000876188, 0.0 ], [ 4882054.120500000193715, 2069045.0691, 0.0 ], [ 4882053.567599999718368, 2069046.064500000327826, 0.0 ], [ 4882053.1255, 2069047.059800000861287, 0.0 ], [ 4882052.461500000208616, 2069047.944900000467896, 0.0 ], [ 4882051.797500000335276, 2069048.83, 0.0 ], [ 4882051.133399999700487, 2069049.715099999681115, 0.0 ], [ 4882050.35840000025928, 2069050.489800000563264, 0.0 ], [ 4882049.472400000318885, 2069051.264699999243021, 0.0 ], [ 4882048.697200000286102, 2069051.928899999707937, 0.0 ], [ 4882047.700000000186265, 2069052.482999999076128, 0.0 ], [ 4882046.813699999824166, 2069053.03690000064671, 0.0 ], [ 4882045.927400000393391, 2069053.590800000354648, 0.0 ], [ 4882044.930100000463426, 2069054.034299999475479, 0.0 ], [ 4882043.9326, 2069054.3673, 0.0 ], [ 4882042.934999999590218, 2069054.700400000438094, 0.0 ], [ 4882041.937400000169873, 2069054.922900000587106, 0.0 ], [ 4882040.717899999581277, 2069055.145700000226498, 0.0 ], [ 4882039.7199, 2069055.147199999541044, 0.0 ], [ 4882038.721900000236928, 2069055.148700000718236, 0.0 ], [ 4882037.723899999633431, 2069055.1502, 0.0 ], [ 4882036.614799999631941, 2069055.041400000452995, 0.0 ], [ 4882035.616499999538064, 2069054.82179999910295, 0.0 ], [ 4882034.61809999961406, 2069054.602299999445677, 0.0 ], [ 4882027.969100000336766, 2069057.485600000247359, 0.0 ], [ 4882017.550900000147521, 2069061.14809999987483, 0.0 ], [ 4882009.9079, 2069066.795700000599027, 0.0 ], [ 4881990.417100000195205, 2069084.064799999818206, 0.0 ], [ 4881935.734000000171363, 2069148.464800000190735, 0.0 ], [ 4881917.471199999563396, 2069171.147199999541044, 0.0 ], [ 4881892.908800000324845, 2069207.9846, 0.0 ], [ 4881876.966099999845028, 2069224.916899999603629, 0.0 ], [ 4881861.0152000002563, 2069236.434100000187755, 0.0 ], [ 4881846.499099999666214, 2069243.418099999427795, 0.0 ], [ 4881838.296, 2069245.198599999770522, 0.0 ], [ 4881833.8668, 2069249.5153, 0.0 ], [ 4881828.5121, 2069228.194399999454618, 0.0 ], [ 4881823.969600000418723, 2069230.853499999269843, 0.0 ], [ 4881798.502999999560416, 2069256.199100000783801, 0.0 ], [ 4881772.275899999774992, 2069292.044399999082088, 0.0 ], [ 4881748.277499999850988, 2069335.069700000807643, 0.0 ], [ 4881721.150999999605119, 2069362.738500000908971, 0.0 ], [ 4881706.9731, 2069373.369000000879169, 0.0 ], [ 4881688.801699999719858, 2069383.010900000110269, 0.0 ], [ 4881678.496299999766052, 2069387.888900000602007, 0.0 ], [ 4881668.408800000324845, 2069390.2248, 0.0 ], [ 4881645.0176, 2069394.570000000298023, 0.0 ], [ 4881638.478799999691546, 2069397.011099999770522, 0.0 ], [ 4881626.189500000327826, 2069409.959499999880791, 0.0 ], [ 4881603.921699999831617, 2069423.917500000447035, 0.0 ], [ 4881541.5581, 2069468.658299999311566, 0.0 ], [ 4881540.216199999675155, 2069461.145500000566244, 0.0 ], [ 4881526.351099999621511, 2069384.912799999117851, 0.0 ], [ 4881508.1119, 2069275.754000000655651, 0.0 ], [ 4881492.227699999697506, 2069184.163200000301003, 0.0 ], [ 4881477.35010000038892, 2069098.317399999126792, 0.0 ], [ 4881453.6272, 2069103.326199999079108, 0.0 ], [ 4881432.5241, 2069007.101600000634789, 0.0 ], [ 4881416.095800000242889, 2068922.363299999386072, 0.0 ], [ 4881414.977900000289083, 2068916.397399999201298, 0.0 ], [ 4881410.171, 2068890.765699999406934, 0.0 ], [ 4881398.992200000211596, 2068831.105799999088049, 0.0 ], [ 4881370.353500000201166, 2068738.208000000566244, 0.0 ], [ 4881361.557900000363588, 2068714.792600000277162, 0.0 ], [ 4881334.409799999557436, 2068654.493699999526143, 0.0 ], [ 4881329.400000000372529, 2068641.350199999287724, 0.0 ], [ 4881326.39809999987483, 2068636.160700000822544, 0.0 ], [ 4881274.132299999706447, 2068538.435799999162555, 0.0 ], [ 4881212.304399999789894, 2068423.927500000223517, 0.0 ], [ 4881164.4868, 2068334.705399999395013, 0.0 ], [ 4881155.254700000397861, 2068316.042700000107288, 0.0 ], [ 4881121.2187, 2068247.465800000354648, 0.0 ], [ 4881092.634100000374019, 2068190.705399999395013, 0.0 ], [ 4881076.740600000135601, 2068166.8586, 0.0 ], [ 4881048.604000000283122, 2068113.081499999389052, 0.0 ], [ 4881045.267799999564886, 2068106.7873, 0.0 ], [ 4881045.045300000347197, 2068106.345599999651313, 0.0 ], [ 4881040.931400000117719, 2068099.057900000363588, 0.0 ], [ 4881034.70380000025034, 2068087.353000000119209, 0.0 ], [ 4881027.699300000444055, 2068075.2072, 0.0 ], [ 4881026.487999999895692, 2068080.845100000500679, 0.0 ], [ 4881022.732300000265241, 2068090.575899999588728, 0.0 ], [ 4881004.367200000211596, 2068119.005300000309944, 0.0 ], [ 4880977.2577, 2068158.167600000277162, 0.0 ], [ 4880960.8805, 2068181.178899999707937, 0.0 ], [ 4880927.784799999557436, 2068221.565899999812245, 0.0 ], [ 4880889.735100000165403, 2068285.8311, 0.0 ], [ 4880869.596099999733269, 2068314.484300000593066, 0.0 ], [ 4880843.149000000208616, 2068351.54590000025928, 0.0 ], [ 4880803.3152, 2068409.1831, 0.0 ], [ 4880783.399400000460446, 2068438.720100000500679, 0.0 ], [ 4880771.892799999564886, 2068455.97749999910593, 0.0 ], [ 4880707.716900000348687, 2068549.236600000411272, 0.0 ], [ 4880703.621799999848008, 2068554.436899999156594, 0.0 ], [ 4880721.051, 2068567.230000000447035, 0.0 ], [ 4880656.980000000447035, 2068656.400100000202656, 0.0 ], [ 4880591.690499999560416, 2068746.345799999311566, 0.0 ], [ 4880544.011800000444055, 2068822.4507, 0.0 ], [ 4880547.119900000281632, 2068824.545800000429153, 0.0 ], [ 4880527.422500000335276, 2068851.651200000196695, 0.0 ], [ 4880487.696999999694526, 2068907.2993, 0.0 ], [ 4880447.199099999852479, 2068965.379899999126792, 0.0 ], [ 4880399.950899999588728, 2069032.643400000408292, 0.0 ], [ 4880395.306400000117719, 2069041.159900000318885, 0.0 ], [ 4880394.312300000339746, 2069043.703199999406934, 0.0 ], [ 4880394.3158, 2069046.024000000208616, 0.0 ], [ 4880394.9847999997437, 2069048.454199999570847, 0.0 ], [ 4880390.440700000151992, 2069050.008300000801682, 0.0 ], [ 4880336.533099999651313, 2069113.30350000038743, 0.0 ], [ 4880336.54, 2069117.834499999880791, 0.0 ], [ 4880336.212000000290573, 2069120.929300000891089, 0.0 ], [ 4880334.666600000113249, 2069125.573200000450015, 0.0 ], [ 4880310.21100000012666, 2069159.316800000146031, 0.0 ], [ 4880268.2747, 2069219.278400000184774, 0.0 ], [ 4880207.75069999974221, 2069306.786100000143051, 0.0 ], [ 4880150.8744, 2069386.4419, 0.0 ], [ 4880159.9896, 2069401.015699999406934, 0.0 ], [ 4880187.789599999785423, 2069451.919800000265241, 0.0 ], [ 4880214.9254, 2069503.598500000312924, 0.0 ], [ 4880246.2105, 2069585.772399999201298, 0.0 ], [ 4880270.813699999824166, 2069649.279899999499321, 0.0 ], [ 4880278.632299999706447, 2069686.289799999445677, 0.0 ], [ 4880284.790300000458956, 2069725.07039999961853, 0.0 ], [ 4880295.701100000180304, 2069826.615000000223517, 0.0 ], [ 4880310.313900000415742, 2069956.224300000816584, 0.0 ], [ 4880311.2209, 2069969.263399999588728, 0.0 ], [ 4880314.847299999557436, 2070020.535900000482798, 0.0 ], [ 4880316.881199999712408, 2070045.398199999704957, 0.0 ], [ 4880319.485999999567866, 2070081.089800000190735, 0.0 ], [ 4880323.311499999836087, 2070117.442700000479817, 0.0 ], [ 4880324.499800000339746, 2070169.602900000289083, 0.0 ], [ 4880327.638799999840558, 2070192.032299999147654, 0.0 ], [ 4880329.00789999961853, 2070217.227099999785423, 0.0 ], [ 4880329.366399999707937, 2070234.245500000193715, 0.0 ], [ 4880331.521300000138581, 2070265.738399999216199, 0.0 ], [ 4880339.6826, 2070382.206499999389052, 0.0 ], [ 4880344.538499999791384, 2070439.776200000196695, 0.0 ], [ 4880349.284799999557436, 2070498.2303, 0.0 ], [ 4880357.564299999736249, 2070619.450200000777841, 0.0 ], [ 4880363.008500000461936, 2070699.232200000435114, 0.0 ], [ 4880363.693, 2070711.829600000753999, 0.0 ], [ 4880370.357599999755621, 2070792.051699999719858, 0.0 ], [ 4880373.07880000025034, 2070831.390100000426173, 0.0 ], [ 4880379.06940000038594, 2070905.866599999368191, 0.0 ], [ 4880383.592000000178814, 2070962.994799999520183, 0.0 ], [ 4880391.298899999819696, 2071072.280300000682473, 0.0 ], [ 4880392.99199999962002, 2071091.838500000536442, 0.0 ], [ 4880337.895899999886751, 2071101.758099999278784, 0.0 ], [ 4880330.1053, 2071010.375900000333786, 0.0 ], [ 4880325.661799999885261, 2070932.360600000247359, 0.0 ], [ 4880320.251000000163913, 2070947.288100000470877, 0.0 ], [ 4880312.943400000222027, 2070954.4825, 0.0 ], [ 4880282.8224, 2070981.0515, 0.0 ], [ 4880160.105999999679625, 2071077.606000000610948, 0.0 ], [ 4880065.312599999830127, 2071160.4145, 0.0 ], [ 4880034.30530000012368, 2071187.42710000090301, 0.0 ], [ 4879923.550300000235438, 2071274.128100000321865, 0.0 ], [ 4879823.883600000292063, 2071360.370400000363588, 0.0 ], [ 4879806.509399999864399, 2071383.273199999704957, 0.0 ], [ 4879790.910199999809265, 2071406.7259, 0.0 ], [ 4879711.168200000189245, 2071469.951099999248981, 0.0 ], [ 4879662.330199999734759, 2071511.247400000691414, 0.0 ], [ 4879572.0477, 2071570.28940000012517, 0.0 ], [ 4879565.291500000283122, 2071575.493899999186397, 0.0 ], [ 4879447.759999999776483, 2071653.47580000013113, 0.0 ], [ 4879280.3607, 2071751.758600000292063, 0.0 ], [ 4879232.953099999576807, 2071785.538200000301003, 0.0 ], [ 4879128.506799999624491, 2071863.500499999150634, 0.0 ], [ 4878971.663499999791384, 2071975.360999999567866, 0.0 ], [ 4878913.506199999712408, 2072013.136, 0.0 ], [ 4878813.632500000298023, 2072107.668800000101328, 0.0 ], [ 4878829.841900000348687, 2072120.573799999430776, 0.0 ], [ 4878798.7204, 2072144.934900000691414, 0.0 ], [ 4878847.340699999593198, 2072178.455700000748038, 0.0 ], [ 4878893.7456, 2072213.527200000360608, 0.0 ], [ 4878916.398900000378489, 2072234.489700000733137, 0.0 ], [ 4878918.842299999669194, 2072237.027699999511242, 0.0 ], [ 4878968.5937, 2072285.0241, 0.0 ], [ 4878991.597, 2072317.258400000631809, 0.0 ], [ 4879019.831600000150502, 2072362.19370000064373, 0.0 ], [ 4879083.9222, 2072504.6568, 0.0 ], [ 4879133.988099999725819, 2072612.882400000467896, 0.0 ], [ 4879257.27419999986887, 2072887.869999999180436, 0.0 ], [ 4879253.927199999801815, 2072946.447200000286102, 0.0 ], [ 4879254.046799999661744, 2072952.083200000226498, 0.0 ], [ 4879254.1661, 2072957.498199999332428, 0.0 ], [ 4879254.838899999856949, 2072962.3597, 0.0 ], [ 4879256.849700000137091, 2072971.971200000494719, 0.0 ], [ 4879257.74199999962002, 2072975.3958, 0.0 ], [ 4879258.745299999602139, 2072978.82010000012815, 0.0 ], [ 4879259.970099999569356, 2072982.133600000292063, 0.0 ], [ 4879261.3059, 2072985.447000000625849, 0.0 ], [ 4879248.258500000461936, 2073009.4485, 0.0 ], [ 4879236.99210000038147, 2073037.867799999192357, 0.0 ], [ 4879226.597400000318885, 2073056.339600000530481, 0.0 ], [ 4878981.6497, 2073413.1239, 0.0 ], [ 4878865.817800000309944, 2073583.714999999850988, 0.0 ], [ 4878852.10190000012517, 2073605.507400000467896, 0.0 ], [ 4878826.411799999885261, 2073628.202500000596046, 0.0 ], [ 4878815.110399999655783, 2073633.856300000101328, 0.0 ], [ 4878799.257399999536574, 2073636.091099999845028, 0.0 ], [ 4878785.17090000025928, 2073633.460699999704957, 0.0 ], [ 4878777.626500000245869, 2073630.709599999710917, 0.0 ], [ 4878770.966699999757111, 2073626.409900000318885, 0.0 ], [ 4878787.082499999552965, 2073650.587300000712276, 0.0 ], [ 4878783.755699999630451, 2073650.371400000527501, 0.0 ], [ 4878780.429100000299513, 2073650.376599999144673, 0.0 ], [ 4878777.102800000458956, 2073650.4923, 0.0 ], [ 4878773.776800000108778, 2073650.829, 0.0 ], [ 4878770.562, 2073651.386499999091029, 0.0 ], [ 4878767.347500000149012, 2073652.165100000798702, 0.0 ], [ 4878764.244099999777973, 2073653.053999999538064, 0.0 ], [ 4878761.141099999658763, 2073654.164000000804663, 0.0 ], [ 4878757.927500000223517, 2073655.495100000873208, 0.0 ], [ 4878755.046699999831617, 2073656.936300000175834, 0.0 ], [ 4878752.277200000360608, 2073658.598300000652671, 0.0 ], [ 4878749.618700000457466, 2073660.3706, 0.0 ], [ 4878746.96059999987483, 2073662.364, 0.0 ], [ 4878744.524400000460446, 2073664.467499999329448, 0.0 ], [ 4878742.199400000274181, 2073666.791899999603629, 0.0 ], [ 4878740.096400000154972, 2073669.226500000804663, 0.0 ], [ 4878737.9934, 2073671.661100000143051, 0.0 ], [ 4878736.223399999551475, 2073674.316099999472499, 0.0 ], [ 4878734.564399999566376, 2073677.081499999389052, 0.0 ], [ 4878733.0165, 2073679.957299999892712, 0.0 ], [ 4878731.6903, 2073682.832699999213219, 0.0 ], [ 4878730.696999999694526, 2073685.818099999800324, 0.0 ], [ 4878729.70380000025034, 2073688.914000000804663, 0.0 ], [ 4878729.0433, 2073692.009400000795722, 0.0 ], [ 4878728.493700000457466, 2073695.104699999094009, 0.0 ], [ 4878728.166000000201166, 2073698.310100000351667, 0.0 ], [ 4878728.060100000351667, 2073701.515100000426173, 0.0 ], [ 4878728.176, 2073704.719799999147654, 0.0 ], [ 4878728.513500000350177, 2073707.813699999824166, 0.0 ], [ 4878729.0729, 2073711.017699999734759, 0.0 ], [ 4878729.742999999783933, 2073714.110999999567866, 0.0 ], [ 4878730.7456, 2073717.093299999833107, 0.0 ], [ 4878731.748200000263751, 2073720.0756, 0.0 ], [ 4878733.083399999886751, 2073723.057399999350309, 0.0 ], [ 4878734.417999999597669, 2073725.597200000658631, 0.0 ], [ 4878672.1436, 2073753.101299999281764, 0.0 ], [ 4878636.46169999986887, 2073767.855000000447035, 0.0 ], [ 4878603.553999999538064, 2073783.930600000545382, 0.0 ], [ 4878581.513000000268221, 2073799.989399999380112, 0.0 ], [ 4878507.083200000226498, 2073854.3673, 0.0 ], [ 4878455.3619, 2073894.011700000613928, 0.0 ], [ 4878415.4874, 2073922.144200000911951, 0.0 ], [ 4878379.371500000357628, 2073942.977, 0.0 ], [ 4878368.0724, 2073950.067500000819564, 0.0 ], [ 4878348.575899999588728, 2073962.364900000393391, 0.0 ], [ 4878326.53139999974519, 2073976.102900000289083, 0.0 ], [ 4878330.086400000378489, 2073980.407400000840425, 0.0 ], [ 4878371.32079999987036, 2074042.230699999257922, 0.0 ], [ 4878396.104399999603629, 2074078.440600000321865, 0.0 ], [ 4878419.6661, 2074113.215600000694394, 0.0 ], [ 4878446.6628, 2074146.548599999397993, 0.0 ], [ 4878481.436700000427663, 2074189.705199999734759, 0.0 ], [ 4878509.0011, 2074231.546900000423193, 0.0 ], [ 4878541.115500000305474, 2074275.81279999949038, 0.0 ], [ 4878587.795699999667704, 2074345.805700000375509, 0.0 ], [ 4878591.68709999974817, 2074352.540999999269843, 0.0 ], [ 4878594.800800000317395, 2074358.282800000160933, 0.0 ], [ 4878621.470800000242889, 2074395.484300000593066, 0.0 ], [ 4878629.251500000245869, 2074407.628699999302626, 0.0 ], [ 4878657.1464, 2074448.143699999898672, 0.0 ], [ 4878684.705799999646842, 2074486.891100000590086, 0.0 ], [ 4878703.263500000350177, 2074512.722400000318885, 0.0 ], [ 4878748.375799999572337, 2074572.881999999284744, 0.0 ], [ 4878782.601099999621511, 2074620.01799999922514, 0.0 ], [ 4878850.8301, 2074714.400900000706315, 0.0 ], [ 4878928.0608, 2074821.810399999842048, 0.0 ], [ 4878953.175699999555945, 2074857.467199999839067, 0.0 ], [ 4878969.736700000241399, 2074882.85950000025332, 0.0 ], [ 4878985.5164, 2074904.937699999660254, 0.0 ], [ 4878997.295800000429153, 2074921.606899999082088, 0.0 ], [ 4879041.852400000207126, 2074981.2149, 0.0 ], [ 4879069.53110000025481, 2075025.598300000652671, 0.0 ], [ 4879100.084499999880791, 2075064.67259999923408, 0.0 ], [ 4879109.978199999779463, 2075080.902699999511242, 0.0 ], [ 4879140.204900000244379, 2075123.845499999821186, 0.0 ], [ 4879180.877299999818206, 2075181.470300000160933, 0.0 ], [ 4879238.652300000190735, 2075256.419199999421835, 0.0 ], [ 4879285.669499999843538, 2075329.948100000619888, 0.0 ], [ 4879328.729000000283122, 2075282.471200000494719, 0.0 ], [ 4879392.821100000292063, 2075212.306399999186397, 0.0 ], [ 4879431.673899999819696, 2075169.146099999547005, 0.0 ], [ 4879456.692499999888241, 2075142.80519999936223, 0.0 ], [ 4879478.501000000163913, 2075120.005699999630451, 0.0 ], [ 4879521.664300000295043, 2075067.776699999347329, 0.0 ], [ 4879536.821100000292063, 2075045.761099999770522, 0.0 ], [ 4879592.806300000287592, 2074967.320699999108911, 0.0 ], [ 4879596.364299999549985, 2074973.614399999380112, 0.0 ], [ 4879619.067300000227988, 2074955.565700000151992, 0.0 ], [ 4879643.158699999563396, 2074903.145199999213219, 0.0 ], [ 4879654.440999999642372, 2074885.224600000306964, 0.0 ], [ 4879697.146200000308454, 2074823.381799999624491, 0.0 ], [ 4879727.463100000284612, 2074781.339999999850988, 0.0 ], [ 4879783.1217, 2074706.5472999997437, 0.0 ], [ 4879801.926900000311434, 2074677.453299999237061, 0.0 ], [ 4879841.5395, 2074623.351299999281764, 0.0 ], [ 4879869.520100000314415, 2074576.119100000709295, 0.0 ], [ 4879879.921400000341237, 2074562.067900000140071, 0.0 ], [ 4879929.155500000342727, 2074491.374199999496341, 0.0 ], [ 4879980.826500000432134, 2074419.019099999219179, 0.0 ], [ 4879994.433899999596179, 2074398.774299999698997, 0.0 ], [ 4880026.071999999694526, 2074350.320900000631809, 0.0 ], [ 4880043.879700000397861, 2074321.4496, 0.0 ], [ 4880065.785799999721348, 2074289.698699999600649, 0.0 ], [ 4880076.0746, 2074274.542600000277162, 0.0 ], [ 4880076.400000000372529, 2074269.78999999910593, 0.0 ], [ 4880075.396800000220537, 2074266.36570000089705, 0.0 ], [ 4880079.05559999961406, 2074266.139000000432134, 0.0 ], [ 4880084.483, 2074262.373199999332428, 0.0 ], [ 4880094.107800000347197, 2074247.991800000891089, 0.0 ], [ 4880123.2067, 2074206.725700000301003, 0.0 ], [ 4880140.571899999864399, 2074178.407700000330806, 0.0 ], [ 4880176.755400000140071, 2074129.394799999892712, 0.0 ], [ 4880211.045599999837577, 2074074.859300000593066, 0.0 ], [ 4880238.818599999882281, 2074036.579199999570847, 0.0 ], [ 4880296.348600000143051, 2073952.16950000077486, 0.0 ], [ 4880341.04839999973774, 2073888.777100000530481, 0.0 ], [ 4880386.630900000222027, 2073822.509999999776483, 0.0 ], [ 4880398.577399999834597, 2073803.594000000506639, 0.0 ], [ 4880430.0033, 2073761.108899999409914, 0.0 ], [ 4880472.044599999673665, 2073699.267899999395013, 0.0 ], [ 4880516.742999999783933, 2073634.770500000566244, 0.0 ], [ 4880535.987700000405312, 2073602.692299999296665, 0.0 ], [ 4880554.2368, 2073572.052300000563264, 0.0 ], [ 4880595.0757, 2073521.485500000417233, 0.0 ], [ 4880634.588100000284612, 2073473.573100000619888, 0.0 ], [ 4880643.333100000396371, 2073463.834599999710917, 0.0 ], [ 4880649.014999999664724, 2073481.39750000089407, 0.0 ], [ 4880664.578599999658763, 2073507.454700000584126, 0.0 ], [ 4880685.778099999763072, 2073520.904899999499321, 0.0 ], [ 4880704.429700000211596, 2073536.01659999974072, 0.0 ], [ 4880715.2094, 2073551.693, 0.0 ], [ 4880735.336199999786913, 2073588.904999999329448, 0.0 ], [ 4880778.687400000169873, 2073658.5724, 0.0 ], [ 4880828.672600000165403, 2073715.85219999961555, 0.0 ], [ 4880858.88300000037998, 2073748.628399999812245, 0.0 ], [ 4880916.091300000436604, 2073816.285399999469519, 0.0 ], [ 4880975.067499999888241, 2073879.850700000301003, 0.0 ], [ 4880980.511699999682605, 2073887.025800000876188, 0.0 ], [ 4881014.610999999567866, 2073925.100600000470877, 0.0 ], [ 4881039.0488, 2073953.5757, 0.0 ], [ 4881086.490399999544024, 2074015.501000000163913, 0.0 ], [ 4881108.264399999752641, 2074042.322300000116229, 0.0 ], [ 4881127.484000000171363, 2074066.495300000533462, 0.0 ], [ 4881182.019600000232458, 2074126.862700000405312, 0.0 ], [ 4881270.436300000175834, 2074227.847100000828505, 0.0 ], [ 4881286.986600000411272, 2074246.7195999994874, 0.0 ], [ 4881318.416199999861419, 2074279.383400000631809, 0.0 ], [ 4881370.512199999764562, 2074339.8651, 0.0 ], [ 4881393.732699999585748, 2074370.110200000926852, 0.0 ], [ 4881418.167399999685585, 2074396.706599999219179, 0.0 ], [ 4881449.9282, 2074428.48589999973774, 0.0 ], [ 4881486.895999999716878, 2074457.38399999961257, 0.0 ], [ 4881515.424200000241399, 2074478.00650000013411, 0.0 ], [ 4881543.841900000348687, 2074498.96059999987483, 0.0 ], [ 4881581.6968, 2074527.8574, 0.0 ], [ 4881612.563799999654293, 2074555.328099999576807, 0.0 ], [ 4881596.5104, 2074571.487299999222159, 0.0 ], [ 4881613.846099999733269, 2074596.547399999573827, 0.0 ], [ 4881636.432799999602139, 2074574.6316, 0.0 ], [ 4881682.818300000391901, 2074525.714600000530481, 0.0 ], [ 4881684.261099999770522, 2074526.5965, 0.0 ], [ 4881695.0274, 2074533.653000000864267, 0.0 ], [ 4881745.090900000184774, 2074570.267200000584126, 0.0 ], [ 4881764.2944, 2074584.05210000090301, 0.0 ], [ 4881814.240500000305474, 2074616.356499999761581, 0.0 ], [ 4881863.849100000225008, 2074645.567099999636412, 0.0 ], [ 4881911.791600000113249, 2074672.901499999687076, 0.0 ], [ 4881962.066800000146031, 2074702.995200000703335, 0.0 ], [ 4882024.099600000306964, 2074735.834000000730157, 0.0 ], [ 4882126.757299999706447, 2074796.570900000631809, 0.0 ], [ 4882149.175599999725819, 2074809.909, 0.0 ], [ 4882241.723199999891222, 2074857.620899999514222, 0.0 ], [ 4882267.910799999721348, 2074870.511199999600649, 0.0 ], [ 4882337.481300000101328, 2074902.123099999502301, 0.0 ], [ 4882395.848000000230968, 2074930.5472, 0.0 ], [ 4882425.143199999816716, 2074945.4221, 0.0 ], [ 4882429.581799999810755, 2074947.625600000843406, 0.0 ], [ 4882451.553299999795854, 2074958.864700000733137, 0.0 ], [ 4882490.501299999654293, 2074977.813999999314547, 0.0 ], [ 4882527.3366, 2074992.788100000470877, 0.0 ], [ 4882537.7652000002563, 2074996.6403, 0.0 ], [ 4882555.518500000238419, 2075004.791500000283122, 0.0 ], [ 4882581.698800000362098, 2075012.92989999987185, 0.0 ], [ 4882597.008899999782443, 2075018.542899999767542, 0.0 ], [ 4882618.757799999788404, 2075029.229800000786781, 0.0 ], [ 4882621.975700000301003, 2075030.772199999541044, 0.0 ], [ 4882639.955400000326335, 2075042.017300000414252, 0.0 ], [ 4882703.005599999800324, 2075088.22690000012517, 0.0 ], [ 4882734.20380000025034, 2075115.144899999722838, 0.0 ], [ 4882826.112200000323355, 2075180.761199999600649, 0.0 ], [ 4882876.279400000348687, 2075213.286800000816584, 0.0 ], [ 4882951.420599999837577, 2075263.014699999243021, 0.0 ], [ 4883017.230200000107288, 2075301.042500000447035, 0.0 ], [ 4883021.891099999658763, 2075303.68779999949038, 0.0 ], [ 4883089.803999999538064, 2075339.502100000157952, 0.0 ], [ 4883101.4551, 2075345.231300000101328, 0.0 ], [ 4883114.77489999961108, 2075354.604800000786781, 0.0 ], [ 4883184.688799999654293, 2075393.952600000426173, 0.0 ], [ 4883233.852, 2075422.6119, 0.0 ], [ 4883241.8415, 2075426.68889999948442, 0.0 ], [ 4883285.79, 2075453.256400000303984, 0.0 ], [ 4883291.00719999987632, 2075457.116499999538064, 0.0 ], [ 4883316.763899999670684, 2075478.738199999555945, 0.0 ], [ 4883346.617700000293553, 2075496.706900000572205, 0.0 ], [ 4883405.430499999783933, 2075527.451500000432134, 0.0 ], [ 4883495.424800000153482, 2075574.394799999892712, 0.0 ], [ 4883677.309899999760091, 2075676.235600000247359, 0.0 ], [ 4883729.803299999795854, 2075707.763499999418855, 0.0 ], [ 4883755.010700000450015, 2075732.922499999403954, 0.0 ], [ 4883848.901800000108778, 2075790.911399999633431, 0.0 ], [ 4883851.2215, 2075785.050799999386072, 0.0 ], [ 4883854.316200000233948, 2075778.415500000119209, 0.0 ], [ 4883854.751799999736249, 2075773.110300000756979, 0.0 ], [ 4883854.076999999582767, 2075766.70160000026226, 0.0 ], [ 4883853.510800000280142, 2075758.856100000441074, 0.0 ], [ 4883850.720700000412762, 2075746.704, 0.0 ], [ 4883846.382399999536574, 2075737.316999999806285, 0.0 ], [ 4883841.8251, 2075729.809000000357628, 0.0 ], [ 4883837.160899999551475, 2075724.953400000929832, 0.0 ], [ 4883830.946000000461936, 2075721.205299999564886, 0.0 ], [ 4883822.512299999594688, 2075716.686899999156594, 0.0 ] ] ] ] } },
{ "type": "Feature", "properties": { "OBJECTID": 2, "Nodo": "Bosa", "Shape_Leng": 60488.483258, "Shape_Length": 60483.831976057903, "Shape_Area": 78026732.933590502 }, "geometry": { "type": "MultiPolygon", "coordinates": [ [ [ [ 4865200.660500000230968, 2071337.058199999853969, 0.0 ], [ 4865233.8717, 2071304.066700000315905, 0.0 ], [ 4865287.4392, 2071243.189799999818206, 0.0 ], [ 4865315.418999999761581, 2071198.823999999091029, 0.0 ], [ 4865328.19539999961853, 2071148.074300000444055, 0.0 ], [ 4865330.6612, 2071098.668400000780821, 0.0 ], [ 4865333.135300000198185, 2071054.125399999320507, 0.0 ], [ 4865328.0581, 2071003.406300000846386, 0.0 ], [ 4865316.4666, 2070969.276100000366569, 0.0 ], [ 4865318.97580000013113, 2070945.178899999707937, 0.0 ], [ 4865354.604899999685585, 2070899.363299999386072, 0.0 ], [ 4865386.51630000025034, 2070884.278100000694394, 0.0 ], [ 4865409.573300000280142, 2070879.154699999839067, 0.0 ], [ 4865440.153599999845028, 2070863.85080000013113, 0.0 ], [ 4865497.480899999849498, 2070861.210699999704957, 0.0 ], [ 4865514.2324, 2070865.050100000575185, 0.0 ], [ 4865511.666500000283122, 2070856.102600000798702, 0.0 ], [ 4865427.248599999584258, 2070775.0165, 0.0 ], [ 4865309.747600000351667, 2070672.546599999070168, 0.0 ], [ 4865287.971400000154972, 2070648.601500000804663, 0.0 ], [ 4865276.4819, 2070673.92989999987185, 0.0 ], [ 4865237.043200000189245, 2070761.527899999171495, 0.0 ], [ 4865203.77280000038445, 2070824.801300000399351, 0.0 ], [ 4865159.270100000314415, 2070869.30599999986589, 0.0 ], [ 4865115.86739999987185, 2070908.614499999210238, 0.0 ], [ 4865066.113599999807775, 2070930.361600000411272, 0.0 ], [ 4864998.503700000233948, 2070950.7027000002563, 0.0 ], [ 4864895.092799999751151, 2070981.27309999987483, 0.0 ], [ 4864854.192800000309944, 2070992.72690000012517, 0.0 ], [ 4864803.119099999777973, 2071020.665400000289083, 0.0 ], [ 4864729.119099999777973, 2071065.221300000324845, 0.0 ], [ 4864673.066200000233948, 2071099.468100000172853, 0.0 ], [ 4864652.588200000114739, 2071121.054500000551343, 0.0 ], [ 4864630.910199999809265, 2071154.136900000274181, 0.0 ], [ 4864610.551599999889731, 2071180.696399999782443, 0.0 ], [ 4864583.67920000012964, 2071223.955399999395013, 0.0 ], [ 4864578.739199999719858, 2071253.030300000682473, 0.0 ], [ 4864591.5598, 2071292.352700000628829, 0.0 ], [ 4864598.022300000302494, 2071310.134999999776483, 0.0 ], [ 4864608.246399999596179, 2071322.826999999582767, 0.0 ], [ 4864629.890100000426173, 2071334.173000000417233, 0.0 ], [ 4864666.810600000433624, 2071330.2412, 0.0 ], [ 4864778.0493, 2071337.785599999129772, 0.0 ], [ 4864914.688500000163913, 2071348.933599999174476, 0.0 ], [ 4865025.809399999678135, 2071352.610400000587106, 0.0 ], [ 4865101.1162, 2071358.7804000005126, 0.0 ], [ 4865139.374099999666214, 2071358.714600000530481, 0.0 ], [ 4865168.749900000169873, 2071352.475099999457598, 0.0 ], [ 4865200.660500000230968, 2071337.058199999853969, 0.0 ] ] ], [ [ [ 4870608.6376, 2072215.617200000211596, 0.0 ], [ 4870873.370699999853969, 2071903.524800000712276, 0.0 ], [ 4870922.632299999706447, 2071852.274700000882149, 0.0 ], [ 4870953.286999999545515, 2071814.759199999272823, 0.0 ], [ 4871014.601800000295043, 2071742.933399999514222, 0.0 ], [ 4871033.754800000227988, 2071724.114099999889731, 0.0 ], [ 4871043.827399999834597, 2071712.935499999672174, 0.0 ], [ 4871047.806300000287592, 2071704.971799999475479, 0.0 ], [ 4871051.120699999853969, 2071697.451199999079108, 0.0 ], [ 4871079.012900000438094, 2071665.797800000756979, 0.0 ], [ 4871099.938, 2071645.649399999529123, 0.0 ], [ 4871112.447300000116229, 2071632.6985, 0.0 ], [ 4871122.737200000323355, 2071618.7566, 0.0 ], [ 4871149.625300000421703, 2071583.347200000658631, 0.0 ], [ 4871156.4852, 2071574.0526, 0.0 ], [ 4871165.347, 2071568.291200000792742, 0.0 ], [ 4871171.987999999895692, 2071560.7652000002563, 0.0 ], [ 4871211.277700000442564, 2071514.284, 0.0 ], [ 4871219.0269, 2071506.314099999144673, 0.0 ], [ 4871233.965800000354648, 2071487.280799999833107, 0.0 ], [ 4871254.1108, 2071464.702500000596046, 0.0 ], [ 4871280.457299999892712, 2071437.030300000682473, 0.0 ], [ 4871337.462899999693036, 2071374.27419999986887, 0.0 ], [ 4871341.339100000448525, 2071371.283900000154972, 0.0 ], [ 4871373.3235, 2071332.882500000298023, 0.0 ], [ 4871434.974999999627471, 2071263.04590000025928, 0.0 ], [ 4871472.937199999578297, 2071218.33530000038445, 0.0 ], [ 4871487.437800000421703, 2071202.397199999541044, 0.0 ], [ 4871551.410500000230968, 2071127.8048, 0.0 ], [ 4871583.288499999791384, 2071092.05599999986589, 0.0 ], [ 4871589.2652000002563, 2071085.083699999377131, 0.0 ], [ 4871594.2478, 2071080.544399999082088, 0.0 ], [ 4871597.681300000287592, 2071077.996999999508262, 0.0 ], [ 4871603.33490000013262, 2071076.88260000012815, 0.0 ], [ 4871609.326999999582767, 2071079.304099999368191, 0.0 ], [ 4871625.0899, 2071089.335200000554323, 0.0 ], [ 4871637.191700000315905, 2071098.377699999138713, 0.0 ], [ 4871638.968299999833107, 2071099.811499999836087, 0.0 ], [ 4871665.059600000269711, 2071119.330199999734759, 0.0 ], [ 4871703.326999999582767, 2071057.71030000038445, 0.0 ], [ 4871751.6595, 2070980.159800000488758, 0.0 ], [ 4871784.5016, 2070923.522099999710917, 0.0 ], [ 4871789.269600000232458, 2070923.293199999257922, 0.0 ], [ 4871792.927899999544024, 2070922.624199999496341, 0.0 ], [ 4871795.36600000038743, 2070921.736099999397993, 0.0 ], [ 4871803.8997, 2070918.738199999555945, 0.0 ], [ 4871808.552400000393391, 2070915.857200000435114, 0.0 ], [ 4871814.2012, 2070911.758899999782443, 0.0 ], [ 4871818.85149999987334, 2070907.441199999302626, 0.0 ], [ 4871822.060700000263751, 2070903.346899999305606, 0.0 ], [ 4871826.37459999974817, 2070896.70890000090003, 0.0 ], [ 4871833.330400000326335, 2070878.130899999290705, 0.0 ], [ 4871833.761, 2070870.173100000247359, 0.0 ], [ 4871836.4041, 2070859.0066, 0.0 ], [ 4871840.255400000140071, 2070840.654799999669194, 0.0 ], [ 4871845.4348, 2070820.753499999642372, 0.0 ], [ 4871853.603699999861419, 2070798.0844, 0.0 ], [ 4871861.008100000210106, 2070782.600099999457598, 0.0 ], [ 4871870.636300000362098, 2070770.759199999272823, 0.0 ], [ 4871890.088200000114739, 2070730.9419, 0.0 ], [ 4871896.386800000444055, 2070717.338199999183416, 0.0 ], [ 4871927.564000000245869, 2070659.598099999129772, 0.0 ], [ 4871960.618700000457466, 2070597.213400000706315, 0.0 ], [ 4871993.340599999763072, 2070534.608200000599027, 0.0 ], [ 4872027.283900000154972, 2070472.995699999853969, 0.0 ], [ 4872050.740199999883771, 2070440.686899999156594, 0.0 ], [ 4872068.0044, 2070419.218800000846386, 0.0 ], [ 4872118.709099999628961, 2070367.85700000077486, 0.0 ], [ 4872124.467000000178814, 2070362.653400000184774, 0.0 ], [ 4872182.582999999634922, 2070299.896500000730157, 0.0 ], [ 4872248.7834, 2070230.495699999853969, 0.0 ], [ 4872335.902900000102818, 2070136.747500000521541, 0.0 ], [ 4872426.573900000192225, 2070044.651399999856949, 0.0 ], [ 4872478.830400000326335, 2069992.513900000602007, 0.0 ], [ 4872506.7358, 2069968.265799999237061, 0.0 ], [ 4872537.119599999859929, 2069967.884999999776483, 0.0 ], [ 4872540.88300000037998, 2069963.568800000473857, 0.0 ], [ 4872551.740000000223517, 2069957.14130000025034, 0.0 ], [ 4872571.467199999839067, 2069950.036299999803305, 0.0 ], [ 4872603.614900000393391, 2069943.242799999192357, 0.0 ], [ 4872619.0258, 2069941.339099999517202, 0.0 ], [ 4872613.2456, 2069932.8388, 0.0 ], [ 4872609.135499999858439, 2069928.424799999222159, 0.0 ], [ 4872604.909599999897182, 2069921.027100000530481, 0.0 ], [ 4872598.356999999843538, 2069914.848899999633431, 0.0 ], [ 4872590.364400000311434, 2069909.667600000277162, 0.0 ], [ 4872581.485000000335276, 2069904.708799999207258, 0.0 ], [ 4872570.613099999725819, 2069901.963500000536442, 0.0 ], [ 4872556.1957, 2069901.102700000628829, 0.0 ], [ 4872538.677299999631941, 2069902.678300000727177, 0.0 ], [ 4872524.2621, 2069903.143699999898672, 0.0 ], [ 4872514.5044, 2069903.601600000634789, 0.0 ], [ 4872511.28870000038296, 2069903.717299999669194, 0.0 ], [ 4872527.768699999898672, 2069877.277499999850988, 0.0 ], [ 4872542.030299999751151, 2069850.3991, 0.0 ], [ 4872549.884800000116229, 2069838.782199999317527, 0.0 ], [ 4872570.609199999831617, 2069831.123099999502301, 0.0 ], [ 4872584.235500000417233, 2069822.812400000169873, 0.0 ], [ 4872591.7676, 2069817.495400000363588, 0.0 ], [ 4872599.1853, 2069810.0789, 0.0 ], [ 4872608.046500000171363, 2069803.7652000002563, 0.0 ], [ 4872616.686700000427663, 2069798.0044, 0.0 ], [ 4872628.986399999819696, 2069792.237700000405312, 0.0 ], [ 4872639.515999999828637, 2069789.015699999406934, 0.0 ], [ 4872653.371899999678135, 2069785.567299999296665, 0.0 ], [ 4872667.341099999845028, 2069783.555400000885129, 0.0 ], [ 4872685.083800000138581, 2069783.526699999347329, 0.0 ], [ 4872695.620500000193715, 2069784.725299999117851, 0.0 ], [ 4872709.046500000171363, 2069789.676799999549985, 0.0 ], [ 4872725.804700000211596, 2069798.048800000920892, 0.0 ], [ 4872748.6699, 2069811.273700000718236, 0.0 ], [ 4872776.974999999627471, 2069828.357799999415874, 0.0 ], [ 4872789.2983, 2069837.179099999368191, 0.0 ], [ 4872799.731599999591708, 2069843.019500000402331, 0.0 ], [ 4872812.936700000427663, 2069848.523900000378489, 0.0 ], [ 4872903.734899999573827, 2069834.6733, 0.0 ], [ 4872975.2451, 2069825.27449999935925, 0.0 ], [ 4873023.476700000464916, 2069821.328600000590086, 0.0 ], [ 4873038.3344, 2069820.199500000104308, 0.0 ], [ 4873048.868300000205636, 2069819.629899999126792, 0.0 ], [ 4873058.847299999557436, 2069818.840199999511242, 0.0 ], [ 4873156.3043, 2069808.294600000604987, 0.0 ], [ 4873229.5751, 2069790.383500000461936, 0.0 ], [ 4873287.674499999731779, 2069785.427300000563264, 0.0 ], [ 4873367.946700000204146, 2069777.009400000795722, 0.0 ], [ 4873435.691200000233948, 2069770.490499999374151, 0.0 ], [ 4873514.522199999541044, 2069762.29619999974966, 0.0 ], [ 4873553.555700000375509, 2069762.012399999424815, 0.0 ], [ 4873593.2555, 2069762.280200000852346, 0.0 ], [ 4873630.957700000144541, 2069761.666999999433756, 0.0 ], [ 4873670.212100000120699, 2069760.830399999395013, 0.0 ], [ 4873721.222099999897182, 2069760.638000000268221, 0.0 ], [ 4873822.006699999794364, 2069750.64049999974668, 0.0 ], [ 4873863.584499999880791, 2069746.4847, 0.0 ], [ 4873856.3882, 2069684.607899999246001, 0.0 ], [ 4873852.018299999646842, 2069656.433599999174476, 0.0 ], [ 4873845.361600000411272, 2069585.272600000724196, 0.0 ], [ 4873842.966099999845028, 2069543.612299999222159, 0.0 ], [ 4873832.2319, 2069419.189600000157952, 0.0 ], [ 4873828.428999999538064, 2069398.860999999567866, 0.0 ], [ 4873823.9331, 2069361.293099999427795, 0.0 ], [ 4873815.318, 2069244.381999999284744, 0.0 ], [ 4873808.473000000230968, 2069194.10869999974966, 0.0 ], [ 4873794.889499999582767, 2069090.798900000751019, 0.0 ], [ 4873787.408900000154972, 2068989.910700000822544, 0.0 ], [ 4873779.99129999987781, 2068928.255300000309944, 0.0 ], [ 4873758.484299999661744, 2068793.682499999180436, 0.0 ], [ 4873747.411899999715388, 2068735.016699999570847, 0.0 ], [ 4873736.483, 2068696.685499999672174, 0.0 ], [ 4873722.529799999669194, 2068639.571599999442697, 0.0 ], [ 4873697.739, 2068531.859200000762939, 0.0 ], [ 4873692.7834, 2068484.235200000926852, 0.0 ], [ 4873688.7643, 2068467.443299999460578, 0.0 ], [ 4873680.6519, 2068456.736400000751019, 0.0 ], [ 4873677.97580000013113, 2068447.567900000140071, 0.0 ], [ 4873664.78760000038892, 2068452.672700000926852, 0.0 ], [ 4873655.9211, 2068455.781300000846386, 0.0 ], [ 4873646.609299999661744, 2068457.785499999299645, 0.0 ], [ 4873636.078300000168383, 2068460.23369999974966, 0.0 ], [ 4873634.957999999634922, 2068453.162599999457598, 0.0 ], [ 4873630.049800000153482, 2068435.156500000506639, 0.0 ], [ 4873607.057900000363588, 2068342.91330000013113, 0.0 ], [ 4873599.0384, 2068320.933599999174476, 0.0 ], [ 4873587.5324, 2068268.567900000140071, 0.0 ], [ 4873581.292399999685585, 2068249.900900000706315, 0.0 ], [ 4873542.1201, 2068094.800499999895692, 0.0 ], [ 4873527.355899999849498, 2068016.027000000700355, 0.0 ], [ 4873516.617600000463426, 2067958.3553, 0.0 ], [ 4873502.52419999986887, 2067883.0066, 0.0 ], [ 4873486.40749999973923, 2067790.641799999400973, 0.0 ], [ 4873464.481700000353158, 2067671.762800000607967, 0.0 ], [ 4873452.960799999535084, 2067610.113800000399351, 0.0 ], [ 4873441.734299999661744, 2067524.593100000172853, 0.0 ], [ 4873436.8503, 2067452.434599999338388, 0.0 ], [ 4873422.4945, 2067351.778400000184774, 0.0 ], [ 4873408.954300000332296, 2067275.655200000852346, 0.0 ], [ 4873400.028199999593198, 2067241.630799999460578, 0.0 ], [ 4873373.9676, 2067172.269099999219179, 0.0 ], [ 4873352.252399999648333, 2067115.720200000330806, 0.0 ], [ 4873334.319799999706447, 2067066.790699999779463, 0.0 ], [ 4873320.512299999594688, 2067031.558499999344349, 0.0 ], [ 4873308.260499999858439, 2066998.313100000843406, 0.0 ], [ 4873293.0066, 2066960.099300000816584, 0.0 ], [ 4873287.660199999809265, 2066945.519899999722838, 0.0 ], [ 4873245.341199999675155, 2066834.0779, 0.0 ], [ 4873214.931200000457466, 2066749.582499999552965, 0.0 ], [ 4873136.13910000026226, 2066576.4211, 0.0 ], [ 4873068.9665, 2066387.989800000563264, 0.0 ], [ 4873012.93680000025779, 2066232.916400000452995, 0.0 ], [ 4872995.996000000275671, 2066111.045299999415874, 0.0 ], [ 4872984.608900000341237, 2065994.690999999642372, 0.0 ], [ 4873009.378600000403821, 2065880.931199999526143, 0.0 ], [ 4873010.894000000320375, 2065857.720599999651313, 0.0 ], [ 4872989.26549999974668, 2065855.545, 0.0 ], [ 4872978.950299999676645, 2065854.456299999728799, 0.0 ], [ 4872903.534300000406802, 2065850.93019999936223, 0.0 ], [ 4872901.5482, 2065857.232699999585748, 0.0 ], [ 4872872.601300000213087, 2065855.621400000527501, 0.0 ], [ 4872834.11710000038147, 2065853.914899999275804, 0.0 ], [ 4872801.177400000393391, 2065851.978499999269843, 0.0 ], [ 4872776.5614, 2065854.007200000807643, 0.0 ], [ 4872769.1327, 2065854.903300000354648, 0.0 ], [ 4872674.23340000025928, 2065873.069599999114871, 0.0 ], [ 4872648.8443, 2065877.088899999856949, 0.0 ], [ 4872565.581799999810755, 2065890.595000000670552, 0.0 ], [ 4872544.070000000298023, 2065892.066299999132752, 0.0 ], [ 4872509.3673, 2065897.205800000578165, 0.0 ], [ 4872481.759200000204146, 2065900.565700000151992, 0.0 ], [ 4872436.2955, 2065903.291200000792742, 0.0 ], [ 4872398.814799999818206, 2065905.009199999272823, 0.0 ], [ 4872367.543700000271201, 2065906.2752, 0.0 ], [ 4872337.49170000012964, 2065907.097200000658631, 0.0 ], [ 4872305.111499999649823, 2065908.254499999806285, 0.0 ], [ 4872278.391699999570847, 2065912.386600000783801, 0.0 ], [ 4872270.632799999788404, 2065914.83049999922514, 0.0 ], [ 4872231.50719999987632, 2065928.0449, 0.0 ], [ 4872222.0861, 2065931.265000000596046, 0.0 ], [ 4872213.33, 2065934.263000000268221, 0.0 ], [ 4872130.668800000101328, 2065976.7237, 0.0 ], [ 4872076.035500000230968, 2066001.12529999949038, 0.0 ], [ 4872056.635599999688566, 2066005.577199999243021, 0.0 ], [ 4872021.715400000102818, 2066013.369699999690056, 0.0 ], [ 4871993.55350000038743, 2066017.172700000926852, 0.0 ], [ 4871946.7571, 2066018.685000000521541, 0.0 ], [ 4871930.786999999545515, 2066018.15819999948144, 0.0 ], [ 4871902.829199999570847, 2066011.019899999722838, 0.0 ], [ 4871878.750900000333786, 2066002.659600000828505, 0.0 ], [ 4871821.188, 2065998.332000000402331, 0.0 ], [ 4871770.501299999654293, 2065994.435399999842048, 0.0 ], [ 4871726.469700000248849, 2065991.191199999302626, 0.0 ], [ 4871674.563, 2065987.18610000051558, 0.0 ], [ 4871580.731800000183284, 2065980.044099999591708, 0.0 ], [ 4871449.301400000229478, 2065969.979100000113249, 0.0 ], [ 4871427.695000000298023, 2065981.507799999788404, 0.0 ], [ 4871223.173700000159442, 2065965.925499999895692, 0.0 ], [ 4871091.410400000400841, 2065955.861700000241399, 0.0 ], [ 4871091.074699999764562, 2065953.9835, 0.0 ], [ 4871090.2906, 2065949.232599999755621, 0.0 ], [ 4871089.839300000108778, 2065944.481100000441074, 0.0 ], [ 4871089.721199999563396, 2065940.060699999332428, 0.0 ], [ 4870703.462500000372529, 2065939.91609999909997, 0.0 ], [ 4870633.6113, 2065948.981799999251962, 0.0 ], [ 4870628.511599999852479, 2065949.9847999997437, 0.0 ], [ 4870595.6705, 2065940.644500000402331, 0.0 ], [ 4870558.065999999642372, 2065934.517000000923872, 0.0 ], [ 4870529.565700000151992, 2065934.895099999383092, 0.0 ], [ 4870497.1782, 2065931.743100000545382, 0.0 ], [ 4870391.492999999783933, 2065932.357799999415874, 0.0 ], [ 4870347.914099999703467, 2065934.860400000587106, 0.0 ], [ 4870289.3794, 2065946.8918999992311, 0.0 ], [ 4870278.623700000345707, 2065947.793700000271201, 0.0 ], [ 4870245.898400000296533, 2065941.547800000756979, 0.0 ], [ 4870113.402099999599159, 2065958.231699999421835, 0.0 ], [ 4870082.2467, 2065962.5929000005126, 0.0 ], [ 4870052.418600000441074, 2065964.741599999368191, 0.0 ], [ 4870026.255099999718368, 2065969.978700000792742, 0.0 ], [ 4870016.288599999621511, 2065978.72580000013113, 0.0 ], [ 4869999.453599999658763, 2065991.904899999499321, 0.0 ], [ 4869978.055700000375509, 2065995.2555, 0.0 ], [ 4869860.878200000151992, 2066020.977, 0.0 ], [ 4869837.059100000187755, 2066035.604299999773502, 0.0 ], [ 4869808.7895, 2066041.39750000089407, 0.0 ], [ 4869760.114400000311434, 2066047.113800000399351, 0.0 ], [ 4869712.879099999554455, 2066051.612099999561906, 0.0 ], [ 4869681.722299999557436, 2066055.089400000870228, 0.0 ], [ 4869641.921299999579787, 2066062.1173, 0.0 ], [ 4869600.78969999961555, 2066069.257999999448657, 0.0 ], [ 4869547.458200000226498, 2066075.755799999460578, 0.0 ], [ 4869502.5504, 2066079.476700000464916, 0.0 ], [ 4869430.9134, 2066081.584000000730157, 0.0 ], [ 4869427.143400000408292, 2066081.921800000593066, 0.0 ], [ 4869424.4819, 2066081.926200000569224, 0.0 ], [ 4869358.6074, 2066081.482100000604987, 0.0 ], [ 4869299.387900000438094, 2066081.690300000831485, 0.0 ], [ 4869313.6902, 2065944.957800000905991, 0.0 ], [ 4869320.5631, 2065875.984200000762939, 0.0 ], [ 4869321.00899999961257, 2065810.11570000089705, 0.0 ], [ 4869317.783300000242889, 2065736.959100000560284, 0.0 ], [ 4869309.702100000344217, 2065678.398700000718236, 0.0 ], [ 4869278.73450000025332, 2065662.20380000025034, 0.0 ], [ 4869261.921900000423193, 2065621.671900000423193, 0.0 ], [ 4869218.309999999590218, 2065604.392699999734759, 0.0 ], [ 4869177.79619999974966, 2065582.7983, 0.0 ], [ 4869137.730600000359118, 2065564.076500000432134, 0.0 ], [ 4869073.6074, 2065549.925699999555945, 0.0 ], [ 4868865.004099999554455, 2065481.970899999141693, 0.0 ], [ 4868855.904500000178814, 2065478.449500000104308, 0.0 ], [ 4868856.125199999660254, 2065477.786000000312924, 0.0 ], [ 4868853.0186, 2065476.906999999657273, 0.0 ], [ 4868856.236100000329316, 2065477.785800000652671, 0.0 ], [ 4868874.143699999898672, 2065442.6119, 0.0 ], [ 4868886.621899999678135, 2065410.209899999201298, 0.0 ], [ 4868903.667899999767542, 2065390.509800000116229, 0.0 ], [ 4868918.169200000353158, 2065374.460999999195337, 0.0 ], [ 4868922.707499999552965, 2065369.259199999272823, 0.0 ], [ 4868943.340099999681115, 2065372.430099999532104, 0.0 ], [ 4868951.216199999675155, 2065373.743300000205636, 0.0 ], [ 4868967.706799999810755, 2065286.297399999573827, 0.0 ], [ 4868970.579400000162423, 2065279.772199999541044, 0.0 ], [ 4868975.729799999855459, 2065242.298599999397993, 0.0 ], [ 4868986.557, 2065217.4145, 0.0 ], [ 4869010.7823, 2065180.019899999722838, 0.0 ], [ 4869012.846199999563396, 2065153.824100000783801, 0.0 ], [ 4869016.34360000025481, 2065122.652699999511242, 0.0 ], [ 4869015.900000000372529, 2065122.653400000184774, 0.0 ], [ 4869014.846300000324845, 2065088.947599999606609, 0.0 ], [ 4869022.795, 2065067.052200000733137, 0.0 ], [ 4869023.904199999757111, 2065067.160900000482798, 0.0 ], [ 4869025.339700000360608, 2065063.400900000706315, 0.0 ], [ 4869041.3136, 2065066.027000000700355, 0.0 ], [ 4869044.189600000157952, 2065061.491100000217557, 0.0 ], [ 4869051.2511, 2065039.597200000658631, 0.0 ], [ 4869054.982300000265241, 2065015.719399999827147, 0.0 ], [ 4869055.858799999579787, 2065009.197499999776483, 0.0 ], [ 4869056.190399999730289, 2065008.533900000154972, 0.0 ], [ 4869056.519399999640882, 2065006.323000000789762, 0.0 ], [ 4869068.4518, 2064979.11629999987781, 0.0 ], [ 4869073.50690000038594, 2064951.036699999123812, 0.0 ], [ 4869076.2209, 2064915.556399999186397, 0.0 ], [ 4869076.54839999973774, 2064912.3509, 0.0 ], [ 4869076.087500000372529, 2064901.852600000798702, 0.0 ], [ 4869078.074199999682605, 2064896.10249999910593, 0.0 ], [ 4869079.273299999535084, 2064883.501599999144673, 0.0 ], [ 4869080.671699999831617, 2064857.196399999782443, 0.0 ], [ 4869084.170800000429153, 2064827.019600000232458, 0.0 ], [ 4869087.660799999721348, 2064791.316999999806285, 0.0 ], [ 4869088.4309, 2064787.558199999853969, 0.0 ], [ 4869091.3777, 2064758.708499999716878, 0.0 ], [ 4869091.261300000362098, 2064755.393200000748038, 0.0 ], [ 4869094.64130000025034, 2064720.2434, 0.0 ], [ 4869097.585, 2064689.51490000076592, 0.0 ], [ 4869098.905299999751151, 2064683.102800000458956, 0.0 ], [ 4869101.537200000137091, 2064665.084300000220537, 0.0 ], [ 4869102.189899999648333, 2064657.347100000828505, 0.0 ], [ 4869102.847799999639392, 2064652.814799999818206, 0.0 ], [ 4869104.028400000184774, 2064628.941299999132752, 0.0 ], [ 4869104.137799999676645, 2064628.057, 0.0 ], [ 4869104.352900000289083, 2064623.967499999329448, 0.0 ], [ 4869105.0165, 2064622.86119999922812, 0.0 ], [ 4869105.016699999570847, 2064622.971799999475479, 0.0 ], [ 4869110.286899999715388, 2064590.802799999713898, 0.0 ], [ 4869114.797399999573827, 2064568.692099999636412, 0.0 ], [ 4869119.964599999599159, 2064541.275499999523163, 0.0 ], [ 4869128.455400000326335, 2064511.753599999472499, 0.0 ], [ 4869130.426300000399351, 2064496.388499999418855, 0.0 ], [ 4869132.949900000356138, 2064479.917400000616908, 0.0 ], [ 4869135.1414, 2064463.778400000184774, 0.0 ], [ 4869137.441800000146031, 2064446.423499999567866, 0.0 ], [ 4869139.855700000189245, 2064430.726199999451637, 0.0 ], [ 4869142.707899999804795, 2064411.7127, 0.0 ], [ 4869144.467400000430644, 2064402.647399999201298, 0.0 ], [ 4869148.53760000038892, 2064382.526699999347329, 0.0 ], [ 4869150.2856, 2064366.498999999836087, 0.0 ], [ 4869152.032999999821186, 2064350.029100000858307, 0.0 ], [ 4869152.457499999552965, 2064338.424200000241399, 0.0 ], [ 4869153.0932, 2064320.409, 0.0 ], [ 4869153.5285, 2064315.324500000104308, 0.0 ], [ 4869155.595099999569356, 2064290.675899999216199, 0.0 ], [ 4869151.581899999640882, 2064278.083599999547005, 0.0 ], [ 4869152.1244, 2064270.788699999451637, 0.0 ], [ 4869154.110399999655783, 2064264.5965, 0.0 ], [ 4869158.864099999889731, 2064255.41579999960959, 0.0 ], [ 4869161.806599999777973, 2064223.913699999451637, 0.0 ], [ 4869160.1327, 2064217.61710000038147, 0.0 ], [ 4869163.8734, 2064199.375700000673532, 0.0 ], [ 4869161.862599999643862, 2064190.537699999287724, 0.0 ], [ 4869166.587899999693036, 2064164.116499999538064, 0.0 ], [ 4869166.802799999713898, 2064159.916500000283122, 0.0 ], [ 4869169.427000000141561, 2064137.1458, 0.0 ], [ 4869171.410000000149012, 2064129.074799999594688, 0.0 ], [ 4869176.579599999822676, 2064103.094900000840425, 0.0 ], [ 4869181.528900000266731, 2064077.999600000679493, 0.0 ], [ 4869186.700000000186265, 2064052.903799999505281, 0.0 ], [ 4869188.676799999549985, 2064041.075300000607967, 0.0 ], [ 4869193.190499999560416, 2064020.843399999663234, 0.0 ], [ 4869206.606599999591708, 2063951.527499999850988, 0.0 ], [ 4869210.3235, 2063918.808499999344349, 0.0 ], [ 4869211.6354, 2063907.312699999660254, 0.0 ], [ 4869227.0888, 2063862.970200000330806, 0.0 ], [ 4869236.7319, 2063859.749399999156594, 0.0 ], [ 4869249.045800000429153, 2063862.050000000745058, 0.0 ], [ 4869259.477400000207126, 2063866.2325, 0.0 ], [ 4869269.0142, 2063865.774700000882149, 0.0 ], [ 4869284.439500000327826, 2063871.8278, 0.0 ], [ 4869308.08530000038445, 2063886.26659999974072, 0.0 ], [ 4869314.310600000433624, 2063895.318800000473857, 0.0 ], [ 4869318.750300000421703, 2063897.521800000220537, 0.0 ], [ 4869341.177199999801815, 2063912.625700000673532, 0.0 ], [ 4869343.619599999859929, 2063914.168999999761581, 0.0 ], [ 4869351.395399999804795, 2063921.892300000414252, 0.0 ], [ 4869369.5981, 2063930.924799999222159, 0.0 ], [ 4869378.035299999639392, 2063936.215700000524521, 0.0 ], [ 4869397.678999999538064, 2063944.80379999987781, 0.0 ], [ 4869422.583200000226498, 2063915.144500000402331, 0.0 ], [ 4869441.63190000038594, 2063899.088400000706315, 0.0 ], [ 4869461.455900000408292, 2063882.367900000885129, 0.0 ], [ 4869475.9649, 2063870.739900000393391, 0.0 ], [ 4869495.904500000178814, 2063856.892699999734759, 0.0 ], [ 4869520.273400000296533, 2063838.949100000783801, 0.0 ], [ 4869538.32880000025034, 2063825.768100000917912, 0.0 ], [ 4869551.0647, 2063814.916600000113249, 0.0 ], [ 4869573.437300000339746, 2063796.865800000727177, 0.0 ], [ 4869597.581899999640882, 2063777.375399999320507, 0.0 ], [ 4869597.138299999758601, 2063777.3761, 0.0 ], [ 4869591.135200000368059, 2063768.544600000604987, 0.0 ], [ 4869596.848799999803305, 2063736.043500000610948, 0.0 ], [ 4869601.90610000025481, 2063709.069199999794364, 0.0 ], [ 4869603.343299999833107, 2063706.303899999707937, 0.0 ], [ 4869602.451999999582767, 2063703.763499999418855, 0.0 ], [ 4869606.072800000198185, 2063679.996600000187755, 0.0 ], [ 4869607.069500000216067, 2063679.1108, 0.0 ], [ 4869635.134100000374019, 2063683.043500000610948, 0.0 ], [ 4869634.817699999548495, 2063692.990399999544024, 0.0 ], [ 4869634.957499999552965, 2063710.672800000756979, 0.0 ], [ 4869632.4178, 2063717.418500000610948, 0.0 ], [ 4869632.861399999819696, 2063717.417700000107288, 0.0 ], [ 4869657.5839, 2063712.183000000193715, 0.0 ], [ 4869657.1403, 2063712.183700000867248, 0.0 ], [ 4869658.577200000174344, 2063709.1974, 0.0 ], [ 4869650.425499999895692, 2063675.061300000175834, 0.0 ], [ 4869650.533300000242889, 2063673.182299999520183, 0.0 ], [ 4869682.373599999584258, 2063680.203199999406934, 0.0 ], [ 4869682.261800000444055, 2063679.650800000876188, 0.0 ], [ 4869678.570899999700487, 2063660.64809999987483, 0.0 ], [ 4869676.335400000214577, 2063649.931600000709295, 0.0 ], [ 4869659.824500000104308, 2063522.643899999558926, 0.0 ], [ 4869656.576299999840558, 2063503.087799999862909, 0.0 ], [ 4869643.443, 2063406.628599999472499, 0.0 ], [ 4869642.8805, 2063401.766799999400973, 0.0 ], [ 4869626.3991, 2063292.493200000375509, 0.0 ], [ 4869625.269500000402331, 2063279.896199999377131, 0.0 ], [ 4869650.237800000235438, 2063289.249199999496341, 0.0 ], [ 4869683.640100000426173, 2063301.903999999165535, 0.0 ], [ 4869757.530899999663234, 2062912.876499999314547, 0.0 ], [ 4869707.912100000306964, 2062749.393500000238419, 0.0 ], [ 4869691.32079999987036, 2062708.5296, 0.0 ], [ 4869666.402300000190735, 2062593.964999999850988, 0.0 ], [ 4869617.982800000347197, 2062282.167099999263883, 0.0 ], [ 4869591.579800000414252, 2062277.347500000149012, 0.0 ], [ 4869551.0663, 2062256.747199999168515, 0.0 ], [ 4869525.311599999666214, 2062241.427500000223517, 0.0 ], [ 4869486.24349999986589, 2062223.145600000396371, 0.0 ], [ 4869461.397300000302494, 2062220.865399999544024, 0.0 ], [ 4869463.475599999539554, 2062203.179400000721216, 0.0 ], [ 4869432.185200000181794, 2062125.869100000709295, 0.0 ], [ 4869354.190600000321865, 2062175.949999999254942, 0.0 ], [ 4869309.643500000238419, 2062198.1261, 0.0 ], [ 4869250.929999999701977, 2062170.482599999755621, 0.0 ], [ 4869239.798899999819696, 2062145.634700000286102, 0.0 ], [ 4869217.405399999581277, 2062151.197100000455976, 0.0 ], [ 4869195.145399999804795, 2062170.573999999091029, 0.0 ], [ 4869183.998599999584258, 2062203.857699999585748, 0.0 ], [ 4869170.212899999693036, 2062251.070699999108911, 0.0 ], [ 4869156.298100000247359, 2062287.121899999678135, 0.0 ], [ 4869142.30599999986589, 2062275.982699999585748, 0.0 ], [ 4869122.777900000102818, 2062270.488800000399351, 0.0 ], [ 4869114.294700000435114, 2062237.237299999222159, 0.0 ], [ 4869103.149799999780953, 2062203.9901, 0.0 ], [ 4869077.942900000140071, 2062184.691099999472499, 0.0 ], [ 4869055.6376, 2062176.43889999948442, 0.0 ], [ 4869030.5915, 2062187.531600000336766, 0.0 ], [ 4869019.421900000423193, 2062206.8903, 0.0 ], [ 4869005.502600000239909, 2062240.178600000217557, 0.0 ], [ 4868991.68059999961406, 2062265.177999999374151, 0.0 ], [ 4868977.738699999637902, 2062284.651799999177456, 0.0 ], [ 4868947.004499999806285, 2062276.302899999544024, 0.0 ], [ 4868924.6721, 2062251.473400000482798, 0.0 ], [ 4868907.88910000026226, 2062229.287100000306964, 0.0 ], [ 4868891.115399999544024, 2062212.737199999392033, 0.0 ], [ 4868852.068, 2062207.164899999275804, 0.0 ], [ 4868804.605899999849498, 2062210.11629999987781, 0.0 ], [ 4868737.6107, 2062204.589999999850988, 0.0 ], [ 4868653.841900000348687, 2062182.624399999156594, 0.0 ], [ 4868603.676699999719858, 2062160.493100000545382, 0.0 ], [ 4868556.17339999973774, 2062138.4679000005126, 0.0 ], [ 4868531.0482, 2062168.901399999856949, 0.0 ], [ 4868511.593000000342727, 2062207.724700000137091, 0.0 ], [ 4868503.298100000247359, 2062221.663499999791384, 0.0 ], [ 4868472.605000000447035, 2062238.291500000283122, 0.0 ], [ 4868458.61739999987185, 2062230.025800000876188, 0.0 ], [ 4868427.989699999801815, 2062219.024599999189377, 0.0 ], [ 4868388.8361, 2062216.326199999079108, 0.0 ], [ 4868363.7626, 2062210.841700000688434, 0.0 ], [ 4868316.286399999633431, 2062205.283600000664592, 0.0 ], [ 4868285.644999999552965, 2062185.993699999526143, 0.0 ], [ 4868266.0938, 2062166.574999999254942, 0.0 ], [ 4868254.8651, 2062150.016000000759959, 0.0 ], [ 4868218.599499999545515, 2062150.075799999758601, 0.0 ], [ 4868168.451299999840558, 2062205.527499999850988, 0.0 ], [ 4868154.514000000432134, 2062227.764399999752641, 0.0 ], [ 4868107.112200000323355, 2062200.102900000289083, 0.0 ], [ 4868090.32909999974072, 2062178.027300000190735, 0.0 ], [ 4868073.554999999701977, 2062161.366900000721216, 0.0 ], [ 4868037.275700000114739, 2062153.1381, 0.0 ], [ 4868012.077600000426173, 2062139.3651, 0.0 ], [ 4867981.338600000366569, 2062128.253699999302626, 0.0 ], [ 4867950.710799999535084, 2062117.252699999138713, 0.0 ], [ 4867917.2818, 2062156.09940000064671, 0.0 ], [ 4867903.316999999806285, 2062161.648299999535084, 0.0 ], [ 4867881.025299999862909, 2062161.685200000181794, 0.0 ], [ 4867825.231300000101328, 2062156.251599999144673, 0.0 ], [ 4867783.318599999882281, 2062161.846799999475479, 0.0 ], [ 4867763.836199999786913, 2062184.093000000342727, 0.0 ], [ 4867730.4441, 2062245.153599999845028, 0.0 ], [ 4867738.932500000111759, 2062281.168099999427795, 0.0 ], [ 4867758.4699, 2062292.187400000169873, 0.0 ], [ 4867783.621399999596179, 2062344.751800000667572, 0.0 ], [ 4867783.639899999834597, 2062355.914000000804663, 0.0 ], [ 4867747.4063, 2062375.314500000327826, 0.0 ], [ 4867752.997399999760091, 2062403.045, 0.0 ], [ 4867769.8311, 2062455.623199999332428, 0.0 ], [ 4867800.611100000329316, 2062491.600700000301003, 0.0 ], [ 4867817.458599999547005, 2062552.578099999576807, 0.0 ], [ 4867848.26630000025034, 2062605.243699999526143, 0.0 ], [ 4867876.1902, 2062657.80350000038743, 0.0 ], [ 4867895.861499999649823, 2062682.7478, 0.0 ], [ 4867912.556599999777973, 2062718.74860000051558, 0.0 ], [ 4867923.785299999639392, 2062735.307600000873208, 0.0 ], [ 4867923.854100000113249, 2062776.8618, 0.0 ], [ 4867909.949300000444055, 2062818.549699999392033, 0.0 ], [ 4867862.6119, 2062829.6798, 0.0 ], [ 4867848.6426, 2062832.465900000184774, 0.0 ], [ 4867840.250799999572337, 2062854.69370000064373, 0.0 ], [ 4867859.861499999649823, 2062910.030099999159575, 0.0 ], [ 4867865.586400000378489, 2062951.574999999254942, 0.0 ], [ 4867854.454199999570847, 2062993.258300000801682, 0.0 ], [ 4867801.497499999590218, 2063026.501199999824166, 0.0 ], [ 4867868.588600000366569, 2063090.158299999311566, 0.0 ], [ 4867893.689500000327826, 2063112.330600000917912, 0.0 ], [ 4867902.264999999664724, 2063200.950899999588728, 0.0 ], [ 4867935.7807, 2063214.820499999448657, 0.0 ], [ 4867994.4062, 2063256.277699999511242, 0.0 ], [ 4867984.153599999845028, 2063293.317900000140071, 0.0 ], [ 4867977.9496, 2063297.306800000369549, 0.0 ], [ 4867934.967199999839067, 2063326.222899999469519, 0.0 ], [ 4867814.279299999587238, 2063377.7028, 0.0 ], [ 4867740.290199999697506, 2063434.410299999639392, 0.0 ], [ 4867696.528300000354648, 2063461.338600000366569, 0.0 ], [ 4867586.367200000211596, 2063507.275699999183416, 0.0 ], [ 4867535.255699999630451, 2063516.091499999165535, 0.0 ], [ 4867480.022900000214577, 2063514.1941, 0.0 ], [ 4867417.476099999621511, 2063515.624299999326468, 0.0 ], [ 4867364.896800000220537, 2063508.8597999997437, 0.0 ], [ 4867294.094700000248849, 2063481.2379, 0.0 ], [ 4866832.404400000348687, 2063480.682099999859929, 0.0 ], [ 4866618.602, 2063491.981000000610948, 0.0 ], [ 4866524.134600000455976, 2063571.380200000479817, 0.0 ], [ 4866487.878600000403821, 2063576.966900000348687, 0.0 ], [ 4866474.448800000362098, 2063570.689899999648333, 0.0 ], [ 4866457.883899999782443, 2063546.624900000169873, 0.0 ], [ 4866435.7977, 2063536.825799999758601, 0.0 ], [ 4866412.613800000399351, 2063533.770199999213219, 0.0 ], [ 4866391.871600000187755, 2063531.815700000151992, 0.0 ], [ 4866363.346599999815226, 2063518.159399999305606, 0.0 ], [ 4866326.82799999974668, 2063499.432700000703335, 0.0 ], [ 4866305.17949999962002, 2063486.096400000154972, 0.0 ], [ 4866294.077499999664724, 2063479.1524, 0.0 ], [ 4866261.105700000189245, 2063459.20409999974072, 0.0 ], [ 4866221.207299999892712, 2063409.096100000664592, 0.0 ], [ 4866172.741600000299513, 2063342.535399999469519, 0.0 ], [ 4866159.282200000248849, 2063318.686200000345707, 0.0 ], [ 4866136.451399999670684, 2063261.808000000193715, 0.0 ], [ 4866131.531000000424683, 2063237.612999999895692, 0.0 ], [ 4866114.9665, 2063213.879499999806285, 0.0 ], [ 4866103.183400000445545, 2063197.653200000524521, 0.0 ], [ 4866066.5225, 2063160.359899999573827, 0.0 ], [ 4866031.534400000236928, 2063128.589600000530481, 0.0 ], [ 4866020.426, 2063117.8881, 0.0 ], [ 4866011.2851, 2063090.052999999374151, 0.0 ], [ 4865991.491100000217557, 2063058.478199999779463, 0.0 ], [ 4865965.137400000356138, 2063017.18889999948442, 0.0 ], [ 4865936.8936, 2062973.029400000348687, 0.0 ], [ 4865934.559000000357628, 2062969.717700000852346, 0.0 ], [ 4865910.088000000454485, 2062926.878100000321865, 0.0 ], [ 4865888.516900000162423, 2062893.75899999961257, 0.0 ], [ 4865875.857699999585748, 2062884.165300000458956, 0.0 ], [ 4865856.42960000038147, 2062872.372600000351667, 0.0 ], [ 4865841.7856, 2062869.63429999910295, 0.0 ], [ 4865820.063900000415742, 2062878.843800000846386, 0.0 ], [ 4865819.957999999634922, 2062749.9803, 0.0 ], [ 4865885.76549999974668, 2062642.446599999442697, 0.0 ], [ 4865977.912100000306964, 2062501.381799999624491, 0.0 ], [ 4865877.095300000160933, 2062300.740599999204278, 0.0 ], [ 4865763.277800000272691, 2062283.580600000917912, 0.0 ], [ 4865647.856499999761581, 2062104.2939, 0.0 ], [ 4865681.1398, 2061979.242499999701977, 0.0 ], [ 4865794.8191, 2061913.846000000834465, 0.0 ], [ 4865773.864299999549985, 2061785.5702, 0.0 ], [ 4865811.346, 2061782.854900000616908, 0.0 ], [ 4865837.855499999597669, 2061652.510099999606609, 0.0 ], [ 4865762.8207, 2061615.39159999974072, 0.0 ], [ 4865635.224499999545515, 2061319.086899999529123, 0.0 ], [ 4865500.6502, 2061358.546800000593066, 0.0 ], [ 4864988.866499999538064, 2061454.233300000429153, 0.0 ], [ 4864325.493300000205636, 2061757.622899999842048, 0.0 ], [ 4864308.517, 2061753.120500000193715, 0.0 ], [ 4864287.771200000308454, 2061749.39809999987483, 0.0 ], [ 4864268.9145, 2061747.88289999961853, 0.0 ], [ 4864235.194500000216067, 2061745.287699999287724, 0.0 ], [ 4864197.700299999676645, 2061740.709599999710917, 0.0 ], [ 4864177.145999999716878, 2061719.193499999120831, 0.0 ], [ 4864187.3032, 2061691.988700000569224, 0.0 ], [ 4864194.605600000359118, 2061681.698100000619888, 0.0 ], [ 4864211.550599999725819, 2061667.744000000879169, 0.0 ], [ 4864226.82880000025034, 2061651.914000000804663, 0.0 ], [ 4864233.470300000160933, 2061644.277000000700355, 0.0 ], [ 4864236.677500000223517, 2061638.966600000858307, 0.0 ], [ 4864253.712500000372529, 2061612.634400000795722, 0.0 ], [ 4864267.989, 2061594.706199999898672, 0.0 ], [ 4864283.484199999831617, 2061576.002299999818206, 0.0 ], [ 4864302.308799999766052, 2061558.619000000879169, 0.0 ], [ 4864323.1278, 2061540.01659999974072, 0.0 ], [ 4864334.639899999834597, 2061526.956000000238419, 0.0 ], [ 4864340.49129999987781, 2061511.252499999478459, 0.0 ], [ 4864342.4715, 2061501.7445, 0.0 ], [ 4864353.074099999852479, 2061475.533800000324845, 0.0 ], [ 4864364.117700000293553, 2061447.775000000372529, 0.0 ], [ 4864375.074099999852479, 2061433.941600000485778, 0.0 ], [ 4864388.12430000025779, 2061412.25789999961853, 0.0 ], [ 4864400.9545, 2061391.569299999624491, 0.0 ], [ 4864403.8097, 2061374.876199999824166, 0.0 ], [ 4864406.226099999621511, 2061360.94679999910295, 0.0 ], [ 4864406.431800000369549, 2061351.4419, 0.0 ], [ 4864433.590300000272691, 2061343.328099999576807, 0.0 ], [ 4864461.64850000012666, 2061342.61739999987185, 0.0 ], [ 4864494.253399999812245, 2061341.567500000819564, 0.0 ], [ 4864510.321399999782443, 2061333.583000000566244, 0.0 ], [ 4864517.731599999591708, 2061321.413499999791384, 0.0 ], [ 4864513.599399999715388, 2061304.511199999600649, 0.0 ], [ 4864496.606700000353158, 2061290.393699999898672, 0.0 ], [ 4864473.404699999839067, 2061277.170800000429153, 0.0 ], [ 4864426.019600000232458, 2061260.783900000154972, 0.0 ], [ 4864388.306400000117719, 2061257.974300000816584, 0.0 ], [ 4864341.835400000214577, 2061257.38990000076592, 0.0 ], [ 4864309.548700000159442, 2061249.929500000551343, 0.0 ], [ 4864308.193300000391901, 2061235.4539, 0.0 ], [ 4864313.4677, 2061206.489199999719858, 0.0 ], [ 4864315.210900000296533, 2061188.029699999839067, 0.0 ], [ 4864309.648199999704957, 2061177.760900000110269, 0.0 ], [ 4864286.576000000350177, 2061175.700200000777841, 0.0 ], [ 4864261.2835, 2061172.427500000223517, 0.0 ], [ 4864247.41509999986738, 2061169.4671, 0.0 ], [ 4864243.503200000151992, 2061151.680299999192357, 0.0 ], [ 4864258.431599999777973, 2061125.683199999853969, 0.0 ], [ 4864270.604600000195205, 2061109.85840000025928, 0.0 ], [ 4864276.009800000116229, 2061092.60840000025928, 0.0 ], [ 4864270.990799999795854, 2061076.039200000464916, 0.0 ], [ 4864260.760800000280142, 2061060.362999999895692, 0.0 ], [ 4864244.755099999718368, 2061039.723200000822544, 0.0 ], [ 4864233.643199999816716, 2061027.253499999642372, 0.0 ], [ 4864229.614900000393391, 2061006.261900000274181, 0.0 ], [ 4864231.888899999670684, 2060973.765699999406934, 0.0 ], [ 4864234.275600000284612, 2060942.374399999156594, 0.0 ], [ 4864226.270399999804795, 2060930.673100000247359, 0.0 ], [ 4864204.111499999649823, 2060943.972899999469519, 0.0 ], [ 4864151.287999999709427, 2060990.811699999496341, 0.0 ], [ 4864131.022099999710917, 2061008.639499999582767, 0.0 ], [ 4864114.3767, 2061003.141799999400973, 0.0 ], [ 4864105.812, 2060988.568, 0.0 ], [ 4864102.005199999548495, 2060967.354900000616908, 0.0 ], [ 4864102.945600000210106, 2060933.313699999824166, 0.0 ], [ 4864118.2676, 2060877.807499999180436, 0.0 ], [ 4864110.3744, 2060866.769099999219179, 0.0 ], [ 4864102.707299999892712, 2060858.272199999541044, 0.0 ], [ 4864090.607300000265241, 2060851.772199999541044, 0.0 ], [ 4864068.438799999654293, 2060859.435599999502301, 0.0 ], [ 4864051.706899999640882, 2060868.415899999439716, 0.0 ], [ 4864043.067599999718368, 2060875.1722, 0.0 ], [ 4864034.418100000359118, 2060875.9605, 0.0 ], [ 4864023.536399999633431, 2060868.4638, 0.0 ], [ 4864016.632399999536574, 2060852.11879999935627, 0.0 ], [ 4864006.297899999655783, 2060840.310900000855327, 0.0 ], [ 4863985.775500000454485, 2060837.693299999460578, 0.0 ], [ 4863947.6612, 2060860.082699999213219, 0.0 ], [ 4863915.966300000436604, 2060874.614499999210238, 0.0 ], [ 4863820.690899999812245, 2060871.350400000810623, 0.0 ], [ 4863795.914300000295043, 2060910.626499999314547, 0.0 ], [ 4863759.914300000295043, 2060937.101700000464916, 0.0 ], [ 4863733.355899999849498, 2060972.070699999108911, 0.0 ], [ 4863714.460400000214577, 2061012.994599999859929, 0.0 ], [ 4863720.634399999864399, 2061056.528400000184774, 0.0 ], [ 4863701.685200000181794, 2061065.954700000584126, 0.0 ], [ 4863595.1349, 2060954.512599999085069, 0.0 ], [ 4863022.66440000012517, 2061429.393899999558926, 0.0 ], [ 4862947.4775, 2061434.275000000372529, 0.0 ], [ 4862497.053899999707937, 2060901.462899999693036, 0.0 ], [ 4862491.7472, 2060911.308199999853969, 0.0 ], [ 4862486.3213, 2060916.290899999439716, 0.0 ], [ 4862485.3246, 2060917.176799999549985, 0.0 ], [ 4862478.681099999696016, 2060923.598300000652671, 0.0 ], [ 4862460.845599999651313, 2060935.6754, 0.0 ], [ 4862455.749699999578297, 2060939.110300000756979, 0.0 ], [ 4862449.541600000113249, 2060940.668199999257922, 0.0 ], [ 4862442.782200000248849, 2060944.216399999335408, 0.0 ], [ 4862437.244400000199676, 2060948.64670000039041, 0.0 ], [ 4862425.17200000025332, 2060958.282600000500679, 0.0 ], [ 4862405.6782, 2060973.4572, 0.0 ], [ 4862341.865500000305474, 2061014.45890000090003, 0.0 ], [ 4862250.366399999707937, 2061079.048800000920892, 0.0 ], [ 4862188.55559999961406, 2061123.141699999570847, 0.0 ], [ 4862173.9348, 2061134.218800000846386, 0.0 ], [ 4862157.33420000039041, 2061154.91440000012517, 0.0 ], [ 4862144.39130000025034, 2061174.277599999681115, 0.0 ], [ 4862141.637400000356138, 2061185.2237, 0.0 ], [ 4862133.88300000037998, 2061190.541899999603629, 0.0 ], [ 4862123.9145, 2061198.184900000691414, 0.0 ], [ 4862113.835, 2061205.828099999576807, 0.0 ], [ 4862094.673899999819696, 2061220.891699999570847, 0.0 ], [ 4862062.111600000411272, 2061246.809299999848008, 0.0 ], [ 4862046.38150000013411, 2061257.777799999341369, 0.0 ], [ 4862017.773400000296533, 2061261.363700000569224, 0.0 ], [ 4861990.028800000436604, 2061315.455399999395013, 0.0 ], [ 4861953.9847, 2061380.281700000166893, 0.0 ], [ 4862018.018500000238419, 2061403.490800000727177, 0.0 ], [ 4862055.9983, 2061432.049699999392033, 0.0 ], [ 4862087.481300000101328, 2061487.807499999180436, 0.0 ], [ 4862091.1689, 2061503.826400000602007, 0.0 ], [ 4862091.847099999897182, 2061511.230000000447035, 0.0 ], [ 4862088.977400000207126, 2061519.302899999544024, 0.0 ], [ 4862085.4463, 2061529.697799999266863, 0.0 ], [ 4862084.235999999567866, 2061535.336300000548363, 0.0 ], [ 4862084.470599999651313, 2061542.74070000089705, 0.0 ], [ 4862082.481700000353158, 2061547.054400000721216, 0.0 ], [ 4862080.601300000213087, 2061549.931099999696016, 0.0 ], [ 4862073.50829999987036, 2061552.927300000563264, 0.0 ], [ 4862069.18790000025183, 2061555.808299999684095, 0.0 ], [ 4862065.867600000463426, 2061559.792700000107288, 0.0 ], [ 4862063.323699999600649, 2061563.886299999430776, 0.0 ], [ 4862061.0038, 2061569.1952, 0.0 ], [ 4862059.678899999707937, 2061572.62360000051558, 0.0 ], [ 4862058.798499999567866, 2061576.603800000622869, 0.0 ], [ 4862054.479600000195205, 2061580.368899999186397, 0.0 ], [ 4862052.820299999788404, 2061582.913699999451637, 0.0 ], [ 4862050.4978, 2061586.675300000235438, 0.0 ], [ 4862049.2856, 2061591.208699999377131, 0.0 ], [ 4862047.516800000332296, 2061594.527300000190735, 0.0 ], [ 4862044.975499999709427, 2061600.057700000703335, 0.0 ], [ 4862044.979299999773502, 2061602.26799999922514, 0.0 ], [ 4862041.988199999555945, 2061604.262499999254942, 0.0 ], [ 4862039.994400000199676, 2061605.7027000002563, 0.0 ], [ 4862033.359199999831617, 2061616.876599999144673, 0.0 ], [ 4862032.032700000330806, 2061619.420800000429153, 0.0 ], [ 4862031.048999999649823, 2061627.822000000625849, 0.0 ], [ 4862027.28940000012517, 2061634.349099999293685, 0.0 ], [ 4862026.3037, 2061641.534499999135733, 0.0 ], [ 4862027.421500000171363, 2061646.616499999538064, 0.0 ], [ 4862030.08629999961704, 2061648.380200000479817, 0.0 ], [ 4862030.866100000217557, 2061650.368200000375509, 0.0 ], [ 4862029.320299999788404, 2061654.349500000476837, 0.0 ], [ 4862026.888500000350177, 2061659.106000000610948, 0.0 ], [ 4862023.567800000309944, 2061662.869400000199676, 0.0 ], [ 4862019.136099999770522, 2061665.529500000178814, 0.0 ], [ 4862015.925900000147521, 2061669.071699999272823, 0.0 ], [ 4862014.159400000236928, 2061673.716499999165535, 0.0 ], [ 4862011.61600000038743, 2061678.031199999153614, 0.0 ], [ 4862009.846400000154972, 2061680.907700000330806, 0.0 ], [ 4862006.856700000353158, 2061683.675899999216199, 0.0 ], [ 4862004.9726, 2061684.4527000002563, 0.0 ], [ 4862002.31290000025183, 2061685.673000000417233, 0.0 ], [ 4862000.318699999712408, 2061686.892200000584126, 0.0 ], [ 4861997.441599999554455, 2061690.654799999669194, 0.0 ], [ 4861994.119099999777973, 2061693.423499999567866, 0.0 ], [ 4861990.579699999652803, 2061698.955600000917912, 0.0 ], [ 4861988.923700000159442, 2061703.379200000315905, 0.0 ], [ 4861988.930200000293553, 2061707.136800000444055, 0.0 ], [ 4861989.15749999973923, 2061710.341499999165535, 0.0 ], [ 4861988.16579999960959, 2061714.1009, 0.0 ], [ 4861981.4161, 2061723.175100000575185, 0.0 ], [ 4861978.871000000275671, 2061726.494999999180436, 0.0 ], [ 4861976.2165, 2061730.699300000444055, 0.0 ], [ 4861974.668600000441074, 2061733.464999999850988, 0.0 ], [ 4861972.457299999892712, 2061737.447499999776483, 0.0 ], [ 4861967.374099999666214, 2061748.176599999889731, 0.0 ], [ 4861963.495799999684095, 2061750.172700000926852, 0.0 ], [ 4861959.1837, 2061757.916400000452995, 0.0 ], [ 4861957.747899999842048, 2061761.345000000670552, 0.0 ], [ 4861954.2078, 2061766.545499999076128, 0.0 ], [ 4861951.110399999655783, 2061771.192700000479817, 0.0 ], [ 4861949.4539, 2061775.284700000658631, 0.0 ], [ 4861946.6892, 2061779.93129999935627, 0.0 ], [ 4861944.253700000233948, 2061782.47749999910593, 0.0 ], [ 4861941.9315, 2061786.460200000554323, 0.0 ], [ 4861938.276700000278652, 2061789.450500000268221, 0.0 ], [ 4861936.283099999651313, 2061791.001199999824166, 0.0 ], [ 4861933.2972, 2061795.979699999094009, 0.0 ], [ 4861932.195299999788404, 2061800.181399999186397, 0.0 ], [ 4861931.204400000162423, 2061804.382799999788404, 0.0 ], [ 4861930.766900000162423, 2061807.920199999585748, 0.0 ], [ 4861928.001899999566376, 2061812.34569999948144, 0.0 ], [ 4861925.019399999640882, 2061819.313500000163913, 0.0 ], [ 4861922.8103, 2061824.511800000444055, 0.0 ], [ 4861920.826500000432134, 2061831.809399999678135, 0.0 ], [ 4861919.276700000278652, 2061833.469900000840425, 0.0 ], [ 4861913.0718, 2061836.906700000166893, 0.0 ], [ 4861911.080299999564886, 2061839.673100000247359, 0.0 ], [ 4861910.5318, 2061843.210699999704957, 0.0 ], [ 4861908.7642, 2061847.192399999126792, 0.0 ], [ 4861907.5472999997437, 2061848.962899999693036, 0.0 ], [ 4861906.775100000202656, 2061851.395600000396371, 0.0 ], [ 4861904.903900000266731, 2061859.577299999073148, 0.0 ], [ 4861906.126899999566376, 2061861.343399999663234, 0.0 ], [ 4861906.020399999804795, 2061863.885600000619888, 0.0 ], [ 4861903.919099999591708, 2061867.315300000831485, 0.0 ], [ 4861898.295800000429153, 2061886.44480000063777, 0.0 ], [ 4861897.635200000368059, 2061889.20890000090003, 0.0 ], [ 4861895.4249, 2061893.744000000879169, 0.0 ], [ 4861895.122899999842048, 2061911.538100000470877, 0.0 ], [ 4861893.4748, 2061920.493000000715256, 0.0 ], [ 4861892.71100000012666, 2061927.788599999621511, 0.0 ], [ 4861890.637199999764562, 2061947.132999999448657, 0.0 ], [ 4861890.648299999535084, 2061953.543099999427795, 0.0 ], [ 4861890.215400000102818, 2061959.732899999246001, 0.0 ], [ 4861890.000799999572337, 2061963.933000000193715, 0.0 ], [ 4861890.233099999837577, 2061970.011199999600649, 0.0 ], [ 4861890.682099999859929, 2061973.105000000447035, 0.0 ], [ 4861892.279699999839067, 2061999.074200000613928, 0.0 ], [ 4861892.286600000225008, 2062003.052899999544024, 0.0 ], [ 4861893.2971, 2062010.234899999573827, 0.0 ], [ 4861894.082899999804795, 2062015.648900000378489, 0.0 ], [ 4861893.869800000451505, 2062020.733200000599027, 0.0 ], [ 4861893.8788, 2062025.9276, 0.0 ], [ 4861895.107200000435114, 2062030.78830000013113, 0.0 ], [ 4861895.115399999544024, 2062035.5406, 0.0 ], [ 4861895.355399999767542, 2062046.0395, 0.0 ], [ 4861895.471400000154972, 2062049.023299999535084, 0.0 ], [ 4861895.37540000025183, 2062057.643999999389052, 0.0 ], [ 4861894.938699999824166, 2062061.623400000855327, 0.0 ], [ 4861894.949900000356138, 2062068.143999999389052, 0.0 ], [ 4861892.960099999792874, 2062071.905099999159575, 0.0 ], [ 4861890.971099999733269, 2062076.108300000429153, 0.0 ], [ 4861885.997100000269711, 2062085.842599999159575, 0.0 ], [ 4861884.4528, 2062090.708100000396371, 0.0 ], [ 4861881.026700000278652, 2062097.676699999719858, 0.0 ], [ 4861877.043499999679625, 2062103.098999999463558, 0.0 ], [ 4861874.058500000275671, 2062108.630100000649691, 0.0 ], [ 4861867.4244, 2062120.356599999591708, 0.0 ], [ 4861864.768799999728799, 2062123.89780000038445, 0.0 ], [ 4861862.002000000327826, 2062127.328700000420213, 0.0 ], [ 4861857.683500000275671, 2062131.314899999648333, 0.0 ], [ 4861854.251000000163913, 2062134.525900000706315, 0.0 ], [ 4861851.038499999791384, 2062136.741800000891089, 0.0 ], [ 4861848.4907, 2062138.514499999582767, 0.0 ], [ 4861845.277499999850988, 2062140.2884, 0.0 ], [ 4861839.7369, 2062143.060900000855327, 0.0 ], [ 4861835.970700000412762, 2062145.719900000840425, 0.0 ], [ 4861827.3278, 2062150.266100000590086, 0.0 ], [ 4861816.688400000333786, 2062154.705299999564886, 0.0 ], [ 4861807.045099999755621, 2062157.92710000090301, 0.0 ], [ 4861798.399799999780953, 2062161.036499999463558, 0.0 ], [ 4861786.431599999777973, 2062166.69370000064373, 0.0 ], [ 4861767.36739999987185, 2062173.468399999663234, 0.0 ], [ 4861758.609199999831617, 2062175.472899999469519, 0.0 ], [ 4861750.184500000439584, 2062177.9189, 0.0 ], [ 4861690.5428, 2062193.052799999713898, 0.0 ], [ 4861683.340800000354648, 2062197.0439, 0.0 ], [ 4861672.2599, 2062202.6996, 0.0 ], [ 4861663.3942, 2062206.693600000813603, 0.0 ], [ 4861627.483900000341237, 2062220.239199999719858, 0.0 ], [ 4861616.068900000303984, 2062225.121799999848008, 0.0 ], [ 4861602.213100000284612, 2062229.4561, 0.0 ], [ 4861578.394999999552965, 2062244.970000000670552, 0.0 ], [ 4861554.033699999563396, 2062267.005599999800324, 0.0 ], [ 4861544.948900000192225, 2062272.5472999997437, 0.0 ], [ 4861534.979799999855459, 2062279.748400000855327, 0.0 ], [ 4861529.786399999633431, 2062290.809299999848008, 0.0 ], [ 4861520.261599999852479, 2062298.45160000026226, 0.0 ], [ 4861505.9781, 2062311.959799999371171, 0.0 ], [ 4861479.72719999961555, 2062331.567199999466538, 0.0 ], [ 4861471.754999999888241, 2062339.096300000324845, 0.0 ], [ 4861461.785299999639392, 2062345.965800000354648, 0.0 ], [ 4861454.2538, 2062351.836400000378489, 0.0 ], [ 4861444.400399999693036, 2062361.800300000235438, 0.0 ], [ 4861432.767699999734759, 2062369.004200000315905, 0.0 ], [ 4861427.232699999585748, 2062374.981799999251962, 0.0 ], [ 4861420.480700000189245, 2062382.619400000199676, 0.0 ], [ 4861412.948099999688566, 2062387.826899999752641, 0.0 ], [ 4861408.958700000308454, 2062389.712600000202656, 0.0 ], [ 4861401.756699999794364, 2062393.70380000025034, 0.0 ], [ 4861395.1107, 2062398.578199999406934, 0.0 ], [ 4861387.02419999986887, 2062404.118200000375509, 0.0 ], [ 4861378.384600000455976, 2062410.543299999088049, 0.0 ], [ 4861369.634700000286102, 2062417.300200000405312, 0.0 ], [ 4861365.205400000326335, 2062421.286599999293685, 0.0 ], [ 4861355.6826, 2062430.034199999645352, 0.0 ], [ 4861352.032999999821186, 2062436.008600000292063, 0.0 ], [ 4861345.721199999563396, 2062441.655999999493361, 0.0 ], [ 4861329.768500000238419, 2062451.96199999935925, 0.0 ], [ 4861322.2303, 2062453.964400000870228, 0.0 ], [ 4861315.919800000265241, 2062460.385500000789762, 0.0 ], [ 4861310.391200000420213, 2062470.010299999266863, 0.0 ], [ 4861301.194799999706447, 2062475.110200000926852, 0.0 ], [ 4861292.8914, 2062483.5241, 0.0 ], [ 4861289.239, 2062487.840700000524521, 0.0 ], [ 4861282.93680000025779, 2062499.01410000026226, 0.0 ], [ 4861277.4074, 2062508.19679999910295, 0.0 ], [ 4861271.4282, 2062513.843699999153614, 0.0 ], [ 4861267.113800000399351, 2062520.150800000876188, 0.0 ], [ 4861259.9249, 2062531.657299999147654, 0.0 ], [ 4861254.714599999599159, 2062532.992599999532104, 0.0 ], [ 4861251.173899999819696, 2062537.7511, 0.0 ], [ 4861248.4101, 2062542.839800000190735, 0.0 ], [ 4861247.971300000324845, 2062545.603499999269843, 0.0 ], [ 4861247.97759999986738, 2062549.250700000673532, 0.0 ], [ 4861250.0071, 2062568.367000000551343, 0.0 ], [ 4861244.364799999631941, 2062576.33420000039041, 0.0 ], [ 4861242.384399999864399, 2062585.510700000450015, 0.0 ], [ 4861243.72829999960959, 2062593.023700000718236, 0.0 ], [ 4861244.398, 2062595.454, 0.0 ], [ 4861246.405299999751151, 2062601.750099999830127, 0.0 ], [ 4861244.419499999843538, 2062607.832100000232458, 0.0 ], [ 4861244.429100000299513, 2062613.3581000007689, 0.0 ], [ 4861244.440899999812245, 2062620.099700000137091, 0.0 ], [ 4861244.444899999536574, 2062622.4206000007689, 0.0 ], [ 4861246.4704, 2062639.216, 0.0 ], [ 4861252.9293, 2062654.346000000834465, 0.0 ], [ 4861253.379099999554455, 2062657.881799999624491, 0.0 ], [ 4861258.9342, 2062663.508600000292063, 0.0 ], [ 4861264.826000000350177, 2062671.455800000578165, 0.0 ], [ 4861272.383600000292063, 2062680.615800000727177, 0.0 ], [ 4861276.829400000162423, 2062686.13399999961257, 0.0 ], [ 4861280.048600000329316, 2062687.7862, 0.0 ], [ 4861288.038599999621511, 2062690.535299999639392, 0.0 ], [ 4861297.579199999570847, 2062692.065999999642372, 0.0 ], [ 4861312.997999999672174, 2062693.697000000625849, 0.0 ], [ 4861322.205199999734759, 2062694.786100000143051, 0.0 ], [ 4861340.948300000280142, 2062694.753599999472499, 0.0 ], [ 4861353.702499999664724, 2062694.7314, 0.0 ], [ 4861369.229299999773502, 2062694.7043999992311, 0.0 ], [ 4861381.982900000177324, 2062694.350700000301003, 0.0 ], [ 4861393.8498, 2062694.3301, 0.0 ], [ 4861411.0389, 2062693.526599999517202, 0.0 ], [ 4861428.561300000175834, 2062693.054099999368191, 0.0 ], [ 4861445.195299999788404, 2062691.92, 0.0 ], [ 4861457.618599999696016, 2062693.003599999472499, 0.0 ], [ 4861468.376500000245869, 2062692.984999999403954, 0.0 ], [ 4861481.1294, 2062692.189200000837445, 0.0 ], [ 4861494.990500000305474, 2062690.949400000274181, 0.0 ], [ 4861506.9699, 2062691.81279999949038, 0.0 ], [ 4861526.49199999962002, 2062693.326199999079108, 0.0 ], [ 4861554.791000000201166, 2062703.665899999439716, 0.0 ], [ 4861557.902499999850988, 2062707.197100000455976, 0.0 ], [ 4861563.9079, 2062716.691299999132752, 0.0 ], [ 4861567.02379999961704, 2062722.764499999582767, 0.0 ], [ 4861576.689899999648333, 2062732.694399999454618, 0.0 ], [ 4861583.461500000208616, 2062736.329800000414252, 0.0 ], [ 4861591.008500000461936, 2062739.411299999803305, 0.0 ], [ 4861600.103500000201166, 2062739.837600000202656, 0.0 ], [ 4861607.328099999576807, 2062748.887599999085069, 0.0 ], [ 4861605.685999999754131, 2062761.2686, 0.0 ], [ 4861605.693699999712408, 2062765.689400000497699, 0.0 ], [ 4861605.704, 2062771.657400000840425, 0.0 ], [ 4861606.153800000436604, 2062775.193199999630451, 0.0 ], [ 4861609.0532, 2062784.361300000920892, 0.0 ], [ 4861620.531700000166893, 2062816.17090000025928, 0.0 ], [ 4861624.5362, 2062823.016200000420213, 0.0 ], [ 4861623.441499999724329, 2062831.307, 0.0 ], [ 4861623.458200000226498, 2062840.9222, 0.0 ], [ 4861625.026600000448525, 2062849.98200000077486, 0.0 ], [ 4861625.840400000102818, 2062871.531899999827147, 0.0 ], [ 4861626.85149999987334, 2062879.045399999246001, 0.0 ], [ 4861626.860000000335276, 2062883.90819999948144, 0.0 ], [ 4861627.8761, 2062894.295299999415874, 0.0 ], [ 4861627.8898, 2062902.142100000753999, 0.0 ], [ 4861629.902700000442564, 2062911.753799999132752, 0.0 ], [ 4861631.478799999691546, 2062925.234400000423193, 0.0 ], [ 4861628.722900000400841, 2062934.854399999603629, 0.0 ], [ 4861630.7412, 2062947.560599999502301, 0.0 ], [ 4861626.428399999625981, 2062954.751800000667572, 0.0 ], [ 4861627.104100000113249, 2062960.718699999153614, 0.0 ], [ 4861625.2209, 2062961.937699999660254, 0.0 ], [ 4861622.790500000119209, 2062967.4679000005126, 0.0 ], [ 4861622.473000000230968, 2062976.199400000274181, 0.0 ], [ 4861621.264899999834597, 2062983.0537, 0.0 ], [ 4861614.072499999776483, 2062992.570900000631809, 0.0 ], [ 4861612.8602, 2062996.993699999526143, 0.0 ], [ 4861525.433600000105798, 2063041.905799999833107, 0.0 ], [ 4861387.4923, 2063056.623500000685453, 0.0 ], [ 4861064.774000000208616, 2063003.141200000420213, 0.0 ], [ 4861033.308600000105798, 2063021.431700000539422, 0.0 ], [ 4860992.0005, 2063055.764799999073148, 0.0 ], [ 4860971.636300000362098, 2063207.322499999776483, 0.0 ], [ 4861033.313500000163913, 2063405.928999999538064, 0.0 ], [ 4861163.122600000351667, 2063561.756100000813603, 0.0 ], [ 4861346.42920000012964, 2063677.924200000241399, 0.0 ], [ 4861397.139700000174344, 2063757.078299999237061, 0.0 ], [ 4861398.06969999987632, 2063845.381699999794364, 0.0 ], [ 4861376.772599999792874, 2063907.088600000366569, 0.0 ], [ 4861310.833599999547005, 2063935.385900000110269, 0.0 ], [ 4861235.808500000275671, 2063968.230399999767542, 0.0 ], [ 4861133.20409999974072, 2064021.679700000211596, 0.0 ], [ 4861426.9583, 2064130.802899999544024, 0.0 ], [ 4861387.192099999636412, 2064222.271600000560284, 0.0 ], [ 4861528.533099999651313, 2064314.198599999770522, 0.0 ], [ 4861837.128600000403821, 2064604.437899999320507, 0.0 ], [ 4861832.841300000436604, 2064817.637000000104308, 0.0 ], [ 4862289.486100000329316, 2064722.460899999365211, 0.0 ], [ 4862300.051099999807775, 2064611.260500000789762, 0.0 ], [ 4862679.824699999764562, 2064635.028200000524521, 0.0 ], [ 4863310.569199999794364, 2064722.355900000780821, 0.0 ], [ 4863220.096400000154972, 2064865.080700000748038, 0.0 ], [ 4863155.357099999673665, 2065203.047900000587106, 0.0 ], [ 4863167.909, 2065278.952600000426173, 0.0 ], [ 4863178.538200000301003, 2065783.34180000051856, 0.0 ], [ 4864105.94469999987632, 2066136.732200000435114, 0.0 ], [ 4864364.312800000421703, 2066119.269799999892712, 0.0 ], [ 4864289.639499999582767, 2066550.640100000426173, 0.0 ], [ 4864222.290900000371039, 2066596.399700000882149, 0.0 ], [ 4864158.570299999788404, 2066946.741800000891089, 0.0 ], [ 4864094.567800000309944, 2067132.522600000724196, 0.0 ], [ 4863932.252299999818206, 2067285.096200000494719, 0.0 ], [ 4863849.821000000461936, 2067458.862700000405312, 0.0 ], [ 4864030.7851, 2067510.273800000548363, 0.0 ], [ 4863933.269600000232458, 2067875.926300000399351, 0.0 ], [ 4864192.153199999593198, 2067903.552400000393391, 0.0 ], [ 4864336.48369999974966, 2067934.028400000184774, 0.0 ], [ 4864569.576899999752641, 2067990.545199999585748, 0.0 ], [ 4865010.195899999700487, 2068133.574799999594688, 0.0 ], [ 4864951.332299999892712, 2068146.937599999830127, 0.0 ], [ 4864895.25789999961853, 2068234.895500000566244, 0.0 ], [ 4864904.970800000242889, 2068402.31389999948442, 0.0 ], [ 4864863.37540000025183, 2068397.080299999564886, 0.0 ], [ 4864785.737999999895692, 2068326.813200000673532, 0.0 ], [ 4864740.159400000236928, 2068326.89130000025034, 0.0 ], [ 4864740.412399999797344, 2068474.432700000703335, 0.0 ], [ 4864709.721300000324845, 2068490.400000000372529, 0.0 ], [ 4864609.180499999783933, 2068450.6754, 0.0 ], [ 4864575.803000000305474, 2068452.169399999082088, 0.0 ], [ 4864543.649799999780953, 2068456.203299999237061, 0.0 ], [ 4864524.958399999886751, 2068485.412200000137091, 0.0 ], [ 4864525.024600000120699, 2068523.982999999076128, 0.0 ], [ 4864587.967000000178814, 2068561.119599999859929, 0.0 ], [ 4864638.8958, 2068576.94679999910295, 0.0 ], [ 4864648.231800000183284, 2068588.97719999961555, 0.0 ], [ 4864637.619800000451505, 2068608.888699999079108, 0.0 ], [ 4864580.169700000435114, 2068670.214500000700355, 0.0 ], [ 4864521.2906, 2068674.294299999251962, 0.0 ], [ 4864442.3893, 2068707.585400000214577, 0.0 ], [ 4864442.4556, 2068746.156199999153614, 0.0 ], [ 4864481.208800000138581, 2068775.376900000497699, 0.0 ], [ 4864617.814799999818206, 2068764.532500000670552, 0.0 ], [ 4864623.263399999588728, 2068837.686200000345707, 0.0 ], [ 4864678.355499999597669, 2068953.19370000064373, 0.0 ], [ 4864657.073699999600649, 2069023.740900000557303, 0.0 ], [ 4864612.783699999563396, 2069063.60359999909997, 0.0 ], [ 4864601.59360000025481, 2069069.70130000077188, 0.0 ], [ 4864591.175900000147521, 2069073.47690000012517, 0.0 ], [ 4864579.5356, 2069075.7072, 0.0 ], [ 4864567.891800000332296, 2069075.837799999862909, 0.0 ], [ 4864557.0274, 2069077.845799999311566, 0.0 ], [ 4864548.044800000265241, 2069077.86119999922812, 0.0 ], [ 4864537.618300000205636, 2069076.552899999544024, 0.0 ], [ 4864527.969600000418723, 2069076.127399999648333, 0.0 ], [ 4864520.095300000160933, 2069075.698899999260902, 0.0 ], [ 4864511.664099999703467, 2069073.94510000012815, 0.0 ], [ 4864500.682400000281632, 2069072.195699999108911, 0.0 ], [ 4864492.919700000435114, 2069072.209000000730157, 0.0 ], [ 4864479.508100000210106, 2069076.210799999535084, 0.0 ], [ 4864467.2029, 2069078.66330000013113, 0.0 ], [ 4864443.3745, 2069086.993200000375509, 0.0 ], [ 4864435.284099999815226, 2069089.880599999800324, 0.0 ], [ 4864411.463100000284612, 2069102.520700000226498, 0.0 ], [ 4864398.833399999886751, 2069109.726099999621511, 0.0 ], [ 4864390.525899999774992, 2069115.376900000497699, 0.0 ], [ 4864376.4551, 2069122.916300000622869, 0.0 ], [ 4864371.254599999636412, 2069129.666899999603629, 0.0 ], [ 4864362.396200000308454, 2069137.418400000780821, 0.0 ], [ 4864355.535899999551475, 2069146.27170000039041, 0.0 ], [ 4864349.233099999837577, 2069156.892300000414252, 0.0 ], [ 4864344.367200000211596, 2069164.747500000521541, 0.0 ], [ 4864339.84499999973923, 2069179.012199999764562, 0.0 ], [ 4864336.313699999824166, 2069189.075400000438094, 0.0 ], [ 4864333.137500000186265, 2069212.179300000891089, 0.0 ], [ 4864333.158599999733269, 2069224.44679999910295, 0.0 ], [ 4864333.963200000114739, 2069240.912599999457598, 0.0 ], [ 4864335.363300000317395, 2069281.138900000602007, 0.0 ], [ 4864338.713399999774992, 2069294.616399999707937, 0.0 ], [ 4864342.733, 2069310.5241, 0.0 ], [ 4864345.63329999987036, 2069320.355200000107288, 0.0 ], [ 4864361.103500000201166, 2069352.7105, 0.0 ], [ 4864378.671299999579787, 2069379.5362, 0.0 ], [ 4864395.7949, 2069406.031099999323487, 0.0 ], [ 4864414.359899999573827, 2069432.41300000064075, 0.0 ], [ 4864428.1552, 2069458.140100000426173, 0.0 ], [ 4864441.504700000397861, 2069482.541600000113249, 0.0 ], [ 4864452.404400000348687, 2069501.0899, 0.0 ], [ 4864463.75040000025183, 2069521.184800000861287, 0.0 ], [ 4864472.761599999852479, 2069537.8575, 0.0 ], [ 4864478.346400000154972, 2069561.056800000369549, 0.0 ], [ 4864483.584099999628961, 2069575.967700000852346, 0.0 ], [ 4864489.714599999599159, 2069594.0822, 0.0 ], [ 4864488.403199999593198, 2069605.357300000265241, 0.0 ], [ 4864490.989400000311434, 2069626.019799999892712, 0.0 ], [ 4864489.109899999573827, 2069629.338600000366569, 0.0 ], [ 4864484.924800000153482, 2069646.144600000232458, 0.0 ], [ 4864480.399799999780953, 2069658.75139999948442, 0.0 ], [ 4864482.6299, 2069665.820800000801682, 0.0 ], [ 4864487.74280000012368, 2069672.664100000634789, 0.0 ], [ 4864495.965099999681115, 2069681.933499999344349, 0.0 ], [ 4864503.742700000293553, 2069690.651100000366569, 0.0 ], [ 4864511.520200000144541, 2069699.258099999278784, 0.0 ], [ 4864520.746600000187755, 2069712.062300000339746, 0.0 ], [ 4864532.079199999570847, 2069724.42090000025928, 0.0 ], [ 4864543.516200000420213, 2069733.021600000560284, 0.0 ], [ 4864558.170099999755621, 2069742.169399999082088, 0.0 ], [ 4864572.705500000156462, 2069746.89670000039041, 0.0 ], [ 4864594.555200000293553, 2069748.848400000482798, 0.0 ], [ 4864615.737300000153482, 2069749.475099999457598, 0.0 ], [ 4864631.593000000342727, 2069748.121600000187755, 0.0 ], [ 4864655.7643, 2069745.869599999859929, 0.0 ], [ 4864670.0669, 2069744.187300000339746, 0.0 ], [ 4864689.911000000312924, 2069740.616499999538064, 0.0 ], [ 4864708.972699999809265, 2069733.510600000619888, 0.0 ], [ 4864732.475399999879301, 2069729.380999999120831, 0.0 ], [ 4864757.5236, 2069721.159600000828505, 0.0 ], [ 4864779.2472, 2069714.270199999213219, 0.0 ], [ 4864795.54, 2069709.158299999311566, 0.0 ], [ 4864816.040500000119209, 2069700.392200000584126, 0.0 ], [ 4864828.337000000290573, 2069692.855799999088049, 0.0 ], [ 4864846.847099999897182, 2069687.408600000664592, 0.0 ], [ 4864865.686499999836087, 2069679.9715, 0.0 ], [ 4864891.289200000464916, 2069671.749199999496341, 0.0 ], [ 4864908.472400000318885, 2069668.514699999243021, 0.0 ], [ 4864935.740000000223517, 2069661.17369999922812, 0.0 ], [ 4864953.9222, 2069658.4901, 0.0 ], [ 4864975.764499999582767, 2069656.131699999794364, 0.0 ], [ 4864988.734899999573827, 2069653.567500000819564, 0.0 ], [ 4865004.035699999891222, 2069651.994000000879169, 0.0 ], [ 4865024.218399999663234, 2069651.848899999633431, 0.0 ], [ 4865042.302199999801815, 2069656.459599999710917, 0.0 ], [ 4865059.724399999715388, 2069663.281899999827147, 0.0 ], [ 4865080.031999999657273, 2069671.314899999648333, 0.0 ], [ 4865094.0148, 2069677.148399999365211, 0.0 ], [ 4865113.10329999960959, 2069685.625600000843406, 0.0 ], [ 4865127.862499999813735, 2069691.568299999460578, 0.0 ], [ 4865141.849299999885261, 2069699.7226, 0.0 ], [ 4865154.2845, 2069708.432199999690056, 0.0 ], [ 4865166.28760000038892, 2069723.884199999272823, 0.0 ], [ 4865174.7434, 2069740.115900000557303, 0.0 ], [ 4865180.970599999651313, 2069750.051799999549985, 0.0 ], [ 4865190.996899999678135, 2069776.779999999329448, 0.0 ], [ 4865194.242200000211596, 2069793.904799999669194, 0.0 ], [ 4865198.833399999886751, 2069819.868699999526143, 0.0 ], [ 4865198.8574, 2069833.904400000348687, 0.0 ], [ 4865195.356499999761581, 2069861.761, 0.0 ], [ 4865188.739, 2069882.881300000473857, 0.0 ], [ 4865187.209800000302494, 2069896.477600000798702, 0.0 ], [ 4865174.6053, 2069918.381799999624491, 0.0 ], [ 4865171.08669999986887, 2069935.849700000137091, 0.0 ], [ 4865156.3898, 2069966.267400000244379, 0.0 ], [ 4865145.004300000146031, 2069987.616900000721216, 0.0 ], [ 4865127.534900000318885, 2070017.92879999987781, 0.0 ], [ 4865092.036000000312924, 2070075.238099999725819, 0.0 ], [ 4865073.790400000289083, 2070105.551400000229478, 0.0 ], [ 4865059.860100000165403, 2070130.220799999311566, 0.0 ], [ 4865038.526499999687076, 2070170.486099999397993, 0.0 ], [ 4865026.25870000012219, 2070194.600099999457598, 0.0 ], [ 4865014.86670000012964, 2070212.191999999806285, 0.0 ], [ 4865003.368300000205636, 2070232.326099999248981, 0.0 ], [ 4864999.291799999773502, 2070247.805600000545382, 0.0 ], [ 4865001.32010000012815, 2070266.590199999511242, 0.0 ], [ 4865003.449900000356138, 2070279.848799999803305, 0.0 ], [ 4865006.464499999769032, 2070291.779500000178814, 0.0 ], [ 4865009.699300000444055, 2070302.715299999341369, 0.0 ], [ 4865014.270600000396371, 2070317.074799999594688, 0.0 ], [ 4865025.716799999587238, 2070331.091, 0.0 ], [ 4865032.718999999575317, 2070340.362500000745058, 0.0 ], [ 4865040.162200000137091, 2070348.085899999365211, 0.0 ], [ 4865045.386900000274181, 2070355.481699999421835, 0.0 ], [ 4865058.4847, 2070362.642899999395013, 0.0 ], [ 4865073.350200000219047, 2070365.932900000363588, 0.0 ], [ 4865082.554399999789894, 2070365.917099999263883, 0.0 ], [ 4865097.0811, 2070365.6711, 0.0 ], [ 4865113.716900000348687, 2070366.637199999764562, 0.0 ], [ 4865150.204, 2070368.3429000005126, 0.0 ], [ 4865164.7341, 2070370.086300000548363, 0.0 ], [ 4865178.487599999643862, 2070371.609899999573827, 0.0 ], [ 4865186.920400000177324, 2070374.468900000676513, 0.0 ], [ 4865196.02379999961704, 2070380.310799999162555, 0.0 ], [ 4865210.5685, 2070390.563999999314547, 0.0 ], [ 4865233.218999999575317, 2070406.99239999987185, 0.0 ], [ 4865253.652300000190735, 2070423.756100000813603, 0.0 ], [ 4865269.0883, 2070436.439200000837445, 0.0 ], [ 4865280.529299999587238, 2070447.471400000154972, 0.0 ], [ 4865287.9836, 2070461.715399999171495, 0.0 ], [ 4865295.886199999600649, 2070478.721699999645352, 0.0 ], [ 4865302.339700000360608, 2070491.309699999168515, 0.0 ], [ 4865307.481700000353158, 2070515.172800000756979, 0.0 ], [ 4865309.833800000138581, 2070528.762399999424815, 0.0 ], [ 4865311.7517, 2070547.878799999132752, 0.0 ], [ 4865311.115500000305474, 2070564.899700000882149, 0.0 ], [ 4865306.814000000245869, 2070578.500800000503659, 0.0 ], [ 4865303.625799999572337, 2070594.6418999992311, 0.0 ], [ 4865300.991399999707937, 2070610.450500000268221, 0.0 ], [ 4865299.681200000457466, 2070622.388699999079108, 0.0 ], [ 4865299.701100000180304, 2070633.993000000715256, 0.0 ], [ 4865303.379700000397861, 2070645.149000000208616, 0.0 ], [ 4865308.824300000444055, 2070651.439200000837445, 0.0 ], [ 4865315.26630000025034, 2070657.396199999377131, 0.0 ], [ 4865329.7027000002563, 2070669.196900000795722, 0.0 ], [ 4865341.480100000277162, 2070682.438799999654293, 0.0 ], [ 4865357.692200000397861, 2070695.010099999606609, 0.0 ], [ 4865364.801099999807775, 2070701.849999999627471, 0.0 ], [ 4865376.573400000110269, 2070712.107999999076128, 0.0 ], [ 4865410.230100000277162, 2070744.763699999079108, 0.0 ], [ 4865444.65749999973923, 2070774.212999999523163, 0.0 ], [ 4865459.984299999661744, 2070787.891000000759959, 0.0 ], [ 4865484.637400000356138, 2070808.184100000187755, 0.0 ], [ 4865498.8536, 2070820.979800000786781, 0.0 ], [ 4865517.5121, 2070837.525499999523163, 0.0 ], [ 4865532.3882, 2070847.1151, 0.0 ], [ 4865540.387000000104308, 2070855.611300000920892, 0.0 ], [ 4865551.15749999973923, 2070863.660700000822544, 0.0 ], [ 4865570.1338, 2070871.5855, 0.0 ], [ 4865595.542999999597669, 2070880.162399999797344, 0.0 ], [ 4865617.620400000363588, 2070885.761, 0.0 ], [ 4865642.58600000012666, 2070894.338700000196695, 0.0 ], [ 4865685.955699999816716, 2070900.453500000759959, 0.0 ], [ 4865715.896200000308454, 2070900.070699999108911, 0.0 ], [ 4865742.8443, 2070900.687699999660254, 0.0 ], [ 4865772.780799999833107, 2070897.984099999070168, 0.0 ], [ 4865804.045199999585748, 2070893.620500000193715, 0.0 ], [ 4865839.082999999634922, 2070891.018699999898672, 0.0 ], [ 4865867.801599999889731, 2070889.4222999997437, 0.0 ], [ 4865883.103900000452995, 2070888.843599999323487, 0.0 ], [ 4865905.835199999623001, 2070887.810100000351667, 0.0 ], [ 4865933.221199999563396, 2070885.11089999973774, 0.0 ], [ 4865995.421699999831617, 2070878.926300000399351, 0.0 ], [ 4866015.600700000301003, 2070876.902499999850988, 0.0 ], [ 4866038.0016, 2070877.195800000801682, 0.0 ], [ 4866057.74170000012964, 2070877.825200000777841, 0.0 ], [ 4866079.599999999627471, 2070885.082100000232458, 0.0 ], [ 4866091.579199999570847, 2070886.719499999657273, 0.0 ], [ 4866113.431900000199676, 2070890.660800000652671, 0.0 ], [ 4866153.143299999646842, 2070897.555700000375509, 0.0 ], [ 4866173.997899999842048, 2070901.498800000175834, 0.0 ], [ 4866197.858900000341237, 2070912.620500000193715, 0.0 ], [ 4866225.713499999605119, 2070924.619400000199676, 0.0 ], [ 4866242.246500000357628, 2070930.448699999600649, 0.0 ], [ 4866258.564600000157952, 2070940.367499999701977, 0.0 ], [ 4866279.096900000236928, 2070950.389599999412894, 0.0 ], [ 4866294.314399999566376, 2070965.173100000247359, 0.0 ], [ 4866305.4249, 2070977.642699999734759, 0.0 ], [ 4866320.415, 2070989.110999999567866, 0.0 ], [ 4866332.08669999986887, 2071005.558199999853969, 0.0 ], [ 4866341.32149999961257, 2071023.556900000199676, 0.0 ], [ 4866354.007399999536574, 2071049.506899999454618, 0.0 ], [ 4866358.580900000408292, 2071065.30320000089705, 0.0 ], [ 4866364.486399999819696, 2071081.870799999684095, 0.0 ], [ 4866369.425900000147521, 2071117.228000000119209, 0.0 ], [ 4866365.797899999655783, 2071135.690700000151992, 0.0 ], [ 4866357.633100000210106, 2071159.907999999821186, 0.0 ], [ 4866346.379099999554455, 2071193.414000000804663, 0.0 ], [ 4866335.118200000375509, 2071222.830900000408292, 0.0 ], [ 4866322.7346, 2071244.181900000199676, 0.0 ], [ 4866291.8892, 2071299.051300000399351, 0.0 ], [ 4866279.279500000178814, 2071317.8608, 0.0 ], [ 4866270.209499999880791, 2071331.469900000840425, 0.0 ], [ 4866237.58629999961704, 2071384.242499999701977, 0.0 ], [ 4866226.308500000275671, 2071403.712899999693036, 0.0 ], [ 4866209.824799999594688, 2071426.728700000792742, 0.0 ], [ 4866196.224899999797344, 2071450.071100000292063, 0.0 ], [ 4866189.809000000357628, 2071459.365599999204278, 0.0 ], [ 4866179.75719999987632, 2071482.480900000780821, 0.0 ], [ 4866176.1234, 2071497.5176, 0.0 ], [ 4866177.14670000039041, 2071512.325200000777841, 0.0 ], [ 4866193.584800000302494, 2071527.548599999397993, 0.0 ], [ 4866202.251299999654293, 2071537.480399999767542, 0.0 ], [ 4866215.468000000342727, 2071549.504300000146031, 0.0 ], [ 4866239.8794, 2071558.414599999785423, 0.0 ], [ 4866258.849999999627471, 2071563.134500000625849, 0.0 ], [ 4866286.337799999862909, 2071555.240800000727177, 0.0 ], [ 4866300.0746, 2071547.149599999189377, 0.0 ], [ 4866339.514700000174344, 2071525.199899999424815, 0.0 ], [ 4866357.89670000039041, 2071509.917099999263883, 0.0 ], [ 4866373.293700000271201, 2071499.944299999624491, 0.0 ], [ 4866401.64809999987483, 2071480.002800000831485, 0.0 ], [ 4866419.146599999628961, 2071466.8213, 0.0 ], [ 4866438.081299999728799, 2071450.432499999180436, 0.0 ], [ 4866466.6541, 2071428.501299999654293, 0.0 ], [ 4866482.824699999764562, 2071416.980000000447035, 0.0 ], [ 4866503.545300000347197, 2071407.440199999138713, 0.0 ], [ 4866517.280899999663234, 2071398.575400000438094, 0.0 ], [ 4866528.254599999636412, 2071395.90430000051856, 0.0 ], [ 4866535.67989999987185, 2071393.239199999719858, 0.0 ], [ 4866555.862200000323355, 2071393.204900000244379, 0.0 ], [ 4866565.518400000408292, 2071398.272299999371171, 0.0 ], [ 4866572.184500000439584, 2071405.6656, 0.0 ], [ 4866579.624800000339746, 2071411.841900000348687, 0.0 ], [ 4866591.391900000162423, 2071419.226600000634789, 0.0 ], [ 4866603.053399999625981, 2071429.705900000408292, 0.0 ], [ 4866611.615799999795854, 2071443.616599999368191, 0.0 ], [ 4866617.956399999558926, 2071455.210200000554323, 0.0 ], [ 4866623.854100000113249, 2071467.246500000357628, 0.0 ], [ 4866628.526600000448525, 2071476.08, 0.0 ], [ 4866633.646999999880791, 2071487.454600000753999, 0.0 ], [ 4866636.7664, 2071495.95920000039041, 0.0 ], [ 4866641.448900000192225, 2071510.650000000372529, 0.0 ], [ 4866648.910899999551475, 2071529.64640000090003, 0.0 ], [ 4866657.4858, 2071550.96169999986887, 0.0 ], [ 4866667.713600000366569, 2071566.085200000554323, 0.0 ], [ 4866679.823200000450015, 2071579.216199999675155, 0.0 ], [ 4866690.7155, 2071593.896500000730157, 0.0 ], [ 4866708.0477, 2071613.318199999630451, 0.0 ], [ 4866737.598299999721348, 2071644.7654, 0.0 ], [ 4866759.156000000424683, 2071671.031999999657273, 0.0 ], [ 4866784.157200000248849, 2071700.829199999570847, 0.0 ], [ 4866808.710400000214577, 2071727.9748, 0.0 ], [ 4866827.813400000333786, 2071745.404100000858307, 0.0 ], [ 4866849.2462, 2071763.492599999532104, 0.0 ], [ 4866875.775600000284612, 2071779.030500000342727, 0.0 ], [ 4866897.301699999719858, 2071786.730200000107288, 0.0 ], [ 4866928.041600000113249, 2071800.271600000560284, 0.0 ], [ 4866980.19620000012219, 2071821.291899999603629, 0.0 ], [ 4867011.4885, 2071833.616800000891089, 0.0 ], [ 4867050.104299999773502, 2071848.692099999636412, 0.0 ], [ 4867082.400399999693036, 2071864.441299999132752, 0.0 ], [ 4867109.033900000154972, 2071876.000499999150634, 0.0 ], [ 4867135.116899999789894, 2071889.88150000013411, 0.0 ], [ 4867163.9699, 2071902.431500000879169, 0.0 ], [ 4867191.830500000156462, 2071918.298800000920892, 0.0 ], [ 4867225.013600000180304, 2071934.046599999070168, 0.0 ], [ 4867255.754700000397861, 2071948.361700000241399, 0.0 ], [ 4867281.284300000406802, 2071962.9068, 0.0 ], [ 4867308.254300000146031, 2071976.786299999803305, 0.0 ], [ 4867333.235600000247359, 2071994.979399999603629, 0.0 ], [ 4867356.331399999558926, 2072012.954600000753999, 0.0 ], [ 4867363.889000000432134, 2072022.9989, 0.0 ], [ 4867372.893400000408292, 2072036.135199999436736, 0.0 ], [ 4867379.1113, 2072040.876900000497699, 0.0 ], [ 4867391.330799999646842, 2072053.565700000151992, 0.0 ], [ 4867415.009999999776483, 2072088.670099999755621, 0.0 ], [ 4867431.0203, 2072113.509400000795722, 0.0 ], [ 4867454.58669999986887, 2072147.508899999782443, 0.0 ], [ 4867476.4951, 2072184.716099999845028, 0.0 ], [ 4867492.5165, 2072216.075999999418855, 0.0 ], [ 4867504.644100000150502, 2072240.037699999287724, 0.0 ], [ 4867520.565700000151992, 2072278.028699999675155, 0.0 ], [ 4867530.721599999815226, 2072316.360999999567866, 0.0 ], [ 4867549.560399999842048, 2072374.461300000548363, 0.0 ], [ 4867558.586400000378489, 2072400.417500000447035, 0.0 ], [ 4867566.052199999801815, 2072421.7347999997437, 0.0 ], [ 4867572.285199999809265, 2072435.428400000557303, 0.0 ], [ 4867576.628399999812245, 2072446.362199999392033, 0.0 ], [ 4867587.954900000244379, 2072455.626499999314547, 0.0 ], [ 4867603.8344, 2072468.751199999824166, 0.0 ], [ 4867615.604399999603629, 2072478.014699999243021, 0.0 ], [ 4867631.91440000012517, 2072483.402499999850988, 0.0 ], [ 4867650.770399999804795, 2072486.133600000292063, 0.0 ], [ 4867671.066399999894202, 2072487.978000000119209, 0.0 ], [ 4867691.80489999987185, 2072489.158700000494719, 0.0 ], [ 4867708.217899999581277, 2072489.904500000178814, 0.0 ], [ 4867726.184600000269711, 2072491.421399999409914, 0.0 ], [ 4867747.587100000120699, 2072491.827299999073148, 0.0 ], [ 4867762.330799999646842, 2072489.0395, 0.0 ], [ 4867781.947800000198185, 2072482.817399999126792, 0.0 ], [ 4867796.797899999655783, 2072477.376900000497699, 0.0 ], [ 4867810.426199999637902, 2072470.722899999469519, 0.0 ], [ 4867881.9885, 2072427.61089999973774, 0.0 ], [ 4867973.919700000435114, 2072363.797900000587106, 0.0 ], [ 4868072.499800000339746, 2072297.210899999365211, 0.0 ], [ 4868106.831199999898672, 2072270.739499999210238, 0.0 ], [ 4868149.471, 2072239.280799999833107, 0.0 ], [ 4868185.687599999830127, 2072212.806199999526143, 0.0 ], [ 4868238.851800000295043, 2072175.251499999314547, 0.0 ], [ 4868274.74170000012964, 2072152.314099999144673, 0.0 ], [ 4868302.6574, 2072135.247500000521541, 0.0 ], [ 4868336.6661, 2072114.634199999272823, 0.0 ], [ 4868362.806599999777973, 2072097.01799999922514, 0.0 ], [ 4868382.085900000296533, 2072087.702199999243021, 0.0 ], [ 4868402.367700000293553, 2072081.037100000306964, 0.0 ], [ 4868428.423700000159442, 2072079.114499999210238, 0.0 ], [ 4868451.931699999608099, 2072078.632999999448657, 0.0 ], [ 4868474.781600000336766, 2072082.4627, 0.0 ], [ 4868499.8531, 2072088.6096, 0.0 ], [ 4868523.153199999593198, 2072096.417199999094009, 0.0 ], [ 4868544.2396, 2072106.659800000488758, 0.0 ], [ 4868562.893799999728799, 2072121.327299999073148, 0.0 ], [ 4868578.213499999605119, 2072131.3586, 0.0 ], [ 4868594.875, 2072148.018699999898672, 0.0 ], [ 4868609.7571, 2072161.587300000712276, 0.0 ], [ 4868631.855100000277162, 2072180.0066, 0.0 ], [ 4868648.296699999831617, 2072197.772199999541044, 0.0 ], [ 4868663.619699999690056, 2072209.792899999767542, 0.0 ], [ 4868675.28000000026077, 2072219.830299999564886, 0.0 ], [ 4868689.373999999836087, 2072226.327199999243021, 0.0 ], [ 4868700.359299999661744, 2072230.618899999186397, 0.0 ], [ 4868711.229100000113249, 2072232.147900000214577, 0.0 ], [ 4868721.759700000286102, 2072229.809399999678135, 0.0 ], [ 4868733.060100000351667, 2072223.601500000804663, 0.0 ], [ 4868740.480700000189245, 2072218.173800000920892, 0.0 ], [ 4868746.678100000135601, 2072210.7588, 0.0 ], [ 4868751.7642, 2072201.908900000154972, 0.0 ], [ 4868752.967899999581277, 2072192.291899999603629, 0.0 ], [ 4868642.768199999816716, 2071942.81900000013411, 0.0 ], [ 4868639.207100000232458, 2071935.309800000861287, 0.0 ], [ 4868616.515999999828637, 2071893.903999999165535, 0.0 ], [ 4868593.720800000242889, 2071856.587500000372529, 0.0 ], [ 4868569.482900000177324, 2071818.610400000587106, 0.0 ], [ 4868548.8026, 2071786.042600000277162, 0.0 ], [ 4868535.340599999763072, 2071759.651599999517202, 0.0 ], [ 4868525.325199999846518, 2071738.670199999585748, 0.0 ], [ 4868518.208700000308454, 2071727.0779, 0.0 ], [ 4868509.31209999974817, 2071711.951999999582767, 0.0 ], [ 4868499.8597999997437, 2071696.163899999111891, 0.0 ], [ 4868492.842400000430644, 2071677.498299999162555, 0.0 ], [ 4868492.2813, 2071673.520600000396371, 0.0 ], [ 4868490.033800000324845, 2071655.841700000688434, 0.0 ], [ 4868490.007799999788404, 2071640.369400000199676, 0.0 ], [ 4868495.5236, 2071623.230000000447035, 0.0 ], [ 4868502.489699999801815, 2071611.282500000670552, 0.0 ], [ 4868509.454900000244379, 2071598.782400000840425, 0.0 ], [ 4868518.752899999730289, 2071588.709699999541044, 0.0 ], [ 4868527.8317, 2071580.184699999168515, 0.0 ], [ 4868537.910299999639392, 2071572.7632, 0.0 ], [ 4868555.4233, 2071568.0921, 0.0 ], [ 4868569.950000000186265, 2071568.067800000309944, 0.0 ], [ 4868584.6985, 2071568.042999999597669, 0.0 ], [ 4868599.896800000220537, 2071571.775100000202656, 0.0 ], [ 4868620.645600000396371, 2071579.034499999135733, 0.0 ], [ 4868634.7412, 2071586.415500000119209, 0.0 ], [ 4868656.499099999666214, 2071600.304199999198318, 0.0 ], [ 4868687.4715, 2071620.47690000012517, 0.0 ], [ 4868724.657800000160933, 2071643.070599999278784, 0.0 ], [ 4868795.82660000026226, 2071695.446900000795722, 0.0 ], [ 4868806.711400000378489, 2071705.927799999713898, 0.0 ], [ 4868861.224000000394881, 2071744.848999999463558, 0.0 ], [ 4868882.437199999578297, 2071764.596000000834465, 0.0 ], [ 4868899.207700000144541, 2071780.150800000876188, 0.0 ], [ 4868910.871100000105798, 2071792.067099999636412, 0.0 ], [ 4868919.872100000269711, 2071803.324799999594688, 0.0 ], [ 4868938.431300000287592, 2071827.496899999678135, 0.0 ], [ 4868952.104600000195205, 2071847.698599999770522, 0.0 ], [ 4868959.2199, 2071858.627900000661612, 0.0 ], [ 4868970.472900000400841, 2071890.32740000076592, 0.0 ], [ 4868971.36739999987185, 2071894.746600000187755, 0.0 ], [ 4869053.292000000365078, 2072013.415100000798702, 0.0 ], [ 4869063.964100000448525, 2072029.311699999496341, 0.0 ], [ 4869074.7494, 2072046.644799999892712, 0.0 ], [ 4869088.219600000418723, 2072078.00899999961257, 0.0 ], [ 4869100.020399999804795, 2072105.839500000700355, 0.0 ], [ 4869114.260900000110269, 2072133.665899999439716, 0.0 ], [ 4869128.718500000424683, 2072158.729100000113249, 0.0 ], [ 4869129.607300000265241, 2072159.722200000658631, 0.0 ], [ 4869143.6502, 2072135.716600000858307, 0.0 ], [ 4869165.746100000105798, 2072152.920299999415874, 0.0 ], [ 4869233.7029, 2072208.065199999138713, 0.0 ], [ 4869459.924499999731779, 2072344.72829999960959, 0.0 ], [ 4870097.744699999690056, 2072802.089299999177456, 0.0 ], [ 4870412.4254, 2072454.214700000360608, 0.0 ], [ 4870431.331000000238419, 2072420.144400000572205, 0.0 ], [ 4870608.6376, 2072215.617200000211596, 0.0 ] ] ] ] } },
{ "type": "Feature", "properties": { "OBJECTID": 3, "Nodo": "Centro", "Shape_Leng": 33852.384961299998, "Shape_Length": 27536.427744359295, "Shape_Area": 28959795.588439003 }, "geometry": { "type": "MultiPolygon", "coordinates": [ [ [ [ 4881823.969600000418723, 2069230.853499999269843, 0.0 ], [ 4881828.5121, 2069228.194399999454618, 0.0 ], [ 4881833.8668, 2069249.5153, 0.0 ], [ 4881838.296, 2069245.198599999770522, 0.0 ], [ 4881846.499099999666214, 2069243.418099999427795, 0.0 ], [ 4881861.0152000002563, 2069236.434100000187755, 0.0 ], [ 4881876.966099999845028, 2069224.916899999603629, 0.0 ], [ 4881892.908800000324845, 2069207.9846, 0.0 ], [ 4881917.471199999563396, 2069171.147199999541044, 0.0 ], [ 4881935.734000000171363, 2069148.464800000190735, 0.0 ], [ 4881990.417100000195205, 2069084.064799999818206, 0.0 ], [ 4882009.9079, 2069066.795700000599027, 0.0 ], [ 4882017.550900000147521, 2069061.14809999987483, 0.0 ], [ 4882027.969100000336766, 2069057.485600000247359, 0.0 ], [ 4882034.61809999961406, 2069054.602299999445677, 0.0 ], [ 4882035.616499999538064, 2069054.82179999910295, 0.0 ], [ 4882036.614799999631941, 2069055.041400000452995, 0.0 ], [ 4882037.723899999633431, 2069055.1502, 0.0 ], [ 4882038.721900000236928, 2069055.148700000718236, 0.0 ], [ 4882039.7199, 2069055.147199999541044, 0.0 ], [ 4882040.717899999581277, 2069055.145700000226498, 0.0 ], [ 4882041.937400000169873, 2069054.922900000587106, 0.0 ], [ 4882042.934999999590218, 2069054.700400000438094, 0.0 ], [ 4882043.9326, 2069054.3673, 0.0 ], [ 4882044.930100000463426, 2069054.034299999475479, 0.0 ], [ 4882045.927400000393391, 2069053.590800000354648, 0.0 ], [ 4882046.813699999824166, 2069053.03690000064671, 0.0 ], [ 4882047.700000000186265, 2069052.482999999076128, 0.0 ], [ 4882048.697200000286102, 2069051.928899999707937, 0.0 ], [ 4882049.472400000318885, 2069051.264699999243021, 0.0 ], [ 4882050.35840000025928, 2069050.489800000563264, 0.0 ], [ 4882051.133399999700487, 2069049.715099999681115, 0.0 ], [ 4882051.797500000335276, 2069048.83, 0.0 ], [ 4882052.461500000208616, 2069047.944900000467896, 0.0 ], [ 4882053.1255, 2069047.059800000861287, 0.0 ], [ 4882053.567599999718368, 2069046.064500000327826, 0.0 ], [ 4882054.120500000193715, 2069045.0691, 0.0 ], [ 4882054.562400000169873, 2069043.963300000876188, 0.0 ], [ 4882055.004499999806285, 2069042.968000000342727, 0.0 ], [ 4882055.3355, 2069041.862400000914931, 0.0 ], [ 4882055.55559999961406, 2069040.756899999454618, 0.0 ], [ 4882055.775600000284612, 2069039.540999999269843, 0.0 ], [ 4882055.884800000116229, 2069038.435699999332428, 0.0 ], [ 4882056.215800000354648, 2069037.3301, 0.0 ], [ 4882055.992200000211596, 2069036.114800000563264, 0.0 ], [ 4882055.879700000397861, 2069035.009800000116229, 0.0 ], [ 4882069.3651, 2069006.145999999716878, 0.0 ], [ 4882080.654500000178814, 2068991.872999999672174, 0.0 ], [ 4882085.5186, 2068981.809100000187755, 0.0 ], [ 4882089.713100000284612, 2068968.872899999842048, 0.0 ], [ 4882093.656700000166893, 2068936.4869, 0.0 ], [ 4882120.93709999974817, 2068714.979699999094009, 0.0 ], [ 4882116.810200000181794, 2068698.9616, 0.0 ], [ 4882107.796799999661744, 2068678.088300000876188, 0.0 ], [ 4882095.911399999633431, 2068664.62360000051558, 0.0 ], [ 4882104.00789999961853, 2068665.606100000441074, 0.0 ], [ 4882130.299499999731779, 2068672.639599999412894, 0.0 ], [ 4882136.063, 2068670.7522, 0.0 ], [ 4882139.0537, 2068668.537499999627471, 0.0 ], [ 4882142.3646, 2068657.92339999973774, 0.0 ], [ 4882144.223899999633431, 2068640.680700000375509, 0.0 ], [ 4882142.7703, 2068632.615499999374151, 0.0 ], [ 4882137.666000000201166, 2068630.412900000810623, 0.0 ], [ 4882110.721300000324845, 2068631.558299999684095, 0.0 ], [ 4882100.739, 2068630.136600000783801, 0.0 ], [ 4882098.409199999645352, 2068629.366499999538064, 0.0 ], [ 4882093.9688, 2068626.168299999088049, 0.0 ], [ 4882088.0784, 2068617.336100000888109, 0.0 ], [ 4882088.5115, 2068610.373199999332428, 0.0 ], [ 4882090.724399999715388, 2068607.054500000551343, 0.0 ], [ 4882094.7171, 2068607.490599999204278, 0.0 ], [ 4882100.597900000400841, 2068609.913100000470877, 0.0 ], [ 4882103.593100000172853, 2068610.682199999690056, 0.0 ], [ 4882113.244400000199676, 2068613.209499999880791, 0.0 ], [ 4882120.8953, 2068612.866499999538064, 0.0 ], [ 4882124.3301, 2068610.982699999585748, 0.0 ], [ 4882127.985000000335276, 2068607.9934, 0.0 ], [ 4882128.979399999603629, 2068605.560699999332428, 0.0 ], [ 4882130.190499999560416, 2068599.7017, 0.0 ], [ 4882126.855999999679625, 2068594.512599999085069, 0.0 ], [ 4882115.075799999758601, 2068577.290300000458956, 0.0 ], [ 4882114.628499999642372, 2068574.749199999496341, 0.0 ], [ 4882116.3997, 2068572.75730000063777, 0.0 ], [ 4882119.5027, 2068571.426599999889731, 0.0 ], [ 4882125.707600000314415, 2068568.10190000012517, 0.0 ], [ 4882140.781600000336766, 2068563.32740000076592, 0.0 ], [ 4882156.301300000399351, 2068559.988800000399351, 0.0 ], [ 4882179.584499999880791, 2068557.4123, 0.0 ], [ 4882182.800300000235438, 2068557.407400000840425, 0.0 ], [ 4882188.119300000369549, 2068554.857699999585748, 0.0 ], [ 4882194.285899999551475, 2068525.894300000742078, 0.0 ], [ 4882193.604000000283122, 2068514.844100000336766, 0.0 ], [ 4882189.4836, 2068503.136, 0.0 ], [ 4882173.920099999755621, 2068477.18889999948442, 0.0 ], [ 4882151.35120000038296, 2068438.322300000116229, 0.0 ], [ 4882145.005199999548495, 2068421.423499999567866, 0.0 ], [ 4882146.207499999552965, 2068409.707399999722838, 0.0 ], [ 4882153.504999999888241, 2068395.440400000661612, 0.0 ], [ 4882175.6716, 2068387.671399999409914, 0.0 ], [ 4882192.634499999694526, 2068385.435900000855327, 0.0 ], [ 4882209.269799999892712, 2068386.516200000420213, 0.0 ], [ 4882222.916400000452995, 2068391.2478, 0.0 ], [ 4882233.462100000120699, 2068398.636399999260902, 0.0 ], [ 4882241.0197, 2068410.007799999788404, 0.0 ], [ 4882251.7264, 2068450.991900000721216, 0.0 ], [ 4882256.984199999831617, 2068481.8169, 0.0 ], [ 4882262.887699999846518, 2068499.379499999806285, 0.0 ], [ 4882288.763899999670684, 2068525.311200000345707, 0.0 ], [ 4882307.641699999570847, 2068542.964999999850988, 0.0 ], [ 4882317.533800000324845, 2068558.3114, 0.0 ], [ 4882321.307400000281632, 2068560.516000000759959, 0.0 ], [ 4882336.831600000150502, 2068560.161299999803305, 0.0 ], [ 4882355.6042, 2068581.683199999853969, 0.0 ], [ 4882375.595099999569356, 2068602.208599999547005, 0.0 ], [ 4882396.687800000421703, 2068617.980399999767542, 0.0 ], [ 4882432.791899999603629, 2068586.983200000599027, 0.0 ], [ 4882363.759100000374019, 2068547.52280000038445, 0.0 ], [ 4882357.515100000426173, 2068524.656099999323487, 0.0 ], [ 4882353.710699999704957, 2068501.785800000652671, 0.0 ], [ 4882379.657599999569356, 2068426.377800000831485, 0.0 ], [ 4882384.295699999667704, 2068413.440999999642372, 0.0 ], [ 4882383.501400000415742, 2068401.285900000482798, 0.0 ], [ 4882347.339300000108778, 2068319.11879999935627, 0.0 ], [ 4882319.661600000225008, 2068274.955199999734759, 0.0 ], [ 4882310.369199999608099, 2068215.624099999666214, 0.0 ], [ 4882279.4397, 2068147.373700000345707, 0.0 ], [ 4882280.6573, 2068145.9353, 0.0 ], [ 4882304.630400000140071, 2068159.713500000536442, 0.0 ], [ 4882308.753600000403821, 2068173.3004, 0.0 ], [ 4886343.033099999651313, 2066610.843399999663234, 0.0 ], [ 4886343.696700000204146, 2066609.626800000667572, 0.0 ], [ 4886404.083599999547005, 2066497.9243, 0.0 ], [ 4886056.1733, 2066160.924100000411272, 0.0 ], [ 4886088.872700000181794, 2066151.152100000530481, 0.0 ], [ 4885572.620199999772012, 2065735.048499999567866, 0.0 ], [ 4885467.777800000272691, 2065778.630599999800324, 0.0 ], [ 4885231.558199999853969, 2065614.089600000530481, 0.0 ], [ 4885131.753999999724329, 2065614.234099999070168, 0.0 ], [ 4885056.714300000108778, 2065562.181500000879169, 0.0 ], [ 4885012.8712, 2065458.032999999821186, 0.0 ], [ 4884942.7209, 2065336.5724, 0.0 ], [ 4884995.897099999710917, 2065146.858200000599027, 0.0 ], [ 4885021.166400000452995, 2065136.765100000426173, 0.0 ], [ 4884451.930800000205636, 2064364.89640000090003, 0.0 ], [ 4884163.048700000159442, 2064061.410399999469519, 0.0 ], [ 4884092.581899999640882, 2063952.54869999922812, 0.0 ], [ 4883803.821399999782443, 2063506.282400000840425, 0.0 ], [ 4883260.278599999845028, 2062421.7423, 0.0 ], [ 4881688.333100000396371, 2062754.708799999207258, 0.0 ], [ 4881674.83490000013262, 2062775.947200000286102, 0.0 ], [ 4881642.703499999828637, 2062795.665999999269843, 0.0 ], [ 4881638.521300000138581, 2062817.222100000828505, 0.0 ], [ 4881609.703200000338256, 2062827.763499999418855, 0.0 ], [ 4881579.216900000348687, 2062835.10249999910593, 0.0 ], [ 4881554.830199999734759, 2062842.543099999427795, 0.0 ], [ 4881551.388399999588728, 2062839.895899999886751, 0.0 ], [ 4881549.199, 2062859.1283, 0.0 ], [ 4881546.761599999852479, 2062860.679099999368191, 0.0 ], [ 4881545.431599999777973, 2062861.2336, 0.0 ], [ 4881544.323099999688566, 2062861.566800000146031, 0.0 ], [ 4881543.104399999603629, 2062862.342199999839067, 0.0 ], [ 4881541.886099999770522, 2062863.449100000783801, 0.0 ], [ 4881540.8898, 2062864.666200000792742, 0.0 ], [ 4881538.1223, 2062867.9857, 0.0 ], [ 4881537.016099999658763, 2062869.86600000038743, 0.0 ], [ 4881536.352400000207126, 2062870.972100000828505, 0.0 ], [ 4881534.911799999885261, 2062871.747899999842048, 0.0 ], [ 4881533.137799999676645, 2062871.9715, 0.0 ], [ 4881531.363599999807775, 2062872.084699999541044, 0.0 ], [ 4881529.035500000230968, 2062872.640699999406934, 0.0 ], [ 4881527.3733, 2062873.527300000190735, 0.0 ], [ 4881525.821100000292063, 2062873.750600000843406, 0.0 ], [ 4881522.827600000426173, 2062874.307600000873208, 0.0 ], [ 4881521.6086, 2062874.861999999731779, 0.0 ], [ 4881519.836199999786913, 2062876.1908, 0.0 ], [ 4881518.617600000463426, 2062877.0767, 0.0 ], [ 4881516.512500000186265, 2062878.405899999663234, 0.0 ], [ 4881514.296699999831617, 2062879.845899999141693, 0.0 ], [ 4881512.412399999797344, 2062880.511800000444055, 0.0 ], [ 4881510.19469999987632, 2062880.736099999397993, 0.0 ], [ 4881508.087500000372529, 2062880.628699999302626, 0.0 ], [ 4881506.20160000026226, 2062880.189400000497699, 0.0 ], [ 4881505.203499999828637, 2062880.190899999812245, 0.0 ], [ 4881502.6535, 2062880.636800000444055, 0.0 ], [ 4881500.6573, 2062880.639699999243021, 0.0 ], [ 4881498.661399999633431, 2062880.863700000569224, 0.0 ], [ 4881496.001199999824166, 2062881.751800000667572, 0.0 ], [ 4881491.4616, 2062886.621099999174476, 0.0 ], [ 4881488.691700000315905, 2062888.393400000408292, 0.0 ], [ 4881486.142900000326335, 2062889.612800000235438, 0.0 ], [ 4881482.486200000159442, 2062891.6074, 0.0 ], [ 4881479.160400000400841, 2062892.386, 0.0 ], [ 4881475.94400000013411, 2062892.169700000435114, 0.0 ], [ 4881473.836900000460446, 2062892.172900000587106, 0.0 ], [ 4881471.731100000441074, 2062893.060100000351667, 0.0 ], [ 4881470.845599999651313, 2062894.166500000283122, 0.0 ], [ 4881469.2955, 2062895.826500000432134, 0.0 ], [ 4881467.8553, 2062896.823300000280142, 0.0 ], [ 4881466.303000000305474, 2062897.046599999070168, 0.0 ], [ 4881463.7533, 2062897.713500000536442, 0.0 ], [ 4881462.091699999757111, 2062898.931600000709295, 0.0 ], [ 4881459.655799999833107, 2062901.587500000372529, 0.0 ], [ 4881457.550599999725819, 2062902.806199999526143, 0.0 ], [ 4881454.781600000336766, 2062905.131100000813603, 0.0 ], [ 4881454.228400000371039, 2062906.016000000759959, 0.0 ], [ 4881451.789900000207126, 2062906.903699999675155, 0.0 ], [ 4881450.017, 2062907.901000000536442, 0.0 ], [ 4881448.465599999763072, 2062908.676899999380112, 0.0 ], [ 4881446.359000000171363, 2062909.011600000783801, 0.0 ], [ 4881444.586500000208616, 2062910.229800000786781, 0.0 ], [ 4881443.701100000180304, 2062911.44679999910295, 0.0 ], [ 4881443.369699999690056, 2062912.331399999558926, 0.0 ], [ 4881444.374800000339746, 2062917.081900000572205, 0.0 ], [ 4881444.379099999554455, 2062919.955199999734759, 0.0 ], [ 4881442.389700000174344, 2062924.489199999719858, 0.0 ], [ 4881437.183899999596179, 2062928.806900000199676, 0.0 ], [ 4881418.119199999608099, 2062935.466, 0.0 ], [ 4881415.576899999752641, 2062941.105900000780821, 0.0 ], [ 4881411.923000000417233, 2062944.9792, 0.0 ], [ 4881400.1771, 2062951.29590000025928, 0.0 ], [ 4881393.19620000012219, 2062955.174200000241399, 0.0 ], [ 4881392.7577, 2062958.600700000301003, 0.0 ], [ 4881392.318400000222027, 2062961.474700000137091, 0.0 ], [ 4881391.21750000026077, 2062966.8914, 0.0 ], [ 4881388.7851, 2062971.868100000545382, 0.0 ], [ 4881386.240199999883771, 2062975.739800000563264, 0.0 ], [ 4881385.2467, 2062978.83559999987483, 0.0 ], [ 4881383.808299999684095, 2062981.048000000417233, 0.0 ], [ 4881381.593000000342727, 2062982.819499999284744, 0.0 ], [ 4881379.598799999803305, 2062984.148600000888109, 0.0 ], [ 4881377.2752, 2062987.688500000163913, 0.0 ], [ 4881374.176400000229478, 2062992.003100000321865, 0.0 ], [ 4881372.8498, 2062994.767799999564886, 0.0 ], [ 4881369.419599999673665, 2062999.967000000178814, 0.0 ], [ 4881367.319500000216067, 2063004.611700000241399, 0.0 ], [ 4881365.219499999657273, 2063009.366800000891089, 0.0 ], [ 4881365.221099999733269, 2063010.471899999305606, 0.0 ], [ 4881365.999900000169873, 2063012.128499999642372, 0.0 ], [ 4881366.7785, 2063013.674499999731779, 0.0 ], [ 4881366.669700000435114, 2063015.111300000920892, 0.0 ], [ 4881365.454400000162423, 2063018.207399999722838, 0.0 ], [ 4881363.58, 2063025.504000000655651, 0.0 ], [ 4881362.9189, 2063028.3783, 0.0 ], [ 4881361.704400000162423, 2063032.027100000530481, 0.0 ], [ 4881358.169499999843538, 2063041.315300000831485, 0.0 ], [ 4881357.398299999535084, 2063044.74239999987185, 0.0 ], [ 4881355.742200000211596, 2063049.7179000005126, 0.0 ], [ 4881352.0872, 2063052.817700000479817, 0.0 ], [ 4881350.093299999833107, 2063054.367799999192357, 0.0 ], [ 4881348.0981, 2063055.033900000154972, 0.0 ], [ 4881345.108199999667704, 2063057.911599999293685, 0.0 ], [ 4881342.891699999570847, 2063058.909499999135733, 0.0 ], [ 4881337.575299999676645, 2063063.448400000110269, 0.0 ], [ 4881335.91260000038892, 2063064.003499999642372, 0.0 ], [ 4881332.364500000141561, 2063064.450799999758601, 0.0 ], [ 4881327.0439, 2063066.116399999707937, 0.0 ], [ 4881322.942599999718368, 2063067.448699999600649, 0.0 ], [ 4881320.1716, 2063068.4474, 0.0 ], [ 4881315.6283, 2063070.774900000542402, 0.0 ], [ 4881311.1974, 2063074.207399999722838, 0.0 ], [ 4881307.7652000002563, 2063077.969900000840425, 0.0 ], [ 4881305.216799999587238, 2063079.520899999886751, 0.0 ], [ 4881302.8876, 2063079.303300000727177, 0.0 ], [ 4881299.338200000114739, 2063078.866599999368191, 0.0 ], [ 4881297.342199999839067, 2063078.980100000277162, 0.0 ], [ 4881291.799700000323355, 2063080.645999999716878, 0.0 ], [ 4881290.134800000116229, 2063079.653899999335408, 0.0 ], [ 4881288.026200000196695, 2063078.662399999797344, 0.0 ], [ 4881286.584099999628961, 2063078.333000000566244, 0.0 ], [ 4881284.477699999697506, 2063078.778200000524521, 0.0 ], [ 4881282.150299999862909, 2063079.7763, 0.0 ], [ 4881280.600200000219047, 2063081.436300000175834, 0.0 ], [ 4881280.38219999987632, 2063083.978399999439716, 0.0 ], [ 4881279.496600000187755, 2063085.084799999371171, 0.0 ], [ 4881277.724499999545515, 2063086.634600000455976, 0.0 ], [ 4881275.175699999555945, 2063087.854000000283122, 0.0 ], [ 4881273.6234, 2063088.07740000076592, 0.0 ], [ 4881268.859299999661744, 2063091.068299999460578, 0.0 ], [ 4881264.205799999646842, 2063093.948599999770522, 0.0 ], [ 4881258.222199999727309, 2063097.27280000038445, 0.0 ], [ 4881256.558799999766052, 2063097.275299999862909, 0.0 ], [ 4881252.673499999567866, 2063094.739299999549985, 0.0 ], [ 4881250.456000000238419, 2063095.074200000613928, 0.0 ], [ 4881247.2418, 2063096.294600000604987, 0.0 ], [ 4881243.251799999736249, 2063097.847699999809265, 0.0 ], [ 4881239.151499999687076, 2063099.843000000342727, 0.0 ], [ 4881234.826299999840558, 2063099.739, 0.0 ], [ 4881231.388600000180304, 2063099.854599999263883, 0.0 ], [ 4881228.506199999712408, 2063100.521999999880791, 0.0 ], [ 4881223.851099999621511, 2063102.2971, 0.0 ], [ 4881217.5301, 2063102.416999999433756, 0.0 ], [ 4881212.984899999573827, 2063103.528899999335408, 0.0 ], [ 4881209.549999999813735, 2063105.523299999535084, 0.0 ], [ 4881207.555800000205636, 2063106.852399999275804, 0.0 ], [ 4881203.458800000138581, 2063111.057900000363588, 0.0 ], [ 4881198.6957, 2063114.71199999935925, 0.0 ], [ 4881195.3723, 2063117.148199999704957, 0.0 ], [ 4881191.935100000351667, 2063117.595300000160933, 0.0 ], [ 4881189.05420000012964, 2063119.25730000063777, 0.0 ], [ 4881186.396599999628961, 2063121.913599999621511, 0.0 ], [ 4881183.5192, 2063125.896299999207258, 0.0 ], [ 4881181.193799999542534, 2063128.220499999821186, 0.0 ], [ 4881178.536899999715388, 2063131.318800000473857, 0.0 ], [ 4881176.212299999780953, 2063134.195599999278784, 0.0 ], [ 4881173.000300000421703, 2063136.963199999183416, 0.0 ], [ 4881169.675900000147521, 2063138.625900000333786, 0.0 ], [ 4881166.6847, 2063140.730100000277162, 0.0 ], [ 4881162.69469999987632, 2063142.28319999948144, 0.0 ], [ 4881160.700199999846518, 2063143.39130000025034, 0.0 ], [ 4881158.1502, 2063143.837099999189377, 0.0 ], [ 4881156.59499999973923, 2063142.07120000012219, 0.0 ], [ 4881156.035199999809265, 2063138.535700000822544, 0.0 ], [ 4881155.367700000293553, 2063137.099999999627471, 0.0 ], [ 4881153.813299999572337, 2063135.886700000613928, 0.0 ], [ 4881149.263000000268221, 2063133.572699999436736, 0.0 ], [ 4881146.489, 2063132.582299999892712, 0.0 ], [ 4881144.601800000295043, 2063131.258899999782443, 0.0 ], [ 4881142.38150000013411, 2063129.715099999681115, 0.0 ], [ 4881139.16399999987334, 2063128.725199999287724, 0.0 ], [ 4881137.501000000163913, 2063129.059299999848008, 0.0 ], [ 4881136.504099999554455, 2063129.834300000220537, 0.0 ], [ 4881135.507000000216067, 2063130.4989, 0.0 ], [ 4881133.17879999987781, 2063130.944399999454618, 0.0 ], [ 4881130.516200000420213, 2063130.285299999639392, 0.0 ], [ 4881126.634399999864399, 2063130.07010000012815, 0.0 ], [ 4881123.639000000432134, 2063129.301000000908971, 0.0 ], [ 4881119.977099999785423, 2063127.759199999272823, 0.0 ], [ 4881116.979899999685585, 2063125.77449999935925, 0.0 ], [ 4881112.870199999772012, 2063121.470599999651313, 0.0 ], [ 4881107.6524, 2063117.721000000834465, 0.0 ], [ 4881104.657100000418723, 2063117.062400000169873, 0.0 ], [ 4881101.107200000435114, 2063116.294099999591708, 0.0 ], [ 4881098.111499999649823, 2063115.303999999538064, 0.0 ], [ 4881093.785000000149012, 2063114.3158, 0.0 ], [ 4881089.015800000168383, 2063113.991399999707937, 0.0 ], [ 4881081.5817, 2063111.350199999287724, 0.0 ], [ 4881075.591400000266731, 2063110.143500000238419, 0.0 ], [ 4881069.155899999663234, 2063107.942800000309944, 0.0 ], [ 4881063.942099999636412, 2063106.845499999821186, 0.0 ], [ 4881059.061599999666214, 2063106.1897, 0.0 ], [ 4881053.848500000312924, 2063105.644899999722838, 0.0 ], [ 4881050.63289999961853, 2063105.981200000271201, 0.0 ], [ 4881044.536299999803305, 2063107.869000000879169, 0.0 ], [ 4881038.441700000315905, 2063111.083000000566244, 0.0 ], [ 4881034.230499999597669, 2063113.078500000759959, 0.0 ], [ 4881032.0142, 2063114.186899999156594, 0.0 ], [ 4881028.4699, 2063117.176100000739098, 0.0 ], [ 4881023.4803, 2063117.736099999397993, 0.0 ], [ 4881020.92949999962002, 2063117.6294, 0.0 ], [ 4881016.935700000263751, 2063116.640699999406934, 0.0 ], [ 4881014.383500000461936, 2063115.649900000542402, 0.0 ], [ 4881012.049499999731779, 2063112.22749999910593, 0.0 ], [ 4881010.269000000320375, 2063108.141200000420213, 0.0 ], [ 4881007.49129999987781, 2063104.608999999240041, 0.0 ], [ 4881005.604399999603629, 2063103.5066, 0.0 ], [ 4881001.721300000324845, 2063102.407299999147654, 0.0 ], [ 4881000.05420000012964, 2063099.978499999269843, 0.0 ], [ 4880997.718999999575317, 2063095.782600000500679, 0.0 ], [ 4880996.16370000038296, 2063093.906199999153614, 0.0 ], [ 4880992.272699999623001, 2063087.502299999818206, 0.0 ], [ 4880988.716099999845028, 2063082.313500000163913, 0.0 ], [ 4880985.270200000144541, 2063076.9035, 0.0 ], [ 4880980.1601, 2063071.053999999538064, 0.0 ], [ 4880974.3871, 2063066.863099999725819, 0.0 ], [ 4880964.616399999707937, 2063059.031300000846386, 0.0 ], [ 4880965.83530000038445, 2063058.366499999538064, 0.0 ], [ 4880967.828499999828637, 2063056.374299999326468, 0.0 ], [ 4880968.935100000351667, 2063054.825400000438094, 0.0 ], [ 4880971.25789999961853, 2063050.732999999076128, 0.0 ], [ 4880974.912100000306964, 2063047.080600000917912, 0.0 ], [ 4880983.777200000360608, 2063042.536399999633431, 0.0 ], [ 4880963.932300000451505, 2063046.54450000077486, 0.0 ], [ 4880774.975999999791384, 2063130.926799999549985, 0.0 ], [ 4880774.97719999961555, 2063131.700400000438094, 0.0 ], [ 4880770.654, 2063132.922499999403954, 0.0 ], [ 4880749.707999999634922, 2063142.2368, 0.0 ], [ 4880739.6173, 2063142.91499999910593, 0.0 ], [ 4880708.369199999608099, 2063159.870200000703335, 0.0 ], [ 4880677.900899999774992, 2063179.144899999722838, 0.0 ], [ 4880664.38399999961257, 2063187.674599999561906, 0.0 ], [ 4880610.318900000303984, 2063223.340600000694394, 0.0 ], [ 4880602.6705, 2063225.783399999141693, 0.0 ], [ 4880543.3975, 2063264.33049999922514, 0.0 ], [ 4880540.086199999786913, 2063274.7237, 0.0 ], [ 4880453.746399999596179, 2063382.160800000652671, 0.0 ], [ 4880421.874900000169873, 2063426.966199999675155, 0.0 ], [ 4880406.048499999567866, 2063448.318900000303984, 0.0 ], [ 4880386.553600000217557, 2063463.820000000298023, 0.0 ], [ 4880370.379700000397861, 2063475.337600000202656, 0.0 ], [ 4880339.784099999815226, 2063483.5614, 0.0 ], [ 4880331.361999999731779, 2063487.663100000470877, 0.0 ], [ 4880320.505599999800324, 2063495.415200000628829, 0.0 ], [ 4880317.1875, 2063501.2774, 0.0 ], [ 4880314.9781, 2063507.0274, 0.0 ], [ 4880318.877999999560416, 2063519.2884, 0.0 ], [ 4880324.763899999670684, 2063524.80519999936223, 0.0 ], [ 4880334.308299999684095, 2063529.542899999767542, 0.0 ], [ 4880351.089800000190735, 2063553.388399999588728, 0.0 ], [ 4880355.087899999693036, 2063557.250399999320507, 0.0 ], [ 4880383.100700000301003, 2063601.523800000548363, 0.0 ], [ 4880401.096900000236928, 2063621.941600000485778, 0.0 ], [ 4880403.545599999837577, 2063627.905600000172853, 0.0 ], [ 4880405.005199999548495, 2063639.8388, 0.0 ], [ 4880399.589999999850988, 2063652.334899999201298, 0.0 ], [ 4880391.282599999569356, 2063658.9781, 0.0 ], [ 4880415.092400000430644, 2063710.662200000137091, 0.0 ], [ 4880417.317499999888241, 2063715.410900000482798, 0.0 ], [ 4880424.541299999691546, 2063725.677699999883771, 0.0 ], [ 4880408.6036, 2063746.699100000783801, 0.0 ], [ 4880413.056099999696016, 2063757.743599999696016, 0.0 ], [ 4880414.841199999675155, 2063764.9243, 0.0 ], [ 4880415.073099999688566, 2063771.665200000628829, 0.0 ], [ 4880413.8646, 2063779.181900000199676, 0.0 ], [ 4880407.01630000025034, 2063797.426699999719858, 0.0 ], [ 4880448.197499999776483, 2063822.782800000160933, 0.0 ], [ 4880459.8147, 2063804.751800000667572, 0.0 ], [ 4880466.785299999639392, 2063794.132099999114871, 0.0 ], [ 4880468.238599999807775, 2063801.865800000727177, 0.0 ], [ 4880487.9073, 2063828.359300000593066, 0.0 ], [ 4880520.4496, 2063861.1327, 0.0 ], [ 4880563.2505, 2063857.421499999240041, 0.0 ], [ 4880571.8372, 2063889.125700000673532, 0.0 ], [ 4880574.513899999670684, 2063899.178400000557303, 0.0 ], [ 4880554.018199999816716, 2063912.802200000733137, 0.0 ], [ 4880532.5313, 2063930.958499999716878, 0.0 ], [ 4880506.504599999636412, 2063953.7631, 0.0 ], [ 4880514.06290000025183, 2063965.245100000873208, 0.0 ], [ 4880465.065100000239909, 2063977.917099999263883, 0.0 ], [ 4880426.3756, 2063987.0373, 0.0 ], [ 4880427.500799999572337, 2063997.865800000727177, 0.0 ], [ 4880438.188, 2064025.146299999207258, 0.0 ], [ 4880444.306099999696016, 2064037.625099999830127, 0.0 ], [ 4880455.675200000405312, 2064075.955900000408292, 0.0 ], [ 4880464.9134, 2064098.376000000163913, 0.0 ], [ 4880473.92960000038147, 2064120.686000000685453, 0.0 ], [ 4880480.28110000025481, 2064140.900299999862909, 0.0 ], [ 4880483.751199999824166, 2064162.334499999880791, 0.0 ], [ 4880488.35950000025332, 2064203.3278, 0.0 ], [ 4880491.1497, 2064215.148399999365211, 0.0 ], [ 4880495.950000000186265, 2064236.249099999666214, 0.0 ], [ 4880510.978400000371039, 2064274.353399999439716, 0.0 ], [ 4880508.64989999961108, 2064274.5779, 0.0 ], [ 4880468.382500000298023, 2064266.791999999433756, 0.0 ], [ 4880460.409400000236928, 2064274.429300000891089, 0.0 ], [ 4880459.523, 2064274.983200000599027, 0.0 ], [ 4880454.539099999703467, 2064279.300699999555945, 0.0 ], [ 4880440.918399999849498, 2064292.361700000241399, 0.0 ], [ 4880420.219399999827147, 2064318.142200000584126, 0.0 ], [ 4880405.734899999573827, 2064346.786800000816584, 0.0 ], [ 4880395.13150000013411, 2064375.204500000923872, 0.0 ], [ 4880380.872600000351667, 2064406.279999999329448, 0.0 ], [ 4880373.910699999891222, 2064422.646299999207258, 0.0 ], [ 4880364.40500000026077, 2064443.547499999403954, 0.0 ], [ 4880360.756799999624491, 2064451.178400000557303, 0.0 ], [ 4880353.460900000296533, 2064466.661100000143051, 0.0 ], [ 4880342.07079999987036, 2064488.11769999936223, 0.0 ], [ 4880318.391699999570847, 2064523.185799999162555, 0.0 ], [ 4880306.771800000220537, 2064539.338199999183416, 0.0 ], [ 4880282.318599999882281, 2064575.844200000166893, 0.0 ], [ 4880256.097699999809265, 2064616.773399999365211, 0.0 ], [ 4880254.770700000226498, 2064619.317099999636412, 0.0 ], [ 4880253.5537, 2064621.197699999436736, 0.0 ], [ 4880238.73369999974966, 2064647.85359999909997, 0.0 ], [ 4880218.6075, 2064685.679199999198318, 0.0 ], [ 4880213.741899999789894, 2064694.859099999070168, 0.0 ], [ 4880204.573900000192225, 2064719.075200000777841, 0.0 ], [ 4880191.075400000438094, 2064739.540400000289083, 0.0 ], [ 4880163.633399999700487, 2064779.587400000542402, 0.0 ], [ 4880124.575500000268221, 2064838.328600000590086, 0.0 ], [ 4880070.087600000202656, 2064886.815400000661612, 0.0 ], [ 4880045.933899999596179, 2064901.218499999493361, 0.0 ], [ 4879964.073099999688566, 2064961.903100000694394, 0.0 ], [ 4879921.7582, 2064993.352700000628829, 0.0 ], [ 4879875.3629, 2065039.838300000876188, 0.0 ], [ 4879863.5181, 2065053.780799999833107, 0.0 ], [ 4879841.822100000455976, 2065080.005200000479817, 0.0 ], [ 4879850.25800000037998, 2065085.186499999836087, 0.0 ], [ 4879859.809299999848008, 2065094.565600000321865, 0.0 ], [ 4879863.8087, 2065099.311599999666214, 0.0 ], [ 4879822.0384, 2065124.129699999466538, 0.0 ], [ 4879756.45299999974668, 2065167.218499999493361, 0.0 ], [ 4879709.36849999986589, 2065197.791400000452995, 0.0 ], [ 4879699.0652, 2065204.437699999660254, 0.0 ], [ 4879259.1184, 2065482.051200000569224, 0.0 ], [ 4879236.40610000025481, 2065496.120899999514222, 0.0 ], [ 4879243.50829999987036, 2065499.314999999478459, 0.0 ], [ 4879278.9249, 2065526.115800000727177, 0.0 ], [ 4879292.923000000417233, 2065542.671399999409914, 0.0 ], [ 4879357.025700000114739, 2065618.8279, 0.0 ], [ 4879422.572499999776483, 2065696.63990000076592, 0.0 ], [ 4879482.44510000012815, 2065762.414599999785423, 0.0 ], [ 4879502.9984, 2065787.138299999758601, 0.0 ], [ 4879531.887900000438094, 2065824.447699999436736, 0.0 ], [ 4879556.667000000365078, 2065857.011399999260902, 0.0 ], [ 4879585.88910000026226, 2065894.32039999961853, 0.0 ], [ 4879664.332299999892712, 2065993.883899999782443, 0.0 ], [ 4879674.221099999733269, 2066006.467399999499321, 0.0 ], [ 4879710.005400000140071, 2066056.585899999365211, 0.0 ], [ 4879720.893899999558926, 2066070.273, 0.0 ], [ 4879726.893699999898672, 2066077.8893, 0.0 ], [ 4879694.867200000211596, 2066092.415100000798702, 0.0 ], [ 4879672.157700000330806, 2066108.252900000661612, 0.0 ], [ 4879650.775500000454485, 2066121.767899999395013, 0.0 ], [ 4879510.758399999700487, 2066223.100099999457598, 0.0 ], [ 4879357.879499999806285, 2066325.557199999690056, 0.0 ], [ 4879219.0768, 2066422.909700000658631, 0.0 ], [ 4879124.037200000137091, 2066493.67259999923408, 0.0 ], [ 4878984.467000000178814, 2066596.4419, 0.0 ], [ 4878958.988199999555945, 2066614.052500000223517, 0.0 ], [ 4878929.856499999761581, 2066635.97859999909997, 0.0 ], [ 4878898.286500000394881, 2066658.792600000277162, 0.0 ], [ 4878864.942099999636412, 2066681.609300000593066, 0.0 ], [ 4878834.36670000012964, 2066702.101099999621511, 0.0 ], [ 4878803.237700000405312, 2066723.256799999624491, 0.0 ], [ 4878743.9693, 2066762.469200000166893, 0.0 ], [ 4878660.441599999554455, 2066818.959000000730157, 0.0 ], [ 4878554.7769, 2066902.669099999591708, 0.0 ], [ 4878456.537200000137091, 2066983.0526, 0.0 ], [ 4878348.9929, 2067070.1919, 0.0 ], [ 4878328.841199999675155, 2067090.336400000378489, 0.0 ], [ 4878301.3744, 2067113.033900000154972, 0.0 ], [ 4878301.3799, 2067116.570299999788404, 0.0 ], [ 4878301.161500000394881, 2067118.780899999663234, 0.0 ], [ 4878301.05350000038743, 2067120.659800000488758, 0.0 ], [ 4878300.946100000292063, 2067122.980699999257922, 0.0 ], [ 4878300.506099999882281, 2067125.302200000733137, 0.0 ], [ 4878300.1782, 2067128.397099999710917, 0.0 ], [ 4878299.296, 2067131.60329999960959, 0.0 ], [ 4878297.309399999678135, 2067137.795099999755621, 0.0 ], [ 4878294.436700000427663, 2067144.651399999856949, 0.0 ], [ 4878367.88399999961257, 2067239.800899999216199, 0.0 ], [ 4878448.661100000143051, 2067342.122600000351667, 0.0 ], [ 4878530.213200000114739, 2067443.779999999329448, 0.0 ], [ 4878596.8722, 2067523.799699999392033, 0.0 ], [ 4878676.080799999646842, 2067616.067199999466538, 0.0 ], [ 4878688.299700000323355, 2067629.530999999493361, 0.0 ], [ 4878775.959699999541044, 2067737.257400000467896, 0.0 ], [ 4878881.951999999582767, 2067867.942500000819564, 0.0 ], [ 4878939.502999999560416, 2067938.8037, 0.0 ], [ 4878958.39130000025034, 2067962.645600000396371, 0.0 ], [ 4879003.272300000302494, 2068015.070599999278784, 0.0 ], [ 4879046.597900000400841, 2068065.729699999094009, 0.0 ], [ 4879111.133600000292063, 2068135.69620000012219, 0.0 ], [ 4879117.019500000402331, 2068141.323300000280142, 0.0 ], [ 4879123.6798, 2068145.73369999974966, 0.0 ], [ 4879156.1222, 2068186.131799999624491, 0.0 ], [ 4879195.115399999544024, 2068231.935100000351667, 0.0 ], [ 4879252.3333, 2068302.796900000423193, 0.0 ], [ 4879336.0905, 2068397.378499999642372, 0.0 ], [ 4879340.4232, 2068402.565999999642372, 0.0 ], [ 4879413.29839999973774, 2068487.6601, 0.0 ], [ 4879461.6277, 2068547.484300000593066, 0.0 ], [ 4879556.613599999807775, 2068661.167600000277162, 0.0 ], [ 4879674.933899999596179, 2068805.980000000447035, 0.0 ], [ 4879716.3723, 2068855.758099999278784, 0.0 ], [ 4879866.462100000120699, 2069036.770400000736117, 0.0 ], [ 4879885.892799999564886, 2069053.096599999815226, 0.0 ], [ 4879894.995500000193715, 2069059.381999999284744, 0.0 ], [ 4879904.096699999645352, 2069064.783299999311566, 0.0 ], [ 4879915.30460000038147, 2069069.96030000038445, 0.0 ], [ 4879927.069899999536574, 2069077.125700000673532, 0.0 ], [ 4879938.278900000266731, 2069083.07630000077188, 0.0 ], [ 4879946.161299999803305, 2069089.031999999657273, 0.0 ], [ 4879950.603400000371039, 2069093.335200000554323, 0.0 ], [ 4879953.937400000169873, 2069098.0822, 0.0 ], [ 4879956.830500000156462, 2069104.597999999299645, 0.0 ], [ 4879958.2774, 2069108.13230000063777, 0.0 ], [ 4879960.614400000311434, 2069113.543800000101328, 0.0 ], [ 4879962.051799999549985, 2069110.778799999505281, 0.0 ], [ 4879964.605100000277162, 2069112.653599999845028, 0.0 ], [ 4879967.953200000338256, 2069126.683700000867248, 0.0 ], [ 4879980.638500000350177, 2069155.397700000554323, 0.0 ], [ 4879986.64809999987483, 2069169.534199999645352, 0.0 ], [ 4879991.655799999833107, 2069181.130400000140071, 0.0 ], [ 4880053.199400000274181, 2069253.533099999651313, 0.0 ], [ 4880088.638399999588728, 2069296.1371, 0.0 ], [ 4880134.86739999987185, 2069360.93779999949038, 0.0 ], [ 4880150.8744, 2069386.4419, 0.0 ], [ 4880207.75069999974221, 2069306.786100000143051, 0.0 ], [ 4880268.2747, 2069219.278400000184774, 0.0 ], [ 4880310.21100000012666, 2069159.316800000146031, 0.0 ], [ 4880334.666600000113249, 2069125.573200000450015, 0.0 ], [ 4880336.212000000290573, 2069120.929300000891089, 0.0 ], [ 4880336.54, 2069117.834499999880791, 0.0 ], [ 4880336.533099999651313, 2069113.30350000038743, 0.0 ], [ 4880390.440700000151992, 2069050.008300000801682, 0.0 ], [ 4880394.9847999997437, 2069048.454199999570847, 0.0 ], [ 4880394.3158, 2069046.024000000208616, 0.0 ], [ 4880394.312300000339746, 2069043.703199999406934, 0.0 ], [ 4880395.306400000117719, 2069041.159900000318885, 0.0 ], [ 4880399.950899999588728, 2069032.643400000408292, 0.0 ], [ 4880447.199099999852479, 2068965.379899999126792, 0.0 ], [ 4880487.696999999694526, 2068907.2993, 0.0 ], [ 4880527.422500000335276, 2068851.651200000196695, 0.0 ], [ 4880547.119900000281632, 2068824.545800000429153, 0.0 ], [ 4880544.011800000444055, 2068822.4507, 0.0 ], [ 4880591.690499999560416, 2068746.345799999311566, 0.0 ], [ 4880656.980000000447035, 2068656.400100000202656, 0.0 ], [ 4880721.051, 2068567.230000000447035, 0.0 ], [ 4880703.621799999848008, 2068554.436899999156594, 0.0 ], [ 4880707.716900000348687, 2068549.236600000411272, 0.0 ], [ 4880771.892799999564886, 2068455.97749999910593, 0.0 ], [ 4880783.399400000460446, 2068438.720100000500679, 0.0 ], [ 4880803.3152, 2068409.1831, 0.0 ], [ 4880843.149000000208616, 2068351.54590000025928, 0.0 ], [ 4880869.596099999733269, 2068314.484300000593066, 0.0 ], [ 4880889.735100000165403, 2068285.8311, 0.0 ], [ 4880927.784799999557436, 2068221.565899999812245, 0.0 ], [ 4880960.8805, 2068181.178899999707937, 0.0 ], [ 4880977.2577, 2068158.167600000277162, 0.0 ], [ 4881004.367200000211596, 2068119.005300000309944, 0.0 ], [ 4881022.732300000265241, 2068090.575899999588728, 0.0 ], [ 4881026.487999999895692, 2068080.845100000500679, 0.0 ], [ 4881027.699300000444055, 2068075.2072, 0.0 ], [ 4881034.70380000025034, 2068087.353000000119209, 0.0 ], [ 4881040.931400000117719, 2068099.057900000363588, 0.0 ], [ 4881045.045300000347197, 2068106.345599999651313, 0.0 ], [ 4881045.267799999564886, 2068106.7873, 0.0 ], [ 4881048.604000000283122, 2068113.081499999389052, 0.0 ], [ 4881076.740600000135601, 2068166.8586, 0.0 ], [ 4881092.634100000374019, 2068190.705399999395013, 0.0 ], [ 4881121.2187, 2068247.465800000354648, 0.0 ], [ 4881155.254700000397861, 2068316.042700000107288, 0.0 ], [ 4881164.4868, 2068334.705399999395013, 0.0 ], [ 4881212.304399999789894, 2068423.927500000223517, 0.0 ], [ 4881274.132299999706447, 2068538.435799999162555, 0.0 ], [ 4881326.39809999987483, 2068636.160700000822544, 0.0 ], [ 4881329.400000000372529, 2068641.350199999287724, 0.0 ], [ 4881334.409799999557436, 2068654.493699999526143, 0.0 ], [ 4881361.557900000363588, 2068714.792600000277162, 0.0 ], [ 4881370.353500000201166, 2068738.208000000566244, 0.0 ], [ 4881398.992200000211596, 2068831.105799999088049, 0.0 ], [ 4881410.171, 2068890.765699999406934, 0.0 ], [ 4881414.977900000289083, 2068916.397399999201298, 0.0 ], [ 4881416.095800000242889, 2068922.363299999386072, 0.0 ], [ 4881432.5241, 2069007.101600000634789, 0.0 ], [ 4881453.6272, 2069103.326199999079108, 0.0 ], [ 4881477.35010000038892, 2069098.317399999126792, 0.0 ], [ 4881492.227699999697506, 2069184.163200000301003, 0.0 ], [ 4881508.1119, 2069275.754000000655651, 0.0 ], [ 4881526.351099999621511, 2069384.912799999117851, 0.0 ], [ 4881540.216199999675155, 2069461.145500000566244, 0.0 ], [ 4881541.5581, 2069468.658299999311566, 0.0 ], [ 4881603.921699999831617, 2069423.917500000447035, 0.0 ], [ 4881626.189500000327826, 2069409.959499999880791, 0.0 ], [ 4881638.478799999691546, 2069397.011099999770522, 0.0 ], [ 4881645.0176, 2069394.570000000298023, 0.0 ], [ 4881668.408800000324845, 2069390.2248, 0.0 ], [ 4881678.496299999766052, 2069387.888900000602007, 0.0 ], [ 4881688.801699999719858, 2069383.010900000110269, 0.0 ], [ 4881706.9731, 2069373.369000000879169, 0.0 ], [ 4881721.150999999605119, 2069362.738500000908971, 0.0 ], [ 4881748.277499999850988, 2069335.069700000807643, 0.0 ], [ 4881772.275899999774992, 2069292.044399999082088, 0.0 ], [ 4881798.502999999560416, 2069256.199100000783801, 0.0 ], [ 4881823.969600000418723, 2069230.853499999269843, 0.0 ] ] ] ] } },
{ "type": "Feature", "properties": { "OBJECTID": 4, "Nodo": "Dorado", "Shape_Leng": 44238.8560573, "Shape_Length": 44158.09920059867, "Shape_Area": 67221804.77878122 }, "geometry": { "type": "MultiPolygon", "coordinates": [ [ [ [ 4874765.874800000339746, 2080547.75650000013411, 0.0 ], [ 4874769.404699999839067, 2080536.5888, 0.0 ], [ 4874774.49309999961406, 2080529.286499999463558, 0.0 ], [ 4874779.36089999973774, 2080522.647700000554323, 0.0 ], [ 4874781.785400000400841, 2080513.581599999219179, 0.0 ], [ 4874779.558000000193715, 2080507.506799999624491, 0.0 ], [ 4874781.097199999727309, 2080499.436799999326468, 0.0 ], [ 4874785.075199999846518, 2080491.141699999570847, 0.0 ], [ 4874787.168600000441074, 2080482.960200000554323, 0.0 ], [ 4874787.592000000178814, 2080470.581800000742078, 0.0 ], [ 4874791.895700000226498, 2080457.976099999621511, 0.0 ], [ 4874797.974499999545515, 2080446.030600000172853, 0.0 ], [ 4874801.281700000166893, 2080434.310599999502301, 0.0 ], [ 4874804.69620000012219, 2080420.380200000479817, 0.0 ], [ 4874808.33669999986887, 2080408.99129999987781, 0.0 ], [ 4874816.194899999536574, 2080400.358300000429153, 0.0 ], [ 4874821.278800000436604, 2080390.293199999257922, 0.0 ], [ 4874828.9194, 2080384.202500000596046, 0.0 ], [ 4874836.339800000190735, 2080379.106699999421835, 0.0 ], [ 4874843.431099999696016, 2080376.111300000920892, 0.0 ], [ 4874856.401800000108778, 2080374.98509999923408, 0.0 ], [ 4874868.597400000318885, 2080374.523299999535084, 0.0 ], [ 4874870.5932, 2080374.519999999552965, 0.0 ], [ 4874881.468399999663234, 2080380.249099999666214, 0.0 ], [ 4874891.788599999621511, 2080385.647600000724196, 0.0 ], [ 4874901.888899999670684, 2080392.151599999517202, 0.0 ], [ 4874911.10219999961555, 2080398.656999999657273, 0.0 ], [ 4874925.091099999845028, 2080410.017400000244379, 0.0 ], [ 4874934.4221, 2080420.722200000658631, 0.0 ], [ 4874942.860500000417233, 2080428.002499999478459, 0.0 ], [ 4874949.3015, 2080434.291400000452995, 0.0 ], [ 4874955.747899999842048, 2080443.895700000226498, 0.0 ], [ 4874964.412700000219047, 2080454.049000000581145, 0.0 ], [ 4874970.8586, 2080463.32179999910295, 0.0 ], [ 4874977.3037, 2080472.152499999850988, 0.0 ], [ 4874985.972500000149012, 2080484.737199999392033, 0.0 ], [ 4874992.0872, 2080494.894600000232458, 0.0 ], [ 4874999.198800000362098, 2080504.497899999842048, 0.0 ], [ 4875005.864799999631941, 2080512.775699999183416, 0.0 ], [ 4875011.420400000177324, 2080520.060699999332428, 0.0 ], [ 4875016.759100000374019, 2080530.329900000244379, 0.0 ], [ 4875022.428100000135601, 2080539.16190000064671, 0.0 ], [ 4875029.761199999600649, 2080548.543700000271201, 0.0 ], [ 4875036.427699999883771, 2080557.153100000694394, 0.0 ], [ 4875042.540900000371039, 2080566.426400000229478, 0.0 ], [ 4875049.436599999666214, 2080579.566500000655651, 0.0 ], [ 4875049.5483, 2080580.118899999186397, 0.0 ], [ 4875054.325799999758601, 2080586.189500000327826, 0.0 ], [ 4875117.292100000195205, 2080510.8268, 0.0 ], [ 4875126.810100000351667, 2080500.091399999335408, 0.0 ], [ 4875166.971199999563396, 2080446.426599999889731, 0.0 ], [ 4875202.059399999678135, 2080409.678899999707937, 0.0 ], [ 4875286.637299999594688, 2080328.424100000411272, 0.0 ], [ 4875449.642300000414252, 2080132.991599999368191, 0.0 ], [ 4875526.531999999657273, 2080027.989, 0.0 ], [ 4875649.487200000323355, 2079886.1108, 0.0 ], [ 4875687.665300000458956, 2079839.964700000360608, 0.0 ], [ 4875711.2281, 2079806.4408, 0.0 ], [ 4875749.615399999544024, 2079752.44789999909699, 0.0 ], [ 4875802.937, 2079677.212099999189377, 0.0 ], [ 4875850.7275, 2079609.831800000742078, 0.0 ], [ 4875890.00069999974221, 2079554.953400000929832, 0.0 ], [ 4875927.612999999895692, 2079501.514499999582767, 0.0 ], [ 4875958.700400000438094, 2079458.47440000064671, 0.0 ], [ 4876061.035799999721348, 2079317.625099999830127, 0.0 ], [ 4876091.676099999807775, 2079272.265000000596046, 0.0 ], [ 4876100.525700000114739, 2079259.431099999696016, 0.0 ], [ 4876123.088499999605119, 2079224.3618, 0.0 ], [ 4876150.30530000012368, 2079187.5168999992311, 0.0 ], [ 4876174.869599999859929, 2079155.980900000780821, 0.0 ], [ 4876187.0718, 2079159.4978, 0.0 ], [ 4876188.826000000350177, 2079147.1173, 0.0 ], [ 4876188.25870000012219, 2079139.050699999555945, 0.0 ], [ 4876211.928899999707937, 2079103.095599999651313, 0.0 ], [ 4876251.419499999843538, 2079045.233300000429153, 0.0 ], [ 4876359.493700000457466, 2078886.8037, 0.0 ], [ 4876376.642199999652803, 2078863.347200000658631, 0.0 ], [ 4876411.8277000002563, 2078817.206399999558926, 0.0 ], [ 4876486.7495, 2078727.901599999517202, 0.0 ], [ 4876523.276999999769032, 2078688.942299999296665, 0.0 ], [ 4876574.414300000295043, 2078633.493000000715256, 0.0 ], [ 4876604.966900000348687, 2078602.279200000688434, 0.0 ], [ 4876693.975700000301003, 2078516.1570999994874, 0.0 ], [ 4876723.424200000241399, 2078487.818499999120831, 0.0 ], [ 4876723.86699999962002, 2078487.375800000503659, 0.0 ], [ 4876849.6316, 2078365.941400000825524, 0.0 ], [ 4876957.683000000193715, 2078261.55460000038147, 0.0 ], [ 4876984.585199999623001, 2078235.540999999269843, 0.0 ], [ 4877085.607200000435114, 2078172.940099999308586, 0.0 ], [ 4877163.240500000305474, 2078114.575899999588728, 0.0 ], [ 4877206.11629999987781, 2078092.957599999383092, 0.0 ], [ 4877244.895600000396371, 2078075.103399999439716, 0.0 ], [ 4877318.461500000208616, 2078038.738099999725819, 0.0 ], [ 4877361.230700000189245, 2078019.77250000089407, 0.0 ], [ 4877462.724000000394881, 2077974.411599999293685, 0.0 ], [ 4877526.432300000451505, 2077944.693099999800324, 0.0 ], [ 4877565.766800000332296, 2077927.280200000852346, 0.0 ], [ 4877645.767300000414252, 2077893.004899999126792, 0.0 ], [ 4877709.478199999779463, 2077864.833799999207258, 0.0 ], [ 4877755.681800000369549, 2077843.984200000762939, 0.0 ], [ 4877821.0559, 2077815.810499999672174, 0.0 ], [ 4877876.0028, 2077784.66950000077486, 0.0 ], [ 4877913.014000000432134, 2077770.465399999171495, 0.0 ], [ 4877922.64919999986887, 2077763.266799999400973, 0.0 ], [ 4877980.6875, 2077723.721899999305606, 0.0 ], [ 4878022.876799999736249, 2077688.401599999517202, 0.0 ], [ 4878076.69440000038594, 2077644.111400000751019, 0.0 ], [ 4878157.754700000397861, 2077578.449200000613928, 0.0 ], [ 4878202.82039999961853, 2077538.925000000745058, 0.0 ], [ 4878246.78760000038892, 2077505.922800000756979, 0.0 ], [ 4878282.114299999549985, 2077478.017899999395013, 0.0 ], [ 4878332.834099999628961, 2077437.932299999520183, 0.0 ], [ 4878364.176, 2077414.343699999153614, 0.0 ], [ 4878401.71860000025481, 2077385.330199999734759, 0.0 ], [ 4878420.769500000402331, 2077372.370300000533462, 0.0 ], [ 4878435.057300000451505, 2077362.401599999517202, 0.0 ], [ 4878470.3904, 2077338.475299999117851, 0.0 ], [ 4878536.068, 2077291.293600000441074, 0.0 ], [ 4878595.230899999849498, 2077261.472699999809265, 0.0 ], [ 4878686.404900000430644, 2077210.383300000801682, 0.0 ], [ 4878722.632299999706447, 2077191.097300000488758, 0.0 ], [ 4878776.8103, 2077164.157800000160933, 0.0 ], [ 4878736.830199999734759, 2077123.551300000399351, 0.0 ], [ 4878683.1705, 2077056.55350000038743, 0.0 ], [ 4878628.947300000116229, 2076983.809900000691414, 0.0 ], [ 4878570.2835, 2076907.647299999371171, 0.0 ], [ 4878528.3964, 2076853.119200000539422, 0.0 ], [ 4878495.621799999848008, 2076811.61739999987185, 0.0 ], [ 4878466.7286, 2076770.5515, 0.0 ], [ 4878427.050300000235438, 2076710.494300000369549, 0.0 ], [ 4878422.925499999895692, 2076696.355000000447035, 0.0 ], [ 4878374.707499999552965, 2076635.095499999821186, 0.0 ], [ 4878339.035799999721348, 2076584.646600000560284, 0.0 ], [ 4878304.700000000186265, 2076537.621600000187755, 0.0 ], [ 4878275.7051, 2076502.523700000718236, 0.0 ], [ 4878253.374099999666214, 2076474.488299999386072, 0.0 ], [ 4878211.707600000314415, 2076419.517799999564886, 0.0 ], [ 4878170.4951, 2076371.287900000810623, 0.0 ], [ 4878245.250199999660254, 2076314.145700000226498, 0.0 ], [ 4878331.081500000320375, 2076249.3607, 0.0 ], [ 4878323.191999999806285, 2076238.542700000107288, 0.0 ], [ 4878411.46059999987483, 2076172.317399999126792, 0.0 ], [ 4878500.511400000192225, 2076109.848400000482798, 0.0 ], [ 4878523.884800000116229, 2076095.44510000012815, 0.0 ], [ 4878542.932300000451505, 2076080.053999999538064, 0.0 ], [ 4878572.05599999986589, 2076055.695499999448657, 0.0 ], [ 4878586.3405, 2076043.406199999153614, 0.0 ], [ 4878612.467199999839067, 2076016.952600000426173, 0.0 ], [ 4878656.864199999719858, 2075974.446100000292063, 0.0 ], [ 4878686.977, 2075944.339400000870228, 0.0 ], [ 4878695.0592, 2075936.590900000184774, 0.0 ], [ 4878730.2648, 2075901.503200000151992, 0.0 ], [ 4878800.790500000119209, 2075833.648399999365211, 0.0 ], [ 4878812.856499999761581, 2075820.810100000351667, 0.0 ], [ 4878844.74349999986589, 2075790.7007, 0.0 ], [ 4878937.971, 2075704.13399999961257, 0.0 ], [ 4878953.470099999569356, 2075688.527499999850988, 0.0 ], [ 4878973.8405, 2075668.050799999386072, 0.0 ], [ 4878986.4616, 2075655.543199999257922, 0.0 ], [ 4878993.5767, 2075667.578099999576807, 0.0 ], [ 4879029.330199999734759, 2075628.179700000211596, 0.0 ], [ 4879090.5455, 2075562.32909999974072, 0.0 ], [ 4879109.693799999542534, 2075540.307099999859929, 0.0 ], [ 4879152.532999999821186, 2075493.935499999672174, 0.0 ], [ 4879237.87459999974817, 2075398.319499999284744, 0.0 ], [ 4879277.277800000272691, 2075352.72690000012517, 0.0 ], [ 4879337.94440000038594, 2075290.303300000727177, 0.0 ], [ 4879328.729000000283122, 2075282.471200000494719, 0.0 ], [ 4879285.669499999843538, 2075329.948100000619888, 0.0 ], [ 4879238.652300000190735, 2075256.419199999421835, 0.0 ], [ 4879180.877299999818206, 2075181.470300000160933, 0.0 ], [ 4879140.204900000244379, 2075123.845499999821186, 0.0 ], [ 4879109.978199999779463, 2075080.902699999511242, 0.0 ], [ 4879100.084499999880791, 2075064.67259999923408, 0.0 ], [ 4879069.53110000025481, 2075025.598300000652671, 0.0 ], [ 4879041.852400000207126, 2074981.2149, 0.0 ], [ 4878997.295800000429153, 2074921.606899999082088, 0.0 ], [ 4878985.5164, 2074904.937699999660254, 0.0 ], [ 4878969.736700000241399, 2074882.85950000025332, 0.0 ], [ 4878953.175699999555945, 2074857.467199999839067, 0.0 ], [ 4878928.0608, 2074821.810399999842048, 0.0 ], [ 4878850.8301, 2074714.400900000706315, 0.0 ], [ 4878782.601099999621511, 2074620.01799999922514, 0.0 ], [ 4878748.375799999572337, 2074572.881999999284744, 0.0 ], [ 4878703.263500000350177, 2074512.722400000318885, 0.0 ], [ 4878684.705799999646842, 2074486.891100000590086, 0.0 ], [ 4878657.1464, 2074448.143699999898672, 0.0 ], [ 4878629.251500000245869, 2074407.628699999302626, 0.0 ], [ 4878621.470800000242889, 2074395.484300000593066, 0.0 ], [ 4878594.800800000317395, 2074358.282800000160933, 0.0 ], [ 4878591.68709999974817, 2074352.540999999269843, 0.0 ], [ 4878587.795699999667704, 2074345.805700000375509, 0.0 ], [ 4878541.115500000305474, 2074275.81279999949038, 0.0 ], [ 4878509.0011, 2074231.546900000423193, 0.0 ], [ 4878481.436700000427663, 2074189.705199999734759, 0.0 ], [ 4878446.6628, 2074146.548599999397993, 0.0 ], [ 4878419.6661, 2074113.215600000694394, 0.0 ], [ 4878396.104399999603629, 2074078.440600000321865, 0.0 ], [ 4878371.32079999987036, 2074042.230699999257922, 0.0 ], [ 4878330.086400000378489, 2073980.407400000840425, 0.0 ], [ 4878326.53139999974519, 2073976.102900000289083, 0.0 ], [ 4878348.575899999588728, 2073962.364900000393391, 0.0 ], [ 4878368.0724, 2073950.067500000819564, 0.0 ], [ 4878379.371500000357628, 2073942.977, 0.0 ], [ 4878415.4874, 2073922.144200000911951, 0.0 ], [ 4878455.3619, 2073894.011700000613928, 0.0 ], [ 4878507.083200000226498, 2073854.3673, 0.0 ], [ 4878581.513000000268221, 2073799.989399999380112, 0.0 ], [ 4878603.553999999538064, 2073783.930600000545382, 0.0 ], [ 4878636.46169999986887, 2073767.855000000447035, 0.0 ], [ 4878672.1436, 2073753.101299999281764, 0.0 ], [ 4878734.417999999597669, 2073725.597200000658631, 0.0 ], [ 4878733.083399999886751, 2073723.057399999350309, 0.0 ], [ 4878731.748200000263751, 2073720.0756, 0.0 ], [ 4878730.7456, 2073717.093299999833107, 0.0 ], [ 4878729.742999999783933, 2073714.110999999567866, 0.0 ], [ 4878729.0729, 2073711.017699999734759, 0.0 ], [ 4878728.513500000350177, 2073707.813699999824166, 0.0 ], [ 4878728.176, 2073704.719799999147654, 0.0 ], [ 4878728.060100000351667, 2073701.515100000426173, 0.0 ], [ 4878728.166000000201166, 2073698.310100000351667, 0.0 ], [ 4878728.493700000457466, 2073695.104699999094009, 0.0 ], [ 4878729.0433, 2073692.009400000795722, 0.0 ], [ 4878729.70380000025034, 2073688.914000000804663, 0.0 ], [ 4878730.696999999694526, 2073685.818099999800324, 0.0 ], [ 4878731.6903, 2073682.832699999213219, 0.0 ], [ 4878733.0165, 2073679.957299999892712, 0.0 ], [ 4878734.564399999566376, 2073677.081499999389052, 0.0 ], [ 4878736.223399999551475, 2073674.316099999472499, 0.0 ], [ 4878737.9934, 2073671.661100000143051, 0.0 ], [ 4878740.096400000154972, 2073669.226500000804663, 0.0 ], [ 4878742.199400000274181, 2073666.791899999603629, 0.0 ], [ 4878744.524400000460446, 2073664.467499999329448, 0.0 ], [ 4878746.96059999987483, 2073662.364, 0.0 ], [ 4878749.618700000457466, 2073660.3706, 0.0 ], [ 4878752.277200000360608, 2073658.598300000652671, 0.0 ], [ 4878755.046699999831617, 2073656.936300000175834, 0.0 ], [ 4878757.927500000223517, 2073655.495100000873208, 0.0 ], [ 4878761.141099999658763, 2073654.164000000804663, 0.0 ], [ 4878764.244099999777973, 2073653.053999999538064, 0.0 ], [ 4878767.347500000149012, 2073652.165100000798702, 0.0 ], [ 4878770.562, 2073651.386499999091029, 0.0 ], [ 4878773.776800000108778, 2073650.829, 0.0 ], [ 4878777.102800000458956, 2073650.4923, 0.0 ], [ 4878780.429100000299513, 2073650.376599999144673, 0.0 ], [ 4878783.755699999630451, 2073650.371400000527501, 0.0 ], [ 4878787.082499999552965, 2073650.587300000712276, 0.0 ], [ 4878770.966699999757111, 2073626.409900000318885, 0.0 ], [ 4878777.626500000245869, 2073630.709599999710917, 0.0 ], [ 4878785.17090000025928, 2073633.460699999704957, 0.0 ], [ 4878799.257399999536574, 2073636.091099999845028, 0.0 ], [ 4878815.110399999655783, 2073633.856300000101328, 0.0 ], [ 4878826.411799999885261, 2073628.202500000596046, 0.0 ], [ 4878852.10190000012517, 2073605.507400000467896, 0.0 ], [ 4878865.817800000309944, 2073583.714999999850988, 0.0 ], [ 4878981.6497, 2073413.1239, 0.0 ], [ 4879226.597400000318885, 2073056.339600000530481, 0.0 ], [ 4879236.99210000038147, 2073037.867799999192357, 0.0 ], [ 4879248.258500000461936, 2073009.4485, 0.0 ], [ 4879261.3059, 2072985.447000000625849, 0.0 ], [ 4879259.970099999569356, 2072982.133600000292063, 0.0 ], [ 4879258.745299999602139, 2072978.82010000012815, 0.0 ], [ 4879257.74199999962002, 2072975.3958, 0.0 ], [ 4879256.849700000137091, 2072971.971200000494719, 0.0 ], [ 4879254.838899999856949, 2072962.3597, 0.0 ], [ 4879254.1661, 2072957.498199999332428, 0.0 ], [ 4879254.046799999661744, 2072952.083200000226498, 0.0 ], [ 4879253.927199999801815, 2072946.447200000286102, 0.0 ], [ 4879257.27419999986887, 2072887.869999999180436, 0.0 ], [ 4879133.988099999725819, 2072612.882400000467896, 0.0 ], [ 4879083.9222, 2072504.6568, 0.0 ], [ 4879019.831600000150502, 2072362.19370000064373, 0.0 ], [ 4878991.597, 2072317.258400000631809, 0.0 ], [ 4878968.5937, 2072285.0241, 0.0 ], [ 4878918.842299999669194, 2072237.027699999511242, 0.0 ], [ 4878916.398900000378489, 2072234.489700000733137, 0.0 ], [ 4878893.7456, 2072213.527200000360608, 0.0 ], [ 4878847.340699999593198, 2072178.455700000748038, 0.0 ], [ 4878798.7204, 2072144.934900000691414, 0.0 ], [ 4878829.841900000348687, 2072120.573799999430776, 0.0 ], [ 4878813.632500000298023, 2072107.668800000101328, 0.0 ], [ 4878796.8679, 2072094.322599999606609, 0.0 ], [ 4878741.141800000332296, 2072054.955600000917912, 0.0 ], [ 4878658.773699999786913, 2071996.842599999159575, 0.0 ], [ 4878563.753200000151992, 2071931.565899999812245, 0.0 ], [ 4878545.326999999582767, 2071919.327500000596046, 0.0 ], [ 4878529.786500000394881, 2071908.852800000458956, 0.0 ], [ 4878318.10190000012517, 2071765.403200000524521, 0.0 ], [ 4878170.901600000448525, 2071660.201899999752641, 0.0 ], [ 4878165.340699999593198, 2071649.601199999451637, 0.0 ], [ 4878161.551799999549985, 2071637.56110000051558, 0.0 ], [ 4878161.061599999666214, 2071607.5022, 0.0 ], [ 4878133.740000000223517, 2071651.08699999935925, 0.0 ], [ 4878116.486499999649823, 2071679.957900000736117, 0.0 ], [ 4878090.6003, 2071719.562000000849366, 0.0 ], [ 4877994.7983, 2071865.146999999880791, 0.0 ], [ 4877942.142199999652803, 2071946.235500000417233, 0.0 ], [ 4877929.973199999891222, 2071964.599700000137091, 0.0 ], [ 4877916.476700000464916, 2071984.955299999564886, 0.0 ], [ 4877898.6722999997437, 2072016.037399999797344, 0.0 ], [ 4877802.767400000244379, 2072166.264499999582767, 0.0 ], [ 4877767.479100000113249, 2072220.471300000324845, 0.0 ], [ 4877723.572700000368059, 2072294.584000000730157, 0.0 ], [ 4877693.267400000244379, 2072344.362600000575185, 0.0 ], [ 4877678.999699999578297, 2072367.813799999654293, 0.0 ], [ 4877673.690899999812245, 2072376.663200000301003, 0.0 ], [ 4877543.7029, 2072570.928600000217557, 0.0 ], [ 4877514.278199999593198, 2072616.395899999886751, 0.0 ], [ 4877480.0959, 2072668.50139999948442, 0.0 ], [ 4877437.3986, 2072735.429099999368191, 0.0 ], [ 4877383.640100000426173, 2072819.835400000214577, 0.0 ], [ 4877327.669099999591708, 2072907.450200000777841, 0.0 ], [ 4877277.118200000375509, 2072986.54700000025332, 0.0 ], [ 4877218.934899999760091, 2073077.480699999257922, 0.0 ], [ 4877170.596900000236928, 2073153.25870000012219, 0.0 ], [ 4877119.603900000452995, 2073233.019400000572205, 0.0 ], [ 4877081.54839999973774, 2073289.773, 0.0 ], [ 4877024.8169, 2073386.893500000238419, 0.0 ], [ 4876993.396999999880791, 2073432.364199999719858, 0.0 ], [ 4876961.744699999690056, 2073471.094000000506639, 0.0 ], [ 4876904.646200000308454, 2073546.222999999299645, 0.0 ], [ 4876871.9052, 2073597.663599999621511, 0.0 ], [ 4876782.413499999791384, 2073733.626599999144673, 0.0 ], [ 4876301.079599999822676, 2073185.463500000536442, 0.0 ], [ 4876297.525299999862909, 2073181.7116, 0.0 ], [ 4876255.089599999599159, 2073132.931500000879169, 0.0 ], [ 4876232.983199999667704, 2073107.658700000494719, 0.0 ], [ 4876165.220099999569356, 2073030.295499999076128, 0.0 ], [ 4876154.545599999837577, 2073011.745999999344349, 0.0 ], [ 4876151.980000000447035, 2073002.13539999909699, 0.0 ], [ 4876144.6168, 2072973.965900000184774, 0.0 ], [ 4876141.05599999986589, 2072966.125, 0.0 ], [ 4876030.751899999566376, 2072843.849999999627471, 0.0 ], [ 4876012.088499999605119, 2072822.108200000599027, 0.0 ], [ 4875962.327600000426173, 2072769.361300000920892, 0.0 ], [ 4875954.560399999842048, 2072766.168700000271201, 0.0 ], [ 4875944.129200000315905, 2072761.212099999189377, 0.0 ], [ 4875934.809500000439584, 2072757.911399999633431, 0.0 ], [ 4875915.386199999600649, 2072746.5592, 0.0 ], [ 4875838.508500000461936, 2072655.838400000706315, 0.0 ], [ 4875817.73589999973774, 2072632.6634, 0.0 ], [ 4875796.518400000408292, 2072608.715399999171495, 0.0 ], [ 4875793.629200000315905, 2072604.852, 0.0 ], [ 4875781.96169999986887, 2072589.50899999961257, 0.0 ], [ 4875754.5153, 2072553.41440000012517, 0.0 ], [ 4875588.20380000025034, 2072356.299799999222159, 0.0 ], [ 4875578.2051, 2072344.490599999204278, 0.0 ], [ 4875532.433299999684095, 2072290.300799999386072, 0.0 ], [ 4875443.11739999987185, 2072188.32740000076592, 0.0 ], [ 4875389.9062, 2072128.07120000012219, 0.0 ], [ 4875369.6858, 2072103.67960000038147, 0.0 ], [ 4875361.018299999646842, 2072092.199899999424815, 0.0 ], [ 4875304.252600000239909, 2072028.191800000146031, 0.0 ], [ 4875278.0329, 2071996.7369, 0.0 ], [ 4875233.14850000012666, 2071942.987800000235438, 0.0 ], [ 4875207.818300000391901, 2071913.078700000420213, 0.0 ], [ 4875182.1557, 2071883.280600000172853, 0.0 ], [ 4875156.7237, 2071859.11849999986589, 0.0 ], [ 4875124.1809, 2071826.126499999314547, 0.0 ], [ 4875110.856100000441074, 2071814.764699999243021, 0.0 ], [ 4875103.970200000330806, 2071807.92369999922812, 0.0 ], [ 4875099.8608, 2071803.841299999505281, 0.0 ], [ 4875095.196100000292063, 2071799.207100000232458, 0.0 ], [ 4875082.424499999731779, 2071787.070800000801682, 0.0 ], [ 4875050.1157, 2071761.814500000327826, 0.0 ], [ 4875003.9271, 2071724.86570000089705, 0.0 ], [ 4874976.4013, 2071708.884999999776483, 0.0 ], [ 4874909.674599999561906, 2071657.1601, 0.0 ], [ 4874903.901399999856949, 2071652.748700000345707, 0.0 ], [ 4874891.910199999809265, 2071643.263599999248981, 0.0 ], [ 4874880.585699999704957, 2071634.551000000908971, 0.0 ], [ 4874801.759499999694526, 2071574.9989, 0.0 ], [ 4874716.5949, 2071504.405500000342727, 0.0 ], [ 4874695.495699999853969, 2071485.430700000375509, 0.0 ], [ 4874672.283900000154972, 2071462.922800000756979, 0.0 ], [ 4874600.97690000012517, 2071390.318099999800324, 0.0 ], [ 4874541.894000000320375, 2071334.160499999299645, 0.0 ], [ 4874537.340699999593198, 2071329.857699999585748, 0.0 ], [ 4874532.121100000105798, 2071325.003399999812245, 0.0 ], [ 4874497.6847, 2071287.041400000452995, 0.0 ], [ 4874417.260300000198185, 2071199.310799999162555, 0.0 ], [ 4874359.8355, 2071140.05629999935627, 0.0 ], [ 4874269.3076, 2071044.716499999165535, 0.0 ], [ 4874227.955400000326335, 2070981.568199999630451, 0.0 ], [ 4874195.043800000101328, 2070926.584499999880791, 0.0 ], [ 4874148.784699999727309, 2070846.20380000025034, 0.0 ], [ 4874084.178299999795854, 2070734.466299999505281, 0.0 ], [ 4874082.39740000013262, 2070730.269600000232458, 0.0 ], [ 4874035.994699999690056, 2070629.664899999275804, 0.0 ], [ 4874019.972500000149012, 2070595.9835, 0.0 ], [ 4874007.166000000201166, 2070562.29700000025332, 0.0 ], [ 4873971.750099999830127, 2070467.0899, 0.0 ], [ 4873945.871600000187755, 2070372.420099999755621, 0.0 ], [ 4873929.250799999572337, 2070311.332000000402331, 0.0 ], [ 4873906.5016, 2070162.72580000013113, 0.0 ], [ 4873894.4594, 2070052.451199999079108, 0.0 ], [ 4873893.2155, 2070037.4232, 0.0 ], [ 4873889.417999999597669, 2070020.520500000566244, 0.0 ], [ 4873882.648299999535084, 2069948.033500000834465, 0.0 ], [ 4873881.9699, 2069939.856499999761581, 0.0 ], [ 4873878.6787, 2069892.892899999395013, 0.0 ], [ 4873872.375, 2069834.440600000321865, 0.0 ], [ 4873872.3476, 2069817.310799999162555, 0.0 ], [ 4873867.736700000241399, 2069777.201199999079108, 0.0 ], [ 4873865.604399999603629, 2069761.401000000536442, 0.0 ], [ 4873863.584499999880791, 2069746.4847, 0.0 ], [ 4873822.006699999794364, 2069750.64049999974668, 0.0 ], [ 4873721.222099999897182, 2069760.638000000268221, 0.0 ], [ 4873670.212100000120699, 2069760.830399999395013, 0.0 ], [ 4873630.957700000144541, 2069761.666999999433756, 0.0 ], [ 4873593.2555, 2069762.280200000852346, 0.0 ], [ 4873553.555700000375509, 2069762.012399999424815, 0.0 ], [ 4873514.522199999541044, 2069762.29619999974966, 0.0 ], [ 4873435.691200000233948, 2069770.490499999374151, 0.0 ], [ 4873367.946700000204146, 2069777.009400000795722, 0.0 ], [ 4873287.674499999731779, 2069785.427300000563264, 0.0 ], [ 4873229.5751, 2069790.383500000461936, 0.0 ], [ 4873156.3043, 2069808.294600000604987, 0.0 ], [ 4873058.847299999557436, 2069818.840199999511242, 0.0 ], [ 4873048.868300000205636, 2069819.629899999126792, 0.0 ], [ 4873038.3344, 2069820.199500000104308, 0.0 ], [ 4873023.476700000464916, 2069821.328600000590086, 0.0 ], [ 4872975.2451, 2069825.27449999935925, 0.0 ], [ 4872903.734899999573827, 2069834.6733, 0.0 ], [ 4872812.936700000427663, 2069848.523900000378489, 0.0 ], [ 4872799.731599999591708, 2069843.019500000402331, 0.0 ], [ 4872789.2983, 2069837.179099999368191, 0.0 ], [ 4872776.974999999627471, 2069828.357799999415874, 0.0 ], [ 4872748.6699, 2069811.273700000718236, 0.0 ], [ 4872725.804700000211596, 2069798.048800000920892, 0.0 ], [ 4872709.046500000171363, 2069789.676799999549985, 0.0 ], [ 4872695.620500000193715, 2069784.725299999117851, 0.0 ], [ 4872685.083800000138581, 2069783.526699999347329, 0.0 ], [ 4872667.341099999845028, 2069783.555400000885129, 0.0 ], [ 4872653.371899999678135, 2069785.567299999296665, 0.0 ], [ 4872639.515999999828637, 2069789.015699999406934, 0.0 ], [ 4872628.986399999819696, 2069792.237700000405312, 0.0 ], [ 4872616.686700000427663, 2069798.0044, 0.0 ], [ 4872608.046500000171363, 2069803.7652000002563, 0.0 ], [ 4872599.1853, 2069810.0789, 0.0 ], [ 4872591.7676, 2069817.495400000363588, 0.0 ], [ 4872584.235500000417233, 2069822.812400000169873, 0.0 ], [ 4872570.609199999831617, 2069831.123099999502301, 0.0 ], [ 4872549.884800000116229, 2069838.782199999317527, 0.0 ], [ 4872542.030299999751151, 2069850.3991, 0.0 ], [ 4872527.768699999898672, 2069877.277499999850988, 0.0 ], [ 4872511.28870000038296, 2069903.717299999669194, 0.0 ], [ 4872514.5044, 2069903.601600000634789, 0.0 ], [ 4872524.2621, 2069903.143699999898672, 0.0 ], [ 4872538.677299999631941, 2069902.678300000727177, 0.0 ], [ 4872556.1957, 2069901.102700000628829, 0.0 ], [ 4872570.613099999725819, 2069901.963500000536442, 0.0 ], [ 4872581.485000000335276, 2069904.708799999207258, 0.0 ], [ 4872590.364400000311434, 2069909.667600000277162, 0.0 ], [ 4872598.356999999843538, 2069914.848899999633431, 0.0 ], [ 4872604.909599999897182, 2069921.027100000530481, 0.0 ], [ 4872609.135499999858439, 2069928.424799999222159, 0.0 ], [ 4872613.2456, 2069932.8388, 0.0 ], [ 4872619.0258, 2069941.339099999517202, 0.0 ], [ 4872603.614900000393391, 2069943.242799999192357, 0.0 ], [ 4872571.467199999839067, 2069950.036299999803305, 0.0 ], [ 4872551.740000000223517, 2069957.14130000025034, 0.0 ], [ 4872540.88300000037998, 2069963.568800000473857, 0.0 ], [ 4872537.119599999859929, 2069967.884999999776483, 0.0 ], [ 4872506.7358, 2069968.265799999237061, 0.0 ], [ 4872478.830400000326335, 2069992.513900000602007, 0.0 ], [ 4872426.573900000192225, 2070044.651399999856949, 0.0 ], [ 4872335.902900000102818, 2070136.747500000521541, 0.0 ], [ 4872248.7834, 2070230.495699999853969, 0.0 ], [ 4872182.582999999634922, 2070299.896500000730157, 0.0 ], [ 4872124.467000000178814, 2070362.653400000184774, 0.0 ], [ 4872118.709099999628961, 2070367.85700000077486, 0.0 ], [ 4872068.0044, 2070419.218800000846386, 0.0 ], [ 4872050.740199999883771, 2070440.686899999156594, 0.0 ], [ 4872027.283900000154972, 2070472.995699999853969, 0.0 ], [ 4871993.340599999763072, 2070534.608200000599027, 0.0 ], [ 4871960.618700000457466, 2070597.213400000706315, 0.0 ], [ 4871927.564000000245869, 2070659.598099999129772, 0.0 ], [ 4871896.386800000444055, 2070717.338199999183416, 0.0 ], [ 4871890.088200000114739, 2070730.9419, 0.0 ], [ 4871870.636300000362098, 2070770.759199999272823, 0.0 ], [ 4871861.008100000210106, 2070782.600099999457598, 0.0 ], [ 4871853.603699999861419, 2070798.0844, 0.0 ], [ 4871845.4348, 2070820.753499999642372, 0.0 ], [ 4871840.255400000140071, 2070840.654799999669194, 0.0 ], [ 4871836.4041, 2070859.0066, 0.0 ], [ 4871833.761, 2070870.173100000247359, 0.0 ], [ 4871833.330400000326335, 2070878.130899999290705, 0.0 ], [ 4871826.37459999974817, 2070896.70890000090003, 0.0 ], [ 4871822.060700000263751, 2070903.346899999305606, 0.0 ], [ 4871818.85149999987334, 2070907.441199999302626, 0.0 ], [ 4871814.2012, 2070911.758899999782443, 0.0 ], [ 4871808.552400000393391, 2070915.857200000435114, 0.0 ], [ 4871803.8997, 2070918.738199999555945, 0.0 ], [ 4871795.36600000038743, 2070921.736099999397993, 0.0 ], [ 4871792.927899999544024, 2070922.624199999496341, 0.0 ], [ 4871789.269600000232458, 2070923.293199999257922, 0.0 ], [ 4871784.5016, 2070923.522099999710917, 0.0 ], [ 4871751.6595, 2070980.159800000488758, 0.0 ], [ 4871703.326999999582767, 2071057.71030000038445, 0.0 ], [ 4871665.059600000269711, 2071119.330199999734759, 0.0 ], [ 4871638.968299999833107, 2071099.811499999836087, 0.0 ], [ 4871637.191700000315905, 2071098.377699999138713, 0.0 ], [ 4871625.0899, 2071089.335200000554323, 0.0 ], [ 4871609.326999999582767, 2071079.304099999368191, 0.0 ], [ 4871603.33490000013262, 2071076.88260000012815, 0.0 ], [ 4871597.681300000287592, 2071077.996999999508262, 0.0 ], [ 4871594.2478, 2071080.544399999082088, 0.0 ], [ 4871589.2652000002563, 2071085.083699999377131, 0.0 ], [ 4871583.288499999791384, 2071092.05599999986589, 0.0 ], [ 4871551.410500000230968, 2071127.8048, 0.0 ], [ 4871487.437800000421703, 2071202.397199999541044, 0.0 ], [ 4871472.937199999578297, 2071218.33530000038445, 0.0 ], [ 4871434.974999999627471, 2071263.04590000025928, 0.0 ], [ 4871373.3235, 2071332.882500000298023, 0.0 ], [ 4871341.339100000448525, 2071371.283900000154972, 0.0 ], [ 4871337.462899999693036, 2071374.27419999986887, 0.0 ], [ 4871280.457299999892712, 2071437.030300000682473, 0.0 ], [ 4871254.1108, 2071464.702500000596046, 0.0 ], [ 4871233.965800000354648, 2071487.280799999833107, 0.0 ], [ 4871219.0269, 2071506.314099999144673, 0.0 ], [ 4871211.277700000442564, 2071514.284, 0.0 ], [ 4871171.987999999895692, 2071560.7652000002563, 0.0 ], [ 4871165.347, 2071568.291200000792742, 0.0 ], [ 4871156.4852, 2071574.0526, 0.0 ], [ 4871149.625300000421703, 2071583.347200000658631, 0.0 ], [ 4871122.737200000323355, 2071618.7566, 0.0 ], [ 4871112.447300000116229, 2071632.6985, 0.0 ], [ 4871099.938, 2071645.649399999529123, 0.0 ], [ 4871079.012900000438094, 2071665.797800000756979, 0.0 ], [ 4871051.120699999853969, 2071697.451199999079108, 0.0 ], [ 4871047.806300000287592, 2071704.971799999475479, 0.0 ], [ 4871043.827399999834597, 2071712.935499999672174, 0.0 ], [ 4871033.754800000227988, 2071724.114099999889731, 0.0 ], [ 4871014.601800000295043, 2071742.933399999514222, 0.0 ], [ 4870953.286999999545515, 2071814.759199999272823, 0.0 ], [ 4870922.632299999706447, 2071852.274700000882149, 0.0 ], [ 4870873.370699999853969, 2071903.524800000712276, 0.0 ], [ 4870608.6376, 2072215.617200000211596, 0.0 ], [ 4870431.331000000238419, 2072420.144400000572205, 0.0 ], [ 4870412.4254, 2072454.214700000360608, 0.0 ], [ 4870097.744699999690056, 2072802.089299999177456, 0.0 ], [ 4870655.75789999961853, 2073015.89750000089407, 0.0 ], [ 4870749.255699999630451, 2073027.347100000828505, 0.0 ], [ 4870912.580799999646842, 2072884.953600000590086, 0.0 ], [ 4871044.1568, 2072922.754000000655651, 0.0 ], [ 4871055.285400000400841, 2072946.828199999406934, 0.0 ], [ 4871063.739299999549985, 2072962.838999999687076, 0.0 ], [ 4871069.876000000163913, 2072985.816299999132752, 0.0 ], [ 4871073.9035, 2073007.360300000756979, 0.0 ], [ 4871078.369599999859929, 2073025.919600000604987, 0.0 ], [ 4871081.818799999542534, 2073032.9869, 0.0 ], [ 4871082.336199999786913, 2073077.745100000873208, 0.0 ], [ 4871080.456199999898672, 2073080.842599999159575, 0.0 ], [ 4871077.1349, 2073084.053099999204278, 0.0 ], [ 4871074.479000000283122, 2073087.372899999842048, 0.0 ], [ 4871072.2665, 2073090.581499999389052, 0.0 ], [ 4871070.387299999594688, 2073094.121200000867248, 0.0 ], [ 4871071.060100000351667, 2073098.651200000196695, 0.0 ], [ 4871071.061200000345707, 2073099.314300000667572, 0.0 ], [ 4871072.957600000314415, 2073106.163200000301003, 0.0 ], [ 4871074.7418, 2073112.238600000739098, 0.0 ], [ 4871080.520200000144541, 2073119.633600000292063, 0.0 ], [ 4871078.116899999789894, 2073141.630300000309944, 0.0 ], [ 4871076.367700000293553, 2073156.773900000378489, 0.0 ], [ 4871074.7308, 2073172.801400000229478, 0.0 ], [ 4871072.7769, 2073198.33390000090003, 0.0 ], [ 4871073.132000000216067, 2073211.926699999719858, 0.0 ], [ 4871072.274299999698997, 2073229.721200000494719, 0.0 ], [ 4871074.756699999794364, 2073255.688400000333786, 0.0 ], [ 4871073.221699999645352, 2073266.300499999895692, 0.0 ], [ 4871076.011800000444055, 2073277.126499999314547, 0.0 ], [ 4871078.252500000409782, 2073291.047800000756979, 0.0 ], [ 4871082.266200000420213, 2073304.192600000649691, 0.0 ], [ 4871087.169599999673665, 2073318.993599999696016, 0.0 ], [ 4871091.733199999667704, 2073329.374600000679493, 0.0 ], [ 4871095.850999999791384, 2073338.430099999532104, 0.0 ], [ 4871104.2939, 2073347.810100000351667, 0.0 ], [ 4871116.957100000232458, 2073361.161599999293685, 0.0 ], [ 4871125.723600000143051, 2073365.0152000002563, 0.0 ], [ 4871141.260099999606609, 2073372.394200000911951, 0.0 ], [ 4871151.797799999825656, 2073374.476600000634789, 0.0 ], [ 4871166.990500000305474, 2073375.11460000090301, 0.0 ], [ 4871180.738300000317395, 2073373.765799999237061, 0.0 ], [ 4871197.5872, 2073370.091, 0.0 ], [ 4871214.7643, 2073363.763299999758601, 0.0 ], [ 4871229.614, 2073358.10249999910593, 0.0 ], [ 4871248.891800000332296, 2073348.013699999079108, 0.0 ], [ 4871259.196999999694526, 2073343.576099999248981, 0.0 ], [ 4871269.502500000409782, 2073339.248999999836087, 0.0 ], [ 4871283.906700000166893, 2073332.483799999579787, 0.0 ], [ 4871295.983099999837577, 2073326.1645, 0.0 ], [ 4871315.1513, 2073316.849600000306964, 0.0 ], [ 4871325.786799999885261, 2073310.974700000137091, 0.0 ], [ 4871338.532100000418723, 2073306.86460000090301, 0.0 ], [ 4871349.83559999987483, 2073302.535900000482798, 0.0 ], [ 4871367.461199999786913, 2073299.191400000825524, 0.0 ], [ 4871379.982200000435114, 2073293.534499999135733, 0.0 ], [ 4871396.943599999882281, 2073290.8542, 0.0 ], [ 4871407.588600000366569, 2073290.726199999451637, 0.0 ], [ 4871440.633100000210106, 2073290.671800000593066, 0.0 ], [ 4871460.371899999678135, 2073291.1919, 0.0 ], [ 4871480.443300000391901, 2073291.6009, 0.0 ], [ 4871499.075299999676645, 2073293.338600000366569, 0.0 ], [ 4871509.279799999669194, 2073295.089999999850988, 0.0 ], [ 4871518.154799999669194, 2073297.506799999624491, 0.0 ], [ 4871532.85010000038892, 2073332.847699999809265, 0.0 ], [ 4871498.82149999961257, 2073341.302899999544024, 0.0 ], [ 4871506.033300000242889, 2073343.832900000736117, 0.0 ], [ 4871522.568799999542534, 2073351.873400000855327, 0.0 ], [ 4871530.011, 2073359.597200000658631, 0.0 ], [ 4871538.788499999791384, 2073370.192299999296665, 0.0 ], [ 4871544.568400000222027, 2073378.582000000402331, 0.0 ], [ 4871544.042700000107288, 2073396.044399999082088, 0.0 ], [ 4871531.652200000360608, 2073413.636800000444055, 0.0 ], [ 4871515.701899999752641, 2073424.272600000724196, 0.0 ], [ 4871506.401399999856949, 2073432.79759999923408, 0.0 ], [ 4871475.818, 2073445.88880000077188, 0.0 ], [ 4871436.250199999660254, 2073457.447499999776483, 0.0 ], [ 4871410.980999999679625, 2073465.4463, 0.0 ], [ 4871364.102900000289083, 2073481.990299999713898, 0.0 ], [ 4871330.527200000360608, 2073496.081199999898672, 0.0 ], [ 4871294.619400000199676, 2073508.076099999248981, 0.0 ], [ 4871277.3405, 2073519.929700000211596, 0.0 ], [ 4871271.264000000432134, 2073533.422700000926852, 0.0 ], [ 4871267.183000000193715, 2073546.691400000825524, 0.0 ], [ 4871260.684399999678135, 2073573.2259, 0.0 ], [ 4871258.844499999657273, 2073600.636900000274181, 0.0 ], [ 4871262.884700000286102, 2073629.916999999433756, 0.0 ], [ 4871268.463999999687076, 2073651.126900000497699, 0.0 ], [ 4871274.699199999682605, 2073666.5888, 0.0 ], [ 4871285.7182, 2073691.5472999997437, 0.0 ], [ 4871298.390999999828637, 2073710.75620000064373, 0.0 ], [ 4871309.505199999548495, 2073726.210100000724196, 0.0 ], [ 4871319.0713, 2073744.318900000303984, 0.0 ], [ 4871322.0811, 2073753.928899999707937, 0.0 ], [ 4871319.10190000012517, 2073762.885600000619888, 0.0 ], [ 4871313.794300000183284, 2073771.956599999219179, 0.0 ], [ 4871306.708499999716878, 2073778.599300000816584, 0.0 ], [ 4871288.982300000265241, 2073788.13289999961853, 0.0 ], [ 4871265.817699999548495, 2073794.691500000655651, 0.0 ], [ 4871241.091199999675155, 2073795.505899999290705, 0.0 ], [ 4871182.992600000463426, 2073799.248800000175834, 0.0 ], [ 4871125.999099999666214, 2073800.7796, 0.0 ], [ 4871081.640800000168383, 2073798.6425, 0.0 ], [ 4871033.405600000172853, 2073799.0537, 0.0 ], [ 4870975.753600000403821, 2073804.674799999222159, 0.0 ], [ 4870951.922600000165403, 2073810.57149999961257, 0.0 ], [ 4870923.103000000119209, 2073817.250099999830127, 0.0 ], [ 4870892.407800000160933, 2073829.6787, 0.0 ], [ 4870852.85080000013113, 2073847.64780000038445, 0.0 ], [ 4870822.274400000460446, 2073864.828400000929832, 0.0 ], [ 4870789.58600000012666, 2073878.917999999597669, 0.0 ], [ 4870769.418600000441074, 2073887.350600000470877, 0.0 ], [ 4870736.952499999664724, 2073901.771500000730157, 0.0 ], [ 4870698.937, 2073913.107100000604987, 0.0 ], [ 4870668.347299999557436, 2073922.220100000500679, 0.0 ], [ 4870650.946100000292063, 2073927.111700000241399, 0.0 ], [ 4870642.630900000222027, 2073927.8991, 0.0 ], [ 4870641.086400000378489, 2073932.653799999505281, 0.0 ], [ 4870633.105499999597669, 2073934.4353, 0.0 ], [ 4870623.5718, 2073935.998400000855327, 0.0 ], [ 4870616.925900000147521, 2073940.429999999701977, 0.0 ], [ 4870599.295400000177324, 2073940.79079999960959, 0.0 ], [ 4870590.537200000137091, 2073941.910499999299645, 0.0 ], [ 4870584.5449, 2073939.26799999922514, 0.0 ], [ 4870577.453099999576807, 2073942.263699999079108, 0.0 ], [ 4870568.477900000289083, 2073946.257200000807643, 0.0 ], [ 4870560.603699999861419, 2073945.4967, 0.0 ], [ 4870552.503100000321865, 2073941.973600000143051, 0.0 ], [ 4870518.465599999763072, 2073944.9035, 0.0 ], [ 4870496.5175, 2073949.471000000834465, 0.0 ], [ 4870450.069299999624491, 2073957.615800000727177, 0.0 ], [ 4870430.6721, 2073962.4002, 0.0 ], [ 4870405.070000000298023, 2073970.178899999707937, 0.0 ], [ 4870387.563299999572337, 2073978.27559999935329, 0.0 ], [ 4870372.051900000311434, 2073985.926999999210238, 0.0 ], [ 4870337.471900000236928, 2073996.041500000283122, 0.0 ], [ 4870302.1234, 2074010.798900000751019, 0.0 ], [ 4870296.813, 2074018.101800000295043, 0.0 ], [ 4870287.3942, 2074022.096000000834465, 0.0 ], [ 4870279.30559999961406, 2074025.75650000013411, 0.0 ], [ 4870266.587799999862909, 2074046.333699999377131, 0.0 ], [ 4870258.626299999654293, 2074059.83, 0.0 ], [ 4870244.136400000192225, 2074081.625800000503659, 0.0 ], [ 4870232.7467, 2074100.6535, 0.0 ], [ 4870227.868200000375509, 2074100.993200000375509, 0.0 ], [ 4870227.76410000026226, 2074105.082499999552965, 0.0 ], [ 4870221.9002, 2074112.93889999948442, 0.0 ], [ 4870216.3849, 2074130.409700000658631, 0.0 ], [ 4870217.610000000335276, 2074133.612600000575185, 0.0 ], [ 4870220.4901, 2074131.839500000700355, 0.0 ], [ 4870223.488300000317395, 2074134.37639999948442, 0.0 ], [ 4870220.946100000292063, 2074139.353900000452995, 0.0 ], [ 4870218.737800000235438, 2074144.993899999186397, 0.0 ], [ 4870220.5186, 2074148.969499999657273, 0.0 ], [ 4870216.207999999634922, 2074157.376000000163913, 0.0 ], [ 4870214.113800000399351, 2074165.005100000649691, 0.0 ], [ 4870215.677299999631941, 2074171.633400000631809, 0.0 ], [ 4870210.5844, 2074176.394099999219179, 0.0 ], [ 4870208.267400000244379, 2074183.360500000417233, 0.0 ], [ 4870206.190899999812245, 2074201.599199999123812, 0.0 ], [ 4870202.217899999581277, 2074212.989, 0.0 ], [ 4870198.2423, 2074222.831499999389052, 0.0 ], [ 4870193.716799999587238, 2074235.32740000076592, 0.0 ], [ 4870178.903599999845028, 2074262.760199999436736, 0.0 ], [ 4870164.6414, 2074288.092199999839067, 0.0 ], [ 4870159.8898, 2074298.046499999240041, 0.0 ], [ 4870155.133100000210106, 2074304.906500000506639, 0.0 ], [ 4870150.717899999581277, 2074317.070599999278784, 0.0 ], [ 4870142.871299999766052, 2074332.887599999085069, 0.0 ], [ 4870136.247399999760091, 2074350.47069999948144, 0.0 ], [ 4870124.632799999788404, 2074367.620100000873208, 0.0 ], [ 4870110.9244, 2074392.509099999442697, 0.0 ], [ 4870101.314799999818206, 2074415.070499999448657, 0.0 ], [ 4870099.557799999602139, 2074425.351399999111891, 0.0 ], [ 4870100.894299999810755, 2074428.885700000450015, 0.0 ], [ 4870100.90749999973923, 2074436.8429000005126, 0.0 ], [ 4870097.603199999779463, 2074450.220899999141693, 0.0 ], [ 4870098.073800000362098, 2074466.466, 0.0 ], [ 4870097.673000000417233, 2074492.106499999761581, 0.0 ], [ 4870100.147699999623001, 2074513.210999999195337, 0.0 ], [ 4870104.6113, 2074530.112600000575185, 0.0 ], [ 4870104.627299999818206, 2074539.72749999910593, 0.0 ], [ 4870105.2051, 2074553.7621, 0.0 ], [ 4870104.0143, 2074571.115199999883771, 0.0 ], [ 4870099.828499999828637, 2074587.810100000351667, 0.0 ], [ 4870095.851700000464916, 2074596.879100000485778, 0.0 ], [ 4870086.345700000412762, 2074615.0197, 0.0 ], [ 4870079.488800000399351, 2074625.861700000241399, 0.0 ], [ 4870056.338000000454485, 2074640.488500000908971, 0.0 ], [ 4870031.419599999673665, 2074659.096799999475479, 0.0 ], [ 4870007.932199999690056, 2074671.403300000354648, 0.0 ], [ 4869976.805499999783933, 2074690.7956000007689, 0.0 ], [ 4869939.588100000284612, 2074714.950300000607967, 0.0 ], [ 4869900.613599999807775, 2074749.386, 0.0 ], [ 4869874.588899999856949, 2074769.433000000193715, 0.0 ], [ 4869843.586199999786913, 2074796.671800000593066, 0.0 ], [ 4869826.308400000445545, 2074808.8575, 0.0 ], [ 4869812.3449, 2074813.74349999986589, 0.0 ], [ 4869799.1585, 2074819.1809, 0.0 ], [ 4869789.959099999628961, 2074821.627599999308586, 0.0 ], [ 4869764.681200000457466, 2074824.101299999281764, 0.0 ], [ 4869749.726700000464916, 2074833.1886, 0.0 ], [ 4869737.876199999824166, 2074841.7182, 0.0 ], [ 4869724.724399999715388, 2074867.822100000455976, 0.0 ], [ 4869712.5872, 2074903.870799999684095, 0.0 ], [ 4869713.851700000464916, 2074930.613700000569224, 0.0 ], [ 4869720.652099999599159, 2074952.374099999666214, 0.0 ], [ 4869729.114900000393391, 2074973.57909999974072, 0.0 ], [ 4869745.501199999824166, 2075025.052500000223517, 0.0 ], [ 4869776.821000000461936, 2075121.259999999776483, 0.0 ], [ 4869791.686300000175834, 2075191.523700000718236, 0.0 ], [ 4869806.916600000113249, 2075281.1272, 0.0 ], [ 4869820.801699999719858, 2075362.002100000157952, 0.0 ], [ 4869826.324500000104308, 2075415.482799999415874, 0.0 ], [ 4869831.352800000458956, 2075438.461899999529123, 0.0 ], [ 4869837.378999999724329, 2075461.439200000837445, 0.0 ], [ 4869842.298499999567866, 2075485.634099999442697, 0.0 ], [ 4869849.085699999704957, 2075499.547900000587106, 0.0 ], [ 4869863.088499999605119, 2075518.2017, 0.0 ], [ 4869872.877899999730289, 2075537.083699999377131, 0.0 ], [ 4869888.533900000154972, 2075549.7668999992311, 0.0 ], [ 4869906.521599999628961, 2075564.324999999254942, 0.0 ], [ 4869924.176699999719858, 2075578.88370000012219, 0.0 ], [ 4869944.374900000169873, 2075589.128000000491738, 0.0 ], [ 4869972.564299999736249, 2075603.890000000596046, 0.0 ], [ 4869984.43709999974817, 2075608.732899999246001, 0.0 ], [ 4870001.525500000454485, 2075615.998500000685453, 0.0 ], [ 4870025.944299999624491, 2075630.4353, 0.0 ], [ 4870042.481499999761581, 2075639.580600000917912, 0.0 ], [ 4870053.3602, 2075646.745999999344349, 0.0 ], [ 4870061.3449, 2075647.395700000226498, 0.0 ], [ 4870067.88399999961257, 2075645.505999999120831, 0.0 ], [ 4870072.327499999664724, 2075650.361300000920892, 0.0 ], [ 4870074.113800000399351, 2075657.6524, 0.0 ], [ 4870086.097500000149012, 2075662.495100000873208, 0.0 ], [ 4870109.407599999569356, 2075677.044399999082088, 0.0 ], [ 4870122.61780000012368, 2075685.974099999293685, 0.0 ], [ 4870128.051099999807775, 2075685.965099999681115, 0.0 ], [ 4870134.926, 2075685.953600000590086, 0.0 ], [ 4870143.904500000178814, 2075684.059800000861287, 0.0 ], [ 4870147.679700000211596, 2075687.148, 0.0 ], [ 4870151.905500000342727, 2075694.435000000521541, 0.0 ], [ 4870156.13219999987632, 2075702.274599999189377, 0.0 ], [ 4870156.810600000433624, 2075710.120200000703335, 0.0 ], [ 4870167.806400000117719, 2075721.042899999767542, 0.0 ], [ 4870191.5866, 2075751.505799999460578, 0.0 ], [ 4870222.157599999569356, 2075798.092700000852346, 0.0 ], [ 4870234.963899999856949, 2075830.784199999645352, 0.0 ], [ 4870250.300200000405312, 2075851.314600000157952, 0.0 ], [ 4870258.733300000429153, 2075854.837099999189377, 0.0 ], [ 4870263.066100000403821, 2075859.803099999204278, 0.0 ], [ 4870267.289599999785423, 2075865.763900000602007, 0.0 ], [ 4870271.62540000025183, 2075872.498199999332428, 0.0 ], [ 4870272.755400000140071, 2075885.205700000748038, 0.0 ], [ 4870306.289800000376999, 2075913.552500000223517, 0.0 ], [ 4870354.699900000356138, 2075952.263000000268221, 0.0 ], [ 4870393.795800000429153, 2075990.989099999889731, 0.0 ], [ 4870423.109299999661744, 2076015.032800000160933, 0.0 ], [ 4870473.190999999642372, 2076058.824300000444055, 0.0 ], [ 4870533.602400000207126, 2076113.097699999809265, 0.0 ], [ 4870537.9506, 2076127.346999999135733, 0.0 ], [ 4870537.088899999856949, 2076142.599700000137091, 0.0 ], [ 4870533.004300000146031, 2076153.437100000679493, 0.0 ], [ 4870523.605499999597669, 2076169.2566, 0.0 ], [ 4870501.4693, 2076193.607100000604987, 0.0 ], [ 4870486.076899999752641, 2076205.900100000202656, 0.0 ], [ 4870468.685499999672174, 2076216.317600000649691, 0.0 ], [ 4870443.863099999725819, 2076225.642400000244379, 0.0 ], [ 4870416.704699999652803, 2076230.5504, 0.0 ], [ 4870386.569799999706447, 2076245.85190000012517, 0.0 ], [ 4870349.678399999625981, 2076265.585400000214577, 0.0 ], [ 4870310.241899999789894, 2076288.417600000277162, 0.0 ], [ 4870286.3224, 2076307.245300000533462, 0.0 ], [ 4870249.788099999539554, 2076341.566400000825524, 0.0 ], [ 4870237.1847, 2076363.911800000816584, 0.0 ], [ 4870223.463499999605119, 2076380.954199999570847, 0.0 ], [ 4870197.210900000296533, 2076463.332900000736117, 0.0 ], [ 4870175.977300000376999, 2076563.16469999961555, 0.0 ], [ 4870154.4929, 2076645.645899999886751, 0.0 ], [ 4870143.048499999567866, 2076697.939400000497699, 0.0 ], [ 4870134.2028, 2076712.8739, 0.0 ], [ 4870121.597099999897182, 2076733.782600000500679, 0.0 ], [ 4870100.468399999663234, 2076763.657400000840425, 0.0 ], [ 4870062.9074, 2076780.629300000146031, 0.0 ], [ 4870037.761099999770522, 2076795.038599999621511, 0.0 ], [ 4870022.286500000394881, 2076824.351399999111891, 0.0 ], [ 4870047.114799999631941, 2077017.27170000039041, 0.0 ], [ 4870047.780299999751151, 2077017.381100000813603, 0.0 ], [ 4870004.783900000154972, 2077033.035900000482798, 0.0 ], [ 4870006.675099999643862, 2077036.6798, 0.0 ], [ 4870009.24170000012964, 2077046.401000000536442, 0.0 ], [ 4870049.13329999987036, 2077030.751299999654293, 0.0 ], [ 4870049.698200000450015, 2077037.049799999222159, 0.0 ], [ 4870050.380199999548495, 2077046.995100000873208, 0.0 ], [ 4870073.631099999882281, 2077092.599500000476837, 0.0 ], [ 4870078.744400000199676, 2077100.216600000858307, 0.0 ], [ 4870085.857599999755621, 2077110.151200000196695, 0.0 ], [ 4870096.515599999576807, 2077118.090500000864267, 0.0 ], [ 4870107.066999999806285, 2077128.571900000795722, 0.0 ], [ 4870114.4008, 2077137.843000000342727, 0.0 ], [ 4870119.066800000146031, 2077143.140000000596046, 0.0 ], [ 4870128.05559999961406, 2077147.5456000007689, 0.0 ], [ 4870140.379099999554455, 2077156.808399999514222, 0.0 ], [ 4870156.698599999770522, 2077168.606300000101328, 0.0 ], [ 4870171.353199999779463, 2077179.412399999797344, 0.0 ], [ 4870180.572499999776483, 2077189.011900000274181, 0.0 ], [ 4870190.670800000429153, 2077193.747199999168515, 0.0 ], [ 4870208.5417, 2077204.990000000223517, 0.0 ], [ 4870219.0883, 2077212.597899999469519, 0.0 ], [ 4870233.630300000309944, 2077222.409600000828505, 0.0 ], [ 4870244.512799999676645, 2077232.006300000473857, 0.0 ], [ 4870258.721900000236928, 2077241.597500000149012, 0.0 ], [ 4870270.269100000150502, 2077250.861500000581145, 0.0 ], [ 4870278.374099999666214, 2077257.147399999201298, 0.0 ], [ 4870290.9156, 2077264.199500000104308, 0.0 ], [ 4870300.463600000366569, 2077271.477600000798702, 0.0 ], [ 4870314.449199999682605, 2077280.074500000104308, 0.0 ], [ 4870324.672899999655783, 2077293.540400000289083, 0.0 ], [ 4870335.67, 2077305.347200000658631, 0.0 ], [ 4870345.672899999655783, 2077319.366100000217557, 0.0 ], [ 4870355.34360000025481, 2077333.7171, 0.0 ], [ 4870362.901499999687076, 2077344.424499999731779, 0.0 ], [ 4870364.583999999798834, 2077355.915400000289083, 0.0 ], [ 4870370.0444, 2077372.152200000360608, 0.0 ], [ 4870379.387799999676645, 2077389.708699999377131, 0.0 ], [ 4870385.50829999987036, 2077402.849899999797344, 0.0 ], [ 4870392.965699999593198, 2077419.746500000357628, 0.0 ], [ 4870396.540699999779463, 2077435.7654, 0.0 ], [ 4870395.125799999572337, 2077451.682099999859929, 0.0 ], [ 4870398.142900000326335, 2077465.602099999785423, 0.0 ], [ 4870399.282200000248849, 2077483.835400000214577, 0.0 ], [ 4870399.309399999678135, 2077500.081299999728799, 0.0 ], [ 4870400.55420000012964, 2077515.109400000423193, 0.0 ], [ 4870400.466300000436604, 2077528.8136, 0.0 ], [ 4870399.713000000454485, 2077542.518899999558926, 0.0 ], [ 4870397.187300000339746, 2077557.221799999475479, 0.0 ], [ 4870393.322499999776483, 2077566.8432, 0.0 ], [ 4870385.797500000335276, 2077575.807600000873208, 0.0 ], [ 4870381.371299999766052, 2077581.2303, 0.0 ], [ 4870371.07120000012219, 2077588.320599999278784, 0.0 ], [ 4870356.002000000327826, 2077594.755799999460578, 0.0 ], [ 4870343.811300000175834, 2077598.533700000494719, 0.0 ], [ 4870329.955, 2077600.877800000831485, 0.0 ], [ 4870317.425699999555945, 2077601.119799999520183, 0.0 ], [ 4870300.5713, 2077600.926999999210238, 0.0 ], [ 4870287.25800000037998, 2077596.418099999427795, 0.0 ], [ 4870265.852400000207126, 2077593.2489, 0.0 ], [ 4870253.8728, 2077590.616599999368191, 0.0 ], [ 4870237.2363, 2077588.102600000798702, 0.0 ], [ 4870218.603900000452995, 2077585.591900000348687, 0.0 ], [ 4870200.191200000233948, 2077581.865199999883771, 0.0 ], [ 4870178.341099999845028, 2077578.033700000494719, 0.0 ], [ 4870161.927799999713898, 2077576.403400000184774, 0.0 ], [ 4870149.393899999558926, 2077573.88260000012815, 0.0 ], [ 4870136.197999999858439, 2077573.352099999785423, 0.0 ], [ 4870119.781600000336766, 2077569.843100000172853, 0.0 ], [ 4870102.147699999623001, 2077567.6623, 0.0 ], [ 4870086.619800000451505, 2077565.035900000482798, 0.0 ], [ 4870064.546900000423193, 2077560.652300000190735, 0.0 ], [ 4870053.901200000196695, 2077560.006999999284744, 0.0 ], [ 4870036.824300000444055, 2077559.372600000351667, 0.0 ], [ 4870009.544200000353158, 2077557.5395, 0.0 ], [ 4869989.917000000365078, 2077556.909399999305606, 0.0 ], [ 4869968.955500000156462, 2077554.071100000292063, 0.0 ], [ 4869940.894399999640882, 2077549.36600000038743, 0.0 ], [ 4869921.708100000396371, 2077547.18779999949038, 0.0 ], [ 4869911.725399999879301, 2077545.215299999341369, 0.0 ], [ 4869897.751199999824166, 2077543.359999999403954, 0.0 ], [ 4869885.33559999987483, 2077545.259600000455976, 0.0 ], [ 4869873.1402000002563, 2077546.274700000882149, 0.0 ], [ 4869869.812699999660254, 2077545.617200000211596, 0.0 ], [ 4869864.933299999684095, 2077545.293800000101328, 0.0 ], [ 4869857.281499999575317, 2077544.754100000485778, 0.0 ], [ 4869856.283599999733269, 2077544.755799999460578, 0.0 ], [ 4869851.2928, 2077544.101099999621511, 0.0 ], [ 4869832.6667, 2077545.347999999299645, 0.0 ], [ 4869815.2588, 2077545.708799999207258, 0.0 ], [ 4869797.634499999694526, 2077549.275000000372529, 0.0 ], [ 4869786.4397, 2077551.835699999704957, 0.0 ], [ 4869775.46999999973923, 2077556.385299999266863, 0.0 ], [ 4869763.613099999725819, 2077560.825899999588728, 0.0 ], [ 4869752.310700000263751, 2077565.376000000163913, 0.0 ], [ 4869739.121500000357628, 2077568.824200000613928, 0.0 ], [ 4869726.602099999785423, 2077574.92369999922812, 0.0 ], [ 4869713.412499999627471, 2077578.150800000876188, 0.0 ], [ 4869698.009600000455976, 2077583.923599999397993, 0.0 ], [ 4869686.154400000348687, 2077589.358899999409914, 0.0 ], [ 4869678.398, 2077592.576899999752641, 0.0 ], [ 4869666.2138, 2077600.222999999299645, 0.0 ], [ 4869658.127600000239909, 2077605.09940000064671, 0.0 ], [ 4869651.925699999555945, 2077609.530500000342727, 0.0 ], [ 4869640.850499999709427, 2077617.285299999639392, 0.0 ], [ 4869631.5428, 2077621.058499999344349, 0.0 ], [ 4869622.461799999698997, 2077627.815300000831485, 0.0 ], [ 4869610.385900000110269, 2077633.914000000804663, 0.0 ], [ 4869596.87540000025183, 2077644.104299999773502, 0.0 ], [ 4869587.571600000374019, 2077650.198400000110269, 0.0 ], [ 4869575.275600000284612, 2077657.292099999263883, 0.0 ], [ 4869566.864799999631941, 2077666.921299999579787, 0.0 ], [ 4869556.3487, 2077677.438100000843406, 0.0 ], [ 4869549.047600000165403, 2077687.617900000885129, 0.0 ], [ 4869541.746000000275671, 2077697.466199999675155, 0.0 ], [ 4869536.988300000317395, 2077703.5526, 0.0 ], [ 4869530.24349999986589, 2077714.83669999986887, 0.0 ], [ 4869525.604100000113249, 2077725.343599999323487, 0.0 ], [ 4869520.29839999973774, 2077735.188500000163913, 0.0 ], [ 4869519.318300000391901, 2077745.799799999222159, 0.0 ], [ 4869522.557500000111759, 2077759.829900000244379, 0.0 ], [ 4869527.456799999810755, 2077771.978499999269843, 0.0 ], [ 4869533.9002, 2077779.261800000444055, 0.0 ], [ 4869545.111200000159442, 2077786.315999999642372, 0.0 ], [ 4869557.316700000315905, 2077791.379200000315905, 0.0 ], [ 4869569.523900000378489, 2077797.437000000849366, 0.0 ], [ 4869585.050499999895692, 2077799.28969999961555, 0.0 ], [ 4869602.356800000183284, 2077804.454800000414252, 0.0 ], [ 4869622.655600000172853, 2077808.841299999505281, 0.0 ], [ 4869637.7407, 2077811.910399999469519, 0.0 ], [ 4869655.490299999713898, 2077816.964299999177456, 0.0 ], [ 4869674.6815, 2077822.126299999654293, 0.0 ], [ 4869691.763000000268221, 2077825.523600000888109, 0.0 ], [ 4869706.295599999837577, 2077829.698799999430776, 0.0 ], [ 4869731.583499999716878, 2077833.745300000533462, 0.0 ], [ 4869748.666299999691546, 2077837.916300000622869, 0.0 ], [ 4869762.977, 2077842.09180000051856, 0.0 ], [ 4869788.1557, 2077847.133300000801682, 0.0 ], [ 4869801.356300000101328, 2077850.537100000306964, 0.0 ], [ 4869815.782800000160933, 2077857.585899999365211, 0.0 ], [ 4869829.9836, 2077862.314200000837445, 0.0 ], [ 4869843.854000000283122, 2077868.369300000369549, 0.0 ], [ 4869856.391200000420213, 2077872.879499999806285, 0.0 ], [ 4869867.266200000420213, 2077877.945000000298023, 0.0 ], [ 4869880.801699999719858, 2077882.6744, 0.0 ], [ 4869895.001000000163913, 2077886.518699999898672, 0.0 ], [ 4869909.090400000102818, 2077890.9156, 0.0 ], [ 4869923.624900000169873, 2077896.306500000879169, 0.0 ], [ 4869947.920400000177324, 2077903.670399999246001, 0.0 ], [ 4869966.335799999535084, 2077909.054700000211596, 0.0 ], [ 4869982.643299999646842, 2077913.7796, 0.0 ], [ 4870001.0598, 2077919.827099999412894, 0.0 ], [ 4870018.366899999789894, 2077925.5449, 0.0 ], [ 4870034.78870000038296, 2077932.2588, 0.0 ], [ 4870049.320600000210106, 2077936.10249999910593, 0.0 ], [ 4870065.404699999839067, 2077939.833100000396371, 0.0 ], [ 4870078.609199999831617, 2077945.557800000533462, 0.0 ], [ 4870096.7982, 2077948.179700000211596, 0.0 ], [ 4870117.206600000150502, 2077951.903000000864267, 0.0 ], [ 4870122.206799999810755, 2077958.1941, 0.0 ], [ 4870129.421500000171363, 2077962.602600000798702, 0.0 ], [ 4870138.625799999572337, 2077963.25029999949038, 0.0 ], [ 4870151.9347, 2077965.106799999251962, 0.0 ], [ 4870167.904900000430644, 2077967.069299999624491, 0.0 ], [ 4870175.352099999785423, 2077977.887399999424815, 0.0 ], [ 4870182.13289999961853, 2077988.043600000441074, 0.0 ], [ 4870188.577499999664724, 2077996.10050000064075, 0.0 ], [ 4870199.896999999880791, 2078001.828400000929832, 0.0 ], [ 4870211.442499999888241, 2078010.097699999809265, 0.0 ], [ 4870215.667299999855459, 2078016.8322, 0.0 ], [ 4870223.112499999813735, 2078026.434599999338388, 0.0 ], [ 4870228.116600000299513, 2078035.046499999240041, 0.0 ], [ 4870232.126400000415742, 2078045.870400000363588, 0.0 ], [ 4870237.906700000166893, 2078054.481000000610948, 0.0 ], [ 4870238.368900000117719, 2078065.642400000244379, 0.0 ], [ 4870243.938699999824166, 2078080.994899999350309, 0.0 ], [ 4870243.961900000460446, 2078094.809399999678135, 0.0 ], [ 4870244.985600000247359, 2078110.16950000077486, 0.0 ], [ 4870247.9046, 2078131.715299999341369, 0.0 ], [ 4870244.063400000333786, 2078155.372300000861287, 0.0 ], [ 4870245.769000000320375, 2078180.677699999883771, 0.0 ], [ 4870244.139899999834597, 2078201.0154, 0.0 ], [ 4870243.6442, 2078236.050000000745058, 0.0 ], [ 4870243.683899999596179, 2078259.700500000268221, 0.0 ], [ 4870245.373999999836087, 2078275.722500000149012, 0.0 ], [ 4870245.961500000208616, 2078295.504000000655651, 0.0 ], [ 4870244.916500000283122, 2078333.523399999365211, 0.0 ], [ 4870244.980200000107288, 2078371.540999999269843, 0.0 ], [ 4870246.1343, 2078398.505100000649691, 0.0 ], [ 4870244.5016, 2078416.743000000715256, 0.0 ], [ 4870237.334099999628961, 2078440.405600000172853, 0.0 ], [ 4870232.374800000339746, 2078458.538599999621511, 0.0 ], [ 4870222.97690000012517, 2078474.579299999400973, 0.0 ], [ 4870209.710900000296533, 2078498.252100000157952, 0.0 ], [ 4870197.202200000174344, 2078510.650900000706315, 0.0 ], [ 4870183.917700000107288, 2078523.272099999710917, 0.0 ], [ 4870178.942900000140071, 2078532.121799999848008, 0.0 ], [ 4870160.11739999987185, 2078546.520500000566244, 0.0 ], [ 4870146.8273, 2078555.826199999079108, 0.0 ], [ 4870134.75899999961257, 2078566.345499999821186, 0.0 ], [ 4870114.821000000461936, 2078578.535800000652671, 0.0 ], [ 4870102.6425, 2078589.497400000691414, 0.0 ], [ 4870079.939000000245869, 2078605.560499999672174, 0.0 ], [ 4870071.300300000235438, 2078611.542899999767542, 0.0 ], [ 4870061.337799999862909, 2078621.506100000813603, 0.0 ], [ 4870051.9397, 2078637.436300000175834, 0.0 ], [ 4870043.659900000318885, 2078659.000900000333786, 0.0 ], [ 4870043.585099999792874, 2078680.441299999132752, 0.0 ], [ 4870050.828300000168383, 2078701.869300000369549, 0.0 ], [ 4870061.503399999812245, 2078720.0866, 0.0 ], [ 4870070.402499999850988, 2078737.091199999675155, 0.0 ], [ 4870089.8416, 2078757.94620000012219, 0.0 ], [ 4870101.841099999845028, 2078772.5142, 0.0 ], [ 4870112.961400000378489, 2078791.725400000810623, 0.0 ], [ 4870127.960699999704957, 2078809.824899999424815, 0.0 ], [ 4870133.7418, 2078818.988099999725819, 0.0 ], [ 4870141.627100000157952, 2078826.60050000064075, 0.0 ], [ 4870148.850499999709427, 2078836.203299999237061, 0.0 ], [ 4870163.074500000104308, 2078854.856699999421835, 0.0 ], [ 4870182.394299999810755, 2078870.738600000739098, 0.0 ], [ 4870194.401800000108778, 2078890.058900000527501, 0.0 ], [ 4870208.630099999718368, 2078911.254100000485778, 0.0 ], [ 4870227.299100000411272, 2078935.757500000298023, 0.0 ], [ 4870240.746899999678135, 2078954.412200000137091, 0.0 ], [ 4870250.747700000181794, 2078967.325799999758601, 0.0 ], [ 4870269.52309999987483, 2078989.176599999889731, 0.0 ], [ 4870284.19510000012815, 2079010.481599999591708, 0.0 ], [ 4870297.643799999728799, 2079029.68889999948442, 0.0 ], [ 4870311.090300000272691, 2079047.570000000298023, 0.0 ], [ 4870317.098899999633431, 2079060.158800000324845, 0.0 ], [ 4870328.988800000399351, 2079075.500700000673532, 0.0 ], [ 4870346.426900000311434, 2079093.375099999830127, 0.0 ], [ 4870361.98340000025928, 2079113.241900000721216, 0.0 ], [ 4870381.42200000025332, 2079133.875900000333786, 0.0 ], [ 4870397.408599999733269, 2079145.784900000318885, 0.0 ], [ 4870421.816800000146031, 2079154.474700000137091, 0.0 ], [ 4870446.673899999819696, 2079166.479299999773502, 0.0 ], [ 4870466.7664, 2079180.370699999853969, 0.0 ], [ 4870502.939799999818206, 2079196.22440000064671, 0.0 ], [ 4870525.030299999751151, 2079211.438699999824166, 0.0 ], [ 4870542.4528, 2079220.029799999669194, 0.0 ], [ 4870552.447700000368059, 2079229.406899999827147, 0.0 ], [ 4870579.302299999631941, 2079242.402799999341369, 0.0 ], [ 4870604.605000000447035, 2079255.622400000691414, 0.0 ], [ 4870635.568, 2079272.148, 0.0 ], [ 4870660.982699999585748, 2079286.030500000342727, 0.0 ], [ 4870691.171900000423193, 2079303.994100000709295, 0.0 ], [ 4870714.479799999855459, 2079317.880200000479817, 0.0 ], [ 4870749.991100000217557, 2079335.72440000064671, 0.0 ], [ 4870776.729600000195205, 2079345.6261, 0.0 ], [ 4870808.244900000281632, 2079360.935200000181794, 0.0 ], [ 4870843.094200000166893, 2079380.769799999892712, 0.0 ], [ 4870876.164200000464916, 2079397.513000000268221, 0.0 ], [ 4870905.019299999810755, 2079413.379100000485778, 0.0 ], [ 4870929.099899999797344, 2079425.274599999189377, 0.0 ], [ 4870955.184100000187755, 2079441.808399999514222, 0.0 ], [ 4870978.60190000012517, 2079455.141799999400973, 0.0 ], [ 4870998.691999999806285, 2079467.707100000232458, 0.0 ], [ 4871028.763399999588728, 2079481.581900000572205, 0.0 ], [ 4871062.274600000120699, 2079496.998199999332428, 0.0 ], [ 4871093.016800000332296, 2079514.187400000169873, 0.0 ], [ 4871121.094499999657273, 2079529.391799999400973, 0.0 ], [ 4871139.855100000277162, 2079542.622400000691414, 0.0 ], [ 4871166.706600000150502, 2079553.850199999287724, 0.0 ], [ 4871196.78139999974519, 2079569.824899999424815, 0.0 ], [ 4871219.539300000295043, 2079586.474899999797344, 0.0 ], [ 4871240.291500000283122, 2079597.160299999639392, 0.0 ], [ 4871272.6897, 2079610.147199999541044, 0.0 ], [ 4871301.208499999716878, 2079623.914200000464916, 0.0 ], [ 4871320.517900000326335, 2079633.828400000929832, 0.0 ], [ 4871348.605700000189245, 2079655.11119999922812, 0.0 ], [ 4871368.5778, 2079663.477099999785423, 0.0 ], [ 4871380.1436, 2079684.124399999156594, 0.0 ], [ 4871377.1908, 2079708.663899999111891, 0.0 ], [ 4871369.461199999786913, 2079727.7961, 0.0 ], [ 4871368.729600000195205, 2079754.542199999094009, 0.0 ], [ 4871372.6398, 2079772.218299999833107, 0.0 ], [ 4871375.5532, 2079790.559100000187755, 0.0 ], [ 4871376.367499999701977, 2079813.434599999338388, 0.0 ], [ 4871380.2917, 2079839.509800000116229, 0.0 ], [ 4871384.883600000292063, 2079867.020700000226498, 0.0 ], [ 4871386.488199999555945, 2079898.4046, 0.0 ], [ 4871394.3185, 2079939.724600000306964, 0.0 ], [ 4871396.224499999545515, 2079952.320299999788404, 0.0 ], [ 4871399.92879999987781, 2079979.501000000163913, 0.0 ], [ 4871409.629099999554455, 2080011.866100000217557, 0.0 ], [ 4871420.87569999974221, 2080040.581499999389052, 0.0 ], [ 4871434.109400000423193, 2080064.09940000064671, 0.0 ], [ 4871440.684899999760091, 2080084.312899999320507, 0.0 ], [ 4871452.46239999961108, 2080098.991900000721216, 0.0 ], [ 4871465.6837, 2080115.105200000107288, 0.0 ], [ 4871478.452399999834597, 2080125.693499999120831, 0.0 ], [ 4871490.6656, 2080135.730100000277162, 0.0 ], [ 4871502.769899999722838, 2080146.872099999338388, 0.0 ], [ 4871525.758600000292063, 2080169.047499999403954, 0.0 ], [ 4871547.191599999554455, 2080189.23619999922812, 0.0 ], [ 4871552.192499999888241, 2080196.079900000244379, 0.0 ], [ 4871563.519899999722838, 2080206.781099999323487, 0.0 ], [ 4871574.6266, 2080218.1458, 0.0 ], [ 4871584.742600000463426, 2080233.822200000286102, 0.0 ], [ 4871595.514399999752641, 2080243.86119999922812, 0.0 ], [ 4871604.173000000417233, 2080249.925200000405312, 0.0 ], [ 4871620.704400000162423, 2080256.307600000873208, 0.0 ], [ 4871646.543600000441074, 2080259.138000000268221, 0.0 ], [ 4871672.161600000225008, 2080262.300300000235438, 0.0 ], [ 4871698.333999999798834, 2080265.46169999986887, 0.0 ], [ 4871717.404900000430644, 2080265.429999999701977, 0.0 ], [ 4871732.923499999567866, 2080262.862299999222159, 0.0 ], [ 4871735.465400000102818, 2080257.884800000116229, 0.0 ], [ 4871735.776700000278652, 2080245.064400000497699, 0.0 ], [ 4871734.757299999706447, 2080232.135800000280142, 0.0 ], [ 4871729.6409, 2080222.529400000348687, 0.0 ], [ 4871723.5291, 2080214.361400000751019, 0.0 ], [ 4871712.9731, 2080200.785399999469519, 0.0 ], [ 4871704.083399999886751, 2080189.0855, 0.0 ], [ 4871697.304999999701977, 2080180.144999999552965, 0.0 ], [ 4871688.6387, 2080169.439400000497699, 0.0 ], [ 4871677.421, 2080157.964400000870228, 0.0 ], [ 4871666.650399999693036, 2080148.698999999091029, 0.0 ], [ 4871660.4271, 2080140.1996, 0.0 ], [ 4871655.08600000012666, 2080128.825300000607967, 0.0 ], [ 4871657.512299999594688, 2080120.974600000306964, 0.0 ], [ 4871661.823400000110269, 2080113.120799999684095, 0.0 ], [ 4871670.793100000359118, 2080106.253900000825524, 0.0 ], [ 4871679.762400000356138, 2080099.165999999269843, 0.0 ], [ 4871687.620400000363588, 2080090.532600000500679, 0.0 ], [ 4871698.802500000223517, 2080080.567600000649691, 0.0 ], [ 4871707.4408, 2080074.4748, 0.0 ], [ 4871714.969700000248849, 2080067.9419, 0.0 ], [ 4871724.941700000315905, 2080063.725700000301003, 0.0 ], [ 4871737.902900000102818, 2080056.852099999785423, 0.0 ], [ 4871752.307500000111759, 2080051.081299999728799, 0.0 ], [ 4871771.698699999600649, 2080043.644500000402331, 0.0 ], [ 4871790.313699999824166, 2080036.098500000312924, 0.0 ], [ 4871802.94469999987632, 2080030.662200000137091, 0.0 ], [ 4871820.898699999786913, 2080025.659099999815226, 0.0 ], [ 4871834.525999999605119, 2080019.226600000634789, 0.0 ], [ 4871846.0554, 2080018.10219999961555, 0.0 ], [ 4871867.6694, 2080013.75620000064373, 0.0 ], [ 4871885.627500000409782, 2080011.295, 0.0 ], [ 4871899.4846, 2080009.7248, 0.0 ], [ 4871915.4517, 2080010.1403, 0.0 ], [ 4871935.296500000171363, 2080008.670700000599027, 0.0 ], [ 4871959.581000000238419, 2080010.067099999636412, 0.0 ], [ 4871985.082899999804795, 2080010.024700000882149, 0.0 ], [ 4872006.0395, 2080010.432, 0.0 ], [ 4872022.0044, 2080009.52140000090003, 0.0 ], [ 4872047.836500000208616, 2080008.041799999773502, 0.0 ], [ 4872059.4786, 2080008.02250000089407, 0.0 ], [ 4872086.089200000278652, 2080007.978399999439716, 0.0 ], [ 4872111.693199999630451, 2080002.63120000064373, 0.0 ], [ 4872138.298100000247359, 2079999.161100000143051, 0.0 ], [ 4872165.89780000038445, 2079993.810599999502301, 0.0 ], [ 4872191.498599999584258, 2079986.584599999710917, 0.0 ], [ 4872211.334499999880791, 2079979.8103, 0.0 ], [ 4872231.1705, 2079973.036000000312924, 0.0 ], [ 4872256.775999999605119, 2079968.683399999514222, 0.0 ], [ 4872259.769000000320375, 2079968.236400000751019, 0.0 ], [ 4872283.491100000217557, 2079964.771099999547005, 0.0 ], [ 4872307.660000000149012, 2079963.294399999082088, 0.0 ], [ 4872329.3849, 2079958.948300000280142, 0.0 ], [ 4872346.239900000393391, 2079959.915100000798702, 0.0 ], [ 4872363.862499999813735, 2079955.686300000175834, 0.0 ], [ 4872377.603799999691546, 2079951.132400000467896, 0.0 ], [ 4872402.7818, 2079956.395600000396371, 0.0 ], [ 4872421.3152, 2079966.532400000840425, 0.0 ], [ 4872430.532999999821186, 2079975.5793999992311, 0.0 ], [ 4872446.950899999588728, 2079980.414899999275804, 0.0 ], [ 4872458.6168, 2079994.762700000777841, 0.0 ], [ 4872467.398400000296533, 2080008.231100000441074, 0.0 ], [ 4872474.6277, 2080021.702099999412894, 0.0 ], [ 4872484.2971, 2080035.611099999397993, 0.0 ], [ 4872491.089499999769032, 2080053.061300000175834, 0.0 ], [ 4872502.318199999630451, 2080071.277899999171495, 0.0 ], [ 4872510.551799999549985, 2080088.615199999883771, 0.0 ], [ 4872518.343399999663234, 2080106.837400000542402, 0.0 ], [ 4872528.459499999880791, 2080122.734999999403954, 0.0 ], [ 4872535.806699999608099, 2080140.4054000005126, 0.0 ], [ 4872546.482800000347197, 2080159.728000000119209, 0.0 ], [ 4872558.156700000166893, 2080178.938400000333786, 0.0 ], [ 4872570.715200000442564, 2080196.710699999704957, 0.0 ], [ 4872579.942499999888241, 2080211.504599999636412, 0.0 ], [ 4872588.617999999783933, 2080227.8465, 0.0 ], [ 4872597.957000000402331, 2080243.192800000309944, 0.0 ], [ 4872610.0642, 2080256.213600000366569, 0.0 ], [ 4872622.608199999667704, 2080265.255200000479817, 0.0 ], [ 4872634.269500000402331, 2080276.840099999681115, 0.0 ], [ 4872644.4868, 2080286.880100000649691, 0.0 ], [ 4872624.481999999843538, 2080325.593699999153614, 0.0 ], [ 4872797.580299999564886, 2080404.326500000432134, 0.0 ], [ 4872890.04619999974966, 2080468.162499999627471, 0.0 ], [ 4873083.566200000233948, 2080559.682, 0.0 ], [ 4873137.262000000104308, 2080578.823300000280142, 0.0 ], [ 4873247.033699999563396, 2080648.488399999216199, 0.0 ], [ 4873271.2648, 2080617.614700000733137, 0.0 ], [ 4873278.256199999712408, 2080621.3608, 0.0 ], [ 4873294.790199999697506, 2080629.511700000613928, 0.0 ], [ 4873315.871600000187755, 2080638.539300000295043, 0.0 ], [ 4873338.498200000263751, 2080643.254300000146031, 0.0 ], [ 4873358.907800000160933, 2080648.304400000721216, 0.0 ], [ 4873377.3158, 2080649.821399999782443, 0.0 ], [ 4873401.49309999961406, 2080653.649700000882149, 0.0 ], [ 4873422.4578, 2080659.141000000759959, 0.0 ], [ 4873443.864, 2080663.415899999439716, 0.0 ], [ 4873460.498700000345707, 2080665.377900000661612, 0.0 ], [ 4873474.361999999731779, 2080667.676000000908971, 0.0 ], [ 4873487.7813, 2080669.643200000748038, 0.0 ], [ 4873507.1924, 2080674.363500000908971, 0.0 ], [ 4873528.1601, 2080681.7336, 0.0 ], [ 4873551.571899999864399, 2080691.973099999129772, 0.0 ], [ 4873581.9688, 2080702.201099999248981, 0.0 ], [ 4873604.046500000171363, 2080710.343000000342727, 0.0 ], [ 4873628.2336, 2080720.1392, 0.0 ], [ 4873647.98369999974966, 2080728.727, 0.0 ], [ 4873676.2752, 2080739.732100000604987, 0.0 ], [ 4873701.237700000405312, 2080749.08500000089407, 0.0 ], [ 4873724.983300000429153, 2080760.0976, 0.0 ], [ 4873747.5077, 2080770.2281, 0.0 ], [ 4873771.804399999789894, 2080779.250499999150634, 0.0 ], [ 4873791.218500000424683, 2080785.849600000306964, 0.0 ], [ 4873810.193900000303984, 2080795.32289999909699, 0.0 ], [ 4873835.155799999833107, 2080804.344200000166893, 0.0 ], [ 4873852.577399999834597, 2080812.935900000855327, 0.0 ], [ 4873870.777200000360608, 2080822.741900000721216, 0.0 ], [ 4873887.418800000101328, 2080829.014000000432134, 0.0 ], [ 4873906.053000000305474, 2080833.293600000441074, 0.0 ], [ 4873917.138600000180304, 2080832.059800000861287, 0.0 ], [ 4873929.321399999782443, 2080823.751199999824166, 0.0 ], [ 4873934.8465, 2080812.359099999070168, 0.0 ], [ 4873940.041600000113249, 2080802.514699999243021, 0.0 ], [ 4873945.123200000263751, 2080791.123299999162555, 0.0 ], [ 4873951.422500000335276, 2080778.5143, 0.0 ], [ 4873954.6135, 2080763.589500000700355, 0.0 ], [ 4873959.243300000205636, 2080747.115199999883771, 0.0 ], [ 4873963.983900000341237, 2080730.530099999159575, 0.0 ], [ 4873970.719100000336766, 2080713.278699999675155, 0.0 ], [ 4873974.2357, 2080694.043299999088049, 0.0 ], [ 4873979.637900000438094, 2080675.246899999678135, 0.0 ], [ 4873986.372899999842048, 2080657.884999999776483, 0.0 ], [ 4873991.8717, 2080630.357699999585748, 0.0 ], [ 4873994.617200000211596, 2080614.2179000005126, 0.0 ], [ 4873997.2533, 2080598.962500000372529, 0.0 ], [ 4873999.791899999603629, 2080591.88539999909699, 0.0 ], [ 4874009.645600000396371, 2080583.138599999248981, 0.0 ], [ 4874018.166400000452995, 2080572.957299999892712, 0.0 ], [ 4874031.345300000160933, 2080563.541899999603629, 0.0 ], [ 4874043.190999999642372, 2080552.471000000834465, 0.0 ], [ 4874053.8202, 2080543.3914, 0.0 ], [ 4874062.906999999657273, 2080540.2820999994874, 0.0 ], [ 4874078.770600000396371, 2080545.3399, 0.0 ], [ 4874094.074, 2080546.862099999561906, 0.0 ], [ 4874107.9381, 2080549.602299999445677, 0.0 ], [ 4874121.354799999855459, 2080550.02250000089407, 0.0 ], [ 4874137.098500000312924, 2080549.554700000211596, 0.0 ], [ 4874150.285699999891222, 2080545.223099999129772, 0.0 ], [ 4874162.150700000114739, 2080545.977299999445677, 0.0 ], [ 4874173.2511, 2080553.805700000375509, 0.0 ], [ 4874185.4578, 2080560.085200000554323, 0.0 ], [ 4874199.774299999698997, 2080568.350400000810623, 0.0 ], [ 4874220.296699999831617, 2080574.61629999987781, 0.0 ], [ 4874241.38289999961853, 2080586.738500000908971, 0.0 ], [ 4874262.235399999655783, 2080591.456599999219179, 0.0 ], [ 4874286.859400000423193, 2080597.273800000548363, 0.0 ], [ 4874308.827600000426173, 2080606.300200000405312, 0.0 ], [ 4874333.897099999710917, 2080613.3322, 0.0 ], [ 4874361.962799999862909, 2080621.906600000336766, 0.0 ], [ 4874384.928899999707937, 2080630.931399999186397, 0.0 ], [ 4874405.1223, 2080639.518699999898672, 0.0 ], [ 4874433.308400000445545, 2080653.950200000777841, 0.0 ], [ 4874451.846400000154972, 2080667.292300000786781, 0.0 ], [ 4874471.161299999803305, 2080681.075200000777841, 0.0 ], [ 4874492.03139999974519, 2080696.6239, 0.0 ], [ 4874511.90749999973923, 2080714.605399999767542, 0.0 ], [ 4874529.34499999973923, 2080733.032999999821186, 0.0 ], [ 4874545.565600000321865, 2080753.120400000363588, 0.0 ], [ 4874561.789800000376999, 2080775.417999999597669, 0.0 ], [ 4874574.796299999579787, 2080796.284099999815226, 0.0 ], [ 4874582.807400000281632, 2080813.511399999260902, 0.0 ], [ 4874595.147300000302494, 2080833.605100000277162, 0.0 ], [ 4874603.035899999551475, 2080843.6491, 0.0 ], [ 4874609.814600000157952, 2080853.0318, 0.0 ], [ 4874618.583999999798834, 2080859.3169, 0.0 ], [ 4874627.346, 2080861.070900000631809, 0.0 ], [ 4874637.876299999654293, 2080859.285499999299645, 0.0 ], [ 4874651.284, 2080854.179999999701977, 0.0 ], [ 4874668.67989999987185, 2080847.078700000420213, 0.0 ], [ 4874686.298899999819696, 2080840.750700000673532, 0.0 ], [ 4874700.590599999763072, 2080833.875499999150634, 0.0 ], [ 4874713.001000000163913, 2080829.103199999779463, 0.0 ], [ 4874724.523699999786913, 2080824.000700000673532, 0.0 ], [ 4874735.048100000247359, 2080818.568399999290705, 0.0 ], [ 4874747.566599999554455, 2080812.1381, 0.0 ], [ 4874762.295400000177324, 2080801.283700000494719, 0.0 ], [ 4874771.7017, 2080790.1064, 0.0 ], [ 4874774.235100000165403, 2080779.824400000274181, 0.0 ], [ 4874773.328300000168383, 2080767.669199999421835, 0.0 ], [ 4874770.6497, 2080756.843100000172853, 0.0 ], [ 4874766.7538, 2080747.455700000748038, 0.0 ], [ 4874762.421, 2080742.157999999821186, 0.0 ], [ 4874757.090699999593198, 2080737.083000000566244, 0.0 ], [ 4874755.081000000238419, 2080728.466099999845028, 0.0 ], [ 4874755.080199999734759, 2080728.024000000208616, 0.0 ], [ 4874758.067800000309944, 2080724.261600000783801, 0.0 ], [ 4874763.604899999685585, 2080720.163599999621511, 0.0 ], [ 4874760.487300000153482, 2080712.101099999621511, 0.0 ], [ 4874755.483900000341237, 2080703.489, 0.0 ], [ 4874751.69400000013411, 2080691.117499999701977, 0.0 ], [ 4874747.574300000444055, 2080680.514799999073148, 0.0 ], [ 4874745.239400000311434, 2080676.53999999910593, 0.0 ], [ 4874742.006299999542534, 2080665.604299999773502, 0.0 ], [ 4874741.433000000193715, 2080654.001199999824166, 0.0 ], [ 4874737.642799999564886, 2080641.408600000664592, 0.0 ], [ 4874737.306699999608099, 2080639.309399999678135, 0.0 ], [ 4874739.068, 2080631.46000000089407, 0.0 ], [ 4874739.04590000025928, 2080617.866599999368191, 0.0 ], [ 4874739.579800000414252, 2080605.267100000753999, 0.0 ], [ 4874739.5789, 2080604.714500000700355, 0.0 ], [ 4874740.009200000204146, 2080596.646199999377131, 0.0 ], [ 4874744.097799999639392, 2080588.129899999126792, 0.0 ], [ 4874747.073900000192225, 2080577.294600000604987, 0.0 ], [ 4874751.278199999593198, 2080571.762000000104308, 0.0 ], [ 4874752.163499999791384, 2080570.765900000929832, 0.0 ], [ 4874759.581399999558926, 2080564.122999999672174, 0.0 ], [ 4874765.554700000211596, 2080555.493100000545382, 0.0 ], [ 4874765.874800000339746, 2080547.75650000013411, 0.0 ] ] ] ] } },
{ "type": "Feature", "properties": { "OBJECTID": 5, "Nodo": "Montevideo", "Shape_Leng": 43885.793054100002, "Shape_Length": 31242.82682316727, "Shape_Area": 35884507.227106921 }, "geometry": { "type": "MultiPolygon", "coordinates": [ [ [ [ 4874872.71, 2067377.20890000090003, 0.0 ], [ 4874872.2473, 2067377.110600000247359, 0.0 ], [ 4874871.588200000114739, 2067376.105499999597669, 0.0 ], [ 4874870.7264, 2067376.787599999457598, 0.0 ], [ 4874842.75829999987036, 2067370.8465, 0.0 ], [ 4874787.38219999987632, 2067345.847400000318885, 0.0 ], [ 4874745.588100000284612, 2067284.246400000527501, 0.0 ], [ 4874507.374699999578297, 2066927.882799999788404, 0.0 ], [ 4874456.790500000119209, 2066848.060900000855327, 0.0 ], [ 4874266.039300000295043, 2066562.1305, 0.0 ], [ 4874148.426400000229478, 2066382.951899999752641, 0.0 ], [ 4873988.9101, 2066144.16190000064671, 0.0 ], [ 4873815.142400000244379, 2065870.361500000581145, 0.0 ], [ 4873769.270700000226498, 2065895.3004, 0.0 ], [ 4873725.3662, 2065902.111700000241399, 0.0 ], [ 4873685.100399999879301, 2065895.766000000759959, 0.0 ], [ 4873670.9019, 2065893.467800000682473, 0.0 ], [ 4873639.057, 2065882.577600000426173, 0.0 ], [ 4873543.041299999691546, 2065895.99239999987185, 0.0 ], [ 4873539.2796, 2065901.52419999986887, 0.0 ], [ 4873536.409099999815226, 2065909.596400000154972, 0.0 ], [ 4873458.133399999700487, 2065920.77280000038445, 0.0 ], [ 4873438.730499999597669, 2065923.345599999651313, 0.0 ], [ 4873410.5641, 2065924.274700000882149, 0.0 ], [ 4873368.2023, 2065924.894899999722838, 0.0 ], [ 4873336.151200000196695, 2065923.841, 0.0 ], [ 4873298.995400000363588, 2065920.584899999201298, 0.0 ], [ 4873266.942200000397861, 2065918.204800000414252, 0.0 ], [ 4873221.5751, 2065911.86739999987185, 0.0 ], [ 4873154.576000000350177, 2065901.254599999636412, 0.0 ], [ 4873101.775899999774992, 2065893.161000000312924, 0.0 ], [ 4873067.162100000306964, 2065884.596200000494719, 0.0 ], [ 4873009.378600000403821, 2065880.931199999526143, 0.0 ], [ 4872984.608900000341237, 2065994.690999999642372, 0.0 ], [ 4872995.996000000275671, 2066111.045299999415874, 0.0 ], [ 4873012.93680000025779, 2066232.916400000452995, 0.0 ], [ 4873068.9665, 2066387.989800000563264, 0.0 ], [ 4873136.13910000026226, 2066576.4211, 0.0 ], [ 4873214.931200000457466, 2066749.582499999552965, 0.0 ], [ 4873245.341199999675155, 2066834.0779, 0.0 ], [ 4873287.660199999809265, 2066945.519899999722838, 0.0 ], [ 4873293.0066, 2066960.099300000816584, 0.0 ], [ 4873308.260499999858439, 2066998.313100000843406, 0.0 ], [ 4873320.512299999594688, 2067031.558499999344349, 0.0 ], [ 4873334.319799999706447, 2067066.790699999779463, 0.0 ], [ 4873352.252399999648333, 2067115.720200000330806, 0.0 ], [ 4873373.9676, 2067172.269099999219179, 0.0 ], [ 4873400.028199999593198, 2067241.630799999460578, 0.0 ], [ 4873408.954300000332296, 2067275.655200000852346, 0.0 ], [ 4873422.4945, 2067351.778400000184774, 0.0 ], [ 4873436.8503, 2067452.434599999338388, 0.0 ], [ 4873441.734299999661744, 2067524.593100000172853, 0.0 ], [ 4873452.960799999535084, 2067610.113800000399351, 0.0 ], [ 4873464.481700000353158, 2067671.762800000607967, 0.0 ], [ 4873486.40749999973923, 2067790.641799999400973, 0.0 ], [ 4873502.52419999986887, 2067883.0066, 0.0 ], [ 4873516.617600000463426, 2067958.3553, 0.0 ], [ 4873527.355899999849498, 2068016.027000000700355, 0.0 ], [ 4873542.1201, 2068094.800499999895692, 0.0 ], [ 4873581.292399999685585, 2068249.900900000706315, 0.0 ], [ 4873587.5324, 2068268.567900000140071, 0.0 ], [ 4873599.0384, 2068320.933599999174476, 0.0 ], [ 4873607.057900000363588, 2068342.91330000013113, 0.0 ], [ 4873630.049800000153482, 2068435.156500000506639, 0.0 ], [ 4873634.957999999634922, 2068453.162599999457598, 0.0 ], [ 4873636.078300000168383, 2068460.23369999974966, 0.0 ], [ 4873646.609299999661744, 2068457.785499999299645, 0.0 ], [ 4873655.9211, 2068455.781300000846386, 0.0 ], [ 4873664.78760000038892, 2068452.672700000926852, 0.0 ], [ 4873677.97580000013113, 2068447.567900000140071, 0.0 ], [ 4873680.2297, 2068455.28969999961555, 0.0 ], [ 4873679.5302, 2068455.632999999448657, 0.0 ], [ 4873687.6425, 2068466.339999999850988, 0.0 ], [ 4873691.661600000225008, 2068483.131799999624491, 0.0 ], [ 4873696.617200000211596, 2068530.755899999290705, 0.0 ], [ 4873721.407999999821186, 2068638.468299999833107, 0.0 ], [ 4873735.361200000159442, 2068695.5822, 0.0 ], [ 4873746.29009999986738, 2068733.9134, 0.0 ], [ 4873757.362499999813735, 2068792.57909999974072, 0.0 ], [ 4873778.8695, 2068927.151900000870228, 0.0 ], [ 4873786.287100000306964, 2068988.807399999350309, 0.0 ], [ 4873787.408900000154972, 2068989.910700000822544, 0.0 ], [ 4873794.889499999582767, 2069090.798900000751019, 0.0 ], [ 4873808.473000000230968, 2069194.10869999974966, 0.0 ], [ 4873815.318, 2069244.381999999284744, 0.0 ], [ 4873823.9331, 2069361.293099999427795, 0.0 ], [ 4873828.428999999538064, 2069398.860999999567866, 0.0 ], [ 4873832.2319, 2069419.189600000157952, 0.0 ], [ 4873842.966099999845028, 2069543.612299999222159, 0.0 ], [ 4873845.361600000411272, 2069585.272600000724196, 0.0 ], [ 4873852.018299999646842, 2069656.433599999174476, 0.0 ], [ 4873856.3882, 2069684.607899999246001, 0.0 ], [ 4873863.584499999880791, 2069746.4847, 0.0 ], [ 4873865.604399999603629, 2069761.401000000536442, 0.0 ], [ 4873867.736700000241399, 2069777.201199999079108, 0.0 ], [ 4873872.3476, 2069817.310799999162555, 0.0 ], [ 4873872.375, 2069834.440600000321865, 0.0 ], [ 4873878.6787, 2069892.892899999395013, 0.0 ], [ 4873881.9699, 2069939.856499999761581, 0.0 ], [ 4873882.648299999535084, 2069948.033500000834465, 0.0 ], [ 4873889.417999999597669, 2070020.520500000566244, 0.0 ], [ 4873893.2155, 2070037.4232, 0.0 ], [ 4873894.4594, 2070052.451199999079108, 0.0 ], [ 4873906.5016, 2070162.72580000013113, 0.0 ], [ 4873929.250799999572337, 2070311.332000000402331, 0.0 ], [ 4873945.871600000187755, 2070372.420099999755621, 0.0 ], [ 4873971.750099999830127, 2070467.0899, 0.0 ], [ 4874007.166000000201166, 2070562.29700000025332, 0.0 ], [ 4874019.972500000149012, 2070595.9835, 0.0 ], [ 4874035.994699999690056, 2070629.664899999275804, 0.0 ], [ 4874082.39740000013262, 2070730.269600000232458, 0.0 ], [ 4874084.178299999795854, 2070734.466299999505281, 0.0 ], [ 4874148.784699999727309, 2070846.20380000025034, 0.0 ], [ 4874195.043800000101328, 2070926.584499999880791, 0.0 ], [ 4874227.955400000326335, 2070981.568199999630451, 0.0 ], [ 4874269.3076, 2071044.716499999165535, 0.0 ], [ 4874359.8355, 2071140.05629999935627, 0.0 ], [ 4874417.260300000198185, 2071199.310799999162555, 0.0 ], [ 4874497.6847, 2071287.041400000452995, 0.0 ], [ 4874532.121100000105798, 2071325.003399999812245, 0.0 ], [ 4874537.340699999593198, 2071329.857699999585748, 0.0 ], [ 4874541.894000000320375, 2071334.160499999299645, 0.0 ], [ 4874600.97690000012517, 2071390.318099999800324, 0.0 ], [ 4874672.283900000154972, 2071462.922800000756979, 0.0 ], [ 4874695.495699999853969, 2071485.430700000375509, 0.0 ], [ 4874716.5949, 2071504.405500000342727, 0.0 ], [ 4874801.759499999694526, 2071574.9989, 0.0 ], [ 4874880.585699999704957, 2071634.551000000908971, 0.0 ], [ 4874891.910199999809265, 2071643.263599999248981, 0.0 ], [ 4874903.901399999856949, 2071652.748700000345707, 0.0 ], [ 4874909.674599999561906, 2071657.1601, 0.0 ], [ 4874976.4013, 2071708.884999999776483, 0.0 ], [ 4875003.9271, 2071724.86570000089705, 0.0 ], [ 4875050.1157, 2071761.814500000327826, 0.0 ], [ 4875082.424499999731779, 2071787.070800000801682, 0.0 ], [ 4875095.196100000292063, 2071799.207100000232458, 0.0 ], [ 4875099.8608, 2071803.841299999505281, 0.0 ], [ 4875103.970200000330806, 2071807.92369999922812, 0.0 ], [ 4875110.856100000441074, 2071814.764699999243021, 0.0 ], [ 4875124.1809, 2071826.126499999314547, 0.0 ], [ 4875156.7237, 2071859.11849999986589, 0.0 ], [ 4875182.1557, 2071883.280600000172853, 0.0 ], [ 4875207.818300000391901, 2071913.078700000420213, 0.0 ], [ 4875233.14850000012666, 2071942.987800000235438, 0.0 ], [ 4875278.0329, 2071996.7369, 0.0 ], [ 4875304.252600000239909, 2072028.191800000146031, 0.0 ], [ 4875361.018299999646842, 2072092.199899999424815, 0.0 ], [ 4875369.6858, 2072103.67960000038147, 0.0 ], [ 4875389.9062, 2072128.07120000012219, 0.0 ], [ 4875443.11739999987185, 2072188.32740000076592, 0.0 ], [ 4875532.433299999684095, 2072290.300799999386072, 0.0 ], [ 4875578.2051, 2072344.490599999204278, 0.0 ], [ 4875588.20380000025034, 2072356.299799999222159, 0.0 ], [ 4875754.5153, 2072553.41440000012517, 0.0 ], [ 4875781.96169999986887, 2072589.50899999961257, 0.0 ], [ 4875793.629200000315905, 2072604.852, 0.0 ], [ 4875796.518400000408292, 2072608.715399999171495, 0.0 ], [ 4875817.73589999973774, 2072632.6634, 0.0 ], [ 4875838.508500000461936, 2072655.838400000706315, 0.0 ], [ 4875915.386199999600649, 2072746.5592, 0.0 ], [ 4875934.809500000439584, 2072757.911399999633431, 0.0 ], [ 4875944.129200000315905, 2072761.212099999189377, 0.0 ], [ 4875954.560399999842048, 2072766.168700000271201, 0.0 ], [ 4875962.327600000426173, 2072769.361300000920892, 0.0 ], [ 4876012.088499999605119, 2072822.108200000599027, 0.0 ], [ 4876030.751899999566376, 2072843.849999999627471, 0.0 ], [ 4876141.05599999986589, 2072966.125, 0.0 ], [ 4876144.6168, 2072973.965900000184774, 0.0 ], [ 4876151.980000000447035, 2073002.13539999909699, 0.0 ], [ 4876154.545599999837577, 2073011.745999999344349, 0.0 ], [ 4876165.220099999569356, 2073030.295499999076128, 0.0 ], [ 4876232.983199999667704, 2073107.658700000494719, 0.0 ], [ 4876255.089599999599159, 2073132.931500000879169, 0.0 ], [ 4876297.525299999862909, 2073181.7116, 0.0 ], [ 4876301.079599999822676, 2073185.463500000536442, 0.0 ], [ 4876782.413499999791384, 2073733.626599999144673, 0.0 ], [ 4876871.9052, 2073597.663599999621511, 0.0 ], [ 4876904.646200000308454, 2073546.222999999299645, 0.0 ], [ 4876961.744699999690056, 2073471.094000000506639, 0.0 ], [ 4876993.396999999880791, 2073432.364199999719858, 0.0 ], [ 4877024.8169, 2073386.893500000238419, 0.0 ], [ 4877081.54839999973774, 2073289.773, 0.0 ], [ 4877119.603900000452995, 2073233.019400000572205, 0.0 ], [ 4877170.596900000236928, 2073153.25870000012219, 0.0 ], [ 4877218.934899999760091, 2073077.480699999257922, 0.0 ], [ 4877277.118200000375509, 2072986.54700000025332, 0.0 ], [ 4877327.669099999591708, 2072907.450200000777841, 0.0 ], [ 4877383.640100000426173, 2072819.835400000214577, 0.0 ], [ 4877437.3986, 2072735.429099999368191, 0.0 ], [ 4877480.0959, 2072668.50139999948442, 0.0 ], [ 4877514.278199999593198, 2072616.395899999886751, 0.0 ], [ 4877543.7029, 2072570.928600000217557, 0.0 ], [ 4877673.690899999812245, 2072376.663200000301003, 0.0 ], [ 4877678.999699999578297, 2072367.813799999654293, 0.0 ], [ 4877693.267400000244379, 2072344.362600000575185, 0.0 ], [ 4877723.572700000368059, 2072294.584000000730157, 0.0 ], [ 4877767.479100000113249, 2072220.471300000324845, 0.0 ], [ 4877802.767400000244379, 2072166.264499999582767, 0.0 ], [ 4877898.6722999997437, 2072016.037399999797344, 0.0 ], [ 4877916.476700000464916, 2071984.955299999564886, 0.0 ], [ 4877929.973199999891222, 2071964.599700000137091, 0.0 ], [ 4877942.142199999652803, 2071946.235500000417233, 0.0 ], [ 4877994.7983, 2071865.146999999880791, 0.0 ], [ 4878090.6003, 2071719.562000000849366, 0.0 ], [ 4878116.486499999649823, 2071679.957900000736117, 0.0 ], [ 4878133.740000000223517, 2071651.08699999935925, 0.0 ], [ 4878161.061599999666214, 2071607.5022, 0.0 ], [ 4878161.551799999549985, 2071637.56110000051558, 0.0 ], [ 4878165.340699999593198, 2071649.601199999451637, 0.0 ], [ 4878170.901600000448525, 2071660.201899999752641, 0.0 ], [ 4878318.10190000012517, 2071765.403200000524521, 0.0 ], [ 4878529.786500000394881, 2071908.852800000458956, 0.0 ], [ 4878545.326999999582767, 2071919.327500000596046, 0.0 ], [ 4878563.753200000151992, 2071931.565899999812245, 0.0 ], [ 4878658.773699999786913, 2071996.842599999159575, 0.0 ], [ 4878741.141800000332296, 2072054.955600000917912, 0.0 ], [ 4878796.8679, 2072094.322599999606609, 0.0 ], [ 4878813.632500000298023, 2072107.668800000101328, 0.0 ], [ 4878913.506199999712408, 2072013.136, 0.0 ], [ 4878971.663499999791384, 2071975.360999999567866, 0.0 ], [ 4879128.506799999624491, 2071863.500499999150634, 0.0 ], [ 4879232.953099999576807, 2071785.538200000301003, 0.0 ], [ 4879280.3607, 2071751.758600000292063, 0.0 ], [ 4879447.759999999776483, 2071653.47580000013113, 0.0 ], [ 4879565.291500000283122, 2071575.493899999186397, 0.0 ], [ 4879572.0477, 2071570.28940000012517, 0.0 ], [ 4879662.330199999734759, 2071511.247400000691414, 0.0 ], [ 4879711.168200000189245, 2071469.951099999248981, 0.0 ], [ 4879790.910199999809265, 2071406.7259, 0.0 ], [ 4879806.509399999864399, 2071383.273199999704957, 0.0 ], [ 4879823.883600000292063, 2071360.370400000363588, 0.0 ], [ 4879923.550300000235438, 2071274.128100000321865, 0.0 ], [ 4880034.30530000012368, 2071187.42710000090301, 0.0 ], [ 4880065.312599999830127, 2071160.4145, 0.0 ], [ 4880160.105999999679625, 2071077.606000000610948, 0.0 ], [ 4880282.8224, 2070981.0515, 0.0 ], [ 4880312.943400000222027, 2070954.4825, 0.0 ], [ 4880320.251000000163913, 2070947.288100000470877, 0.0 ], [ 4880325.661799999885261, 2070932.360600000247359, 0.0 ], [ 4880330.1053, 2071010.375900000333786, 0.0 ], [ 4880337.895899999886751, 2071101.758099999278784, 0.0 ], [ 4880392.99199999962002, 2071091.838500000536442, 0.0 ], [ 4880391.298899999819696, 2071072.280300000682473, 0.0 ], [ 4880383.592000000178814, 2070962.994799999520183, 0.0 ], [ 4880379.06940000038594, 2070905.866599999368191, 0.0 ], [ 4880373.07880000025034, 2070831.390100000426173, 0.0 ], [ 4880370.357599999755621, 2070792.051699999719858, 0.0 ], [ 4880363.693, 2070711.829600000753999, 0.0 ], [ 4880363.008500000461936, 2070699.232200000435114, 0.0 ], [ 4880357.564299999736249, 2070619.450200000777841, 0.0 ], [ 4880349.284799999557436, 2070498.2303, 0.0 ], [ 4880344.538499999791384, 2070439.776200000196695, 0.0 ], [ 4880339.6826, 2070382.206499999389052, 0.0 ], [ 4880331.521300000138581, 2070265.738399999216199, 0.0 ], [ 4880329.366399999707937, 2070234.245500000193715, 0.0 ], [ 4880329.00789999961853, 2070217.227099999785423, 0.0 ], [ 4880327.638799999840558, 2070192.032299999147654, 0.0 ], [ 4880324.499800000339746, 2070169.602900000289083, 0.0 ], [ 4880323.311499999836087, 2070117.442700000479817, 0.0 ], [ 4880319.485999999567866, 2070081.089800000190735, 0.0 ], [ 4880316.881199999712408, 2070045.398199999704957, 0.0 ], [ 4880314.847299999557436, 2070020.535900000482798, 0.0 ], [ 4880311.2209, 2069969.263399999588728, 0.0 ], [ 4880310.313900000415742, 2069956.224300000816584, 0.0 ], [ 4880295.701100000180304, 2069826.615000000223517, 0.0 ], [ 4880284.790300000458956, 2069725.07039999961853, 0.0 ], [ 4880278.632299999706447, 2069686.289799999445677, 0.0 ], [ 4880270.813699999824166, 2069649.279899999499321, 0.0 ], [ 4880246.2105, 2069585.772399999201298, 0.0 ], [ 4880214.9254, 2069503.598500000312924, 0.0 ], [ 4880187.789599999785423, 2069451.919800000265241, 0.0 ], [ 4880159.9896, 2069401.015699999406934, 0.0 ], [ 4880150.8744, 2069386.4419, 0.0 ], [ 4880134.86739999987185, 2069360.93779999949038, 0.0 ], [ 4880088.638399999588728, 2069296.1371, 0.0 ], [ 4880053.199400000274181, 2069253.533099999651313, 0.0 ], [ 4879991.655799999833107, 2069181.130400000140071, 0.0 ], [ 4879986.64809999987483, 2069169.534199999645352, 0.0 ], [ 4879980.638500000350177, 2069155.397700000554323, 0.0 ], [ 4879967.953200000338256, 2069126.683700000867248, 0.0 ], [ 4879964.605100000277162, 2069112.653599999845028, 0.0 ], [ 4879962.051799999549985, 2069110.778799999505281, 0.0 ], [ 4879960.614400000311434, 2069113.543800000101328, 0.0 ], [ 4879958.2774, 2069108.13230000063777, 0.0 ], [ 4879956.830500000156462, 2069104.597999999299645, 0.0 ], [ 4879953.937400000169873, 2069098.0822, 0.0 ], [ 4879950.603400000371039, 2069093.335200000554323, 0.0 ], [ 4879946.161299999803305, 2069089.031999999657273, 0.0 ], [ 4879938.278900000266731, 2069083.07630000077188, 0.0 ], [ 4879927.069899999536574, 2069077.125700000673532, 0.0 ], [ 4879915.30460000038147, 2069069.96030000038445, 0.0 ], [ 4879904.096699999645352, 2069064.783299999311566, 0.0 ], [ 4879894.995500000193715, 2069059.381999999284744, 0.0 ], [ 4879885.892799999564886, 2069053.096599999815226, 0.0 ], [ 4879866.462100000120699, 2069036.770400000736117, 0.0 ], [ 4879716.3723, 2068855.758099999278784, 0.0 ], [ 4879674.933899999596179, 2068805.980000000447035, 0.0 ], [ 4879556.613599999807775, 2068661.167600000277162, 0.0 ], [ 4879461.6277, 2068547.484300000593066, 0.0 ], [ 4879413.29839999973774, 2068487.6601, 0.0 ], [ 4879340.4232, 2068402.565999999642372, 0.0 ], [ 4879336.0905, 2068397.378499999642372, 0.0 ], [ 4879252.3333, 2068302.796900000423193, 0.0 ], [ 4879195.115399999544024, 2068231.935100000351667, 0.0 ], [ 4879156.1222, 2068186.131799999624491, 0.0 ], [ 4879123.6798, 2068145.73369999974966, 0.0 ], [ 4879117.019500000402331, 2068141.323300000280142, 0.0 ], [ 4879111.133600000292063, 2068135.69620000012219, 0.0 ], [ 4879046.597900000400841, 2068065.729699999094009, 0.0 ], [ 4879003.272300000302494, 2068015.070599999278784, 0.0 ], [ 4878958.39130000025034, 2067962.645600000396371, 0.0 ], [ 4878939.502999999560416, 2067938.8037, 0.0 ], [ 4878881.951999999582767, 2067867.942500000819564, 0.0 ], [ 4878775.959699999541044, 2067737.257400000467896, 0.0 ], [ 4878688.299700000323355, 2067629.530999999493361, 0.0 ], [ 4878676.080799999646842, 2067616.067199999466538, 0.0 ], [ 4878596.8722, 2067523.799699999392033, 0.0 ], [ 4878530.213200000114739, 2067443.779999999329448, 0.0 ], [ 4878448.661100000143051, 2067342.122600000351667, 0.0 ], [ 4878367.88399999961257, 2067239.800899999216199, 0.0 ], [ 4878294.436700000427663, 2067144.651399999856949, 0.0 ], [ 4878294.215099999681115, 2067144.729100000113249, 0.0 ], [ 4878297.087799999862909, 2067137.8728, 0.0 ], [ 4878299.074300000444055, 2067131.68099999986589, 0.0 ], [ 4878299.956600000150502, 2067128.4748, 0.0 ], [ 4878300.2845, 2067125.379899999126792, 0.0 ], [ 4878300.724499999545515, 2067123.058399999514222, 0.0 ], [ 4878300.831799999810755, 2067120.737500000745058, 0.0 ], [ 4878300.939799999818206, 2067118.8586, 0.0 ], [ 4878301.158200000412762, 2067116.648, 0.0 ], [ 4878301.152700000442564, 2067113.111600000411272, 0.0 ], [ 4878301.3744, 2067113.033900000154972, 0.0 ], [ 4878328.841199999675155, 2067090.336400000378489, 0.0 ], [ 4878348.9929, 2067070.1919, 0.0 ], [ 4878456.537200000137091, 2066983.0526, 0.0 ], [ 4878554.7769, 2066902.669099999591708, 0.0 ], [ 4878660.441599999554455, 2066818.959000000730157, 0.0 ], [ 4878743.9693, 2066762.469200000166893, 0.0 ], [ 4878803.237700000405312, 2066723.256799999624491, 0.0 ], [ 4878834.36670000012964, 2066702.101099999621511, 0.0 ], [ 4878864.942099999636412, 2066681.609300000593066, 0.0 ], [ 4878898.286500000394881, 2066658.792600000277162, 0.0 ], [ 4878929.856499999761581, 2066635.97859999909997, 0.0 ], [ 4878958.988199999555945, 2066614.052500000223517, 0.0 ], [ 4878984.467000000178814, 2066596.4419, 0.0 ], [ 4879124.037200000137091, 2066493.67259999923408, 0.0 ], [ 4879219.0768, 2066422.909700000658631, 0.0 ], [ 4879357.879499999806285, 2066325.557199999690056, 0.0 ], [ 4879510.758399999700487, 2066223.100099999457598, 0.0 ], [ 4879650.775500000454485, 2066121.767899999395013, 0.0 ], [ 4879672.157700000330806, 2066108.252900000661612, 0.0 ], [ 4879694.867200000211596, 2066092.415100000798702, 0.0 ], [ 4879726.893699999898672, 2066077.8893, 0.0 ], [ 4879720.893899999558926, 2066070.273, 0.0 ], [ 4879710.005400000140071, 2066056.585899999365211, 0.0 ], [ 4879674.221099999733269, 2066006.467399999499321, 0.0 ], [ 4879664.332299999892712, 2065993.883899999782443, 0.0 ], [ 4879585.88910000026226, 2065894.32039999961853, 0.0 ], [ 4879556.667000000365078, 2065857.011399999260902, 0.0 ], [ 4879531.887900000438094, 2065824.447699999436736, 0.0 ], [ 4879502.9984, 2065787.138299999758601, 0.0 ], [ 4879482.44510000012815, 2065762.414599999785423, 0.0 ], [ 4879422.572499999776483, 2065696.63990000076592, 0.0 ], [ 4879357.025700000114739, 2065618.8279, 0.0 ], [ 4879292.923000000417233, 2065542.671399999409914, 0.0 ], [ 4879278.9249, 2065526.115800000727177, 0.0 ], [ 4879243.50829999987036, 2065499.314999999478459, 0.0 ], [ 4879236.40610000025481, 2065496.120899999514222, 0.0 ], [ 4879259.1184, 2065482.051200000569224, 0.0 ], [ 4879253.235500000417233, 2065478.523800000548363, 0.0 ], [ 4879228.379599999636412, 2065468.504899999126792, 0.0 ], [ 4879193.5356, 2065453.638699999079108, 0.0 ], [ 4879186.7648, 2065449.560000000521541, 0.0 ], [ 4879181.3235, 2065444.705700000748038, 0.0 ], [ 4879145.77489999961108, 2065404.091, 0.0 ], [ 4879083.213899999856949, 2065321.08049999922514, 0.0 ], [ 4879038.7736, 2065267.43889999948442, 0.0 ], [ 4879001.43790000025183, 2065218.538499999791384, 0.0 ], [ 4878969.3317, 2065181.012900000438094, 0.0 ], [ 4878942.997399999760091, 2065147.015100000426173, 0.0 ], [ 4878884.55420000012964, 2065073.834000000730157, 0.0 ], [ 4878857.9983, 2065040.057499999180436, 0.0 ], [ 4878812.44579999987036, 2064984.428300000727177, 0.0 ], [ 4878739.560499999672174, 2064894.692399999126792, 0.0 ], [ 4878732.004800000227988, 2064885.089199999347329, 0.0 ], [ 4878649.481999999843538, 2064802.330399999395013, 0.0 ], [ 4878463.346099999733269, 2064914.343800000846386, 0.0 ], [ 4878333.7051, 2064912.774000000208616, 0.0 ], [ 4878302.9282, 2064947.080299999564886, 0.0 ], [ 4878128.242499999701977, 2065221.200300000607967, 0.0 ], [ 4878087.078300000168383, 2065279.393500000238419, 0.0 ], [ 4877960.028699999675155, 2065448.342800000682473, 0.0 ], [ 4877688.0152000002563, 2065746.1535, 0.0 ], [ 4877646.292899999767542, 2065801.585200000554323, 0.0 ], [ 4877593.3147, 2065821.11739999987185, 0.0 ], [ 4877573.6733, 2065812.859200000762939, 0.0 ], [ 4877359.026700000278652, 2065915.747500000521541, 0.0 ], [ 4877172.283300000242889, 2065990.854399999603629, 0.0 ], [ 4877094.1705, 2066035.291500000283122, 0.0 ], [ 4877051.993300000205636, 2066083.098899999633431, 0.0 ], [ 4877114.477099999785423, 2066114.940400000661612, 0.0 ], [ 4877160.993700000457466, 2066148.02250000089407, 0.0 ], [ 4877167.66509999986738, 2066159.394999999552965, 0.0 ], [ 4877169.333599999547005, 2066162.707900000736117, 0.0 ], [ 4877176.316800000146031, 2066160.597300000488758, 0.0 ], [ 4877180.973399999551475, 2066159.926999999210238, 0.0 ], [ 4877184.743300000205636, 2066159.589600000530481, 0.0 ], [ 4877187.737999999895692, 2066159.916500000283122, 0.0 ], [ 4877193.284300000406802, 2066160.902499999850988, 0.0 ], [ 4877199.607800000347197, 2066162.439899999648333, 0.0 ], [ 4877215.9221, 2066170.592599999159575, 0.0 ], [ 4877244.894999999552965, 2066189.445599999278784, 0.0 ], [ 4877258.772199999541044, 2066199.259800000116229, 0.0 ], [ 4877227.772699999623001, 2066226.707499999552965, 0.0 ], [ 4877212.381400000303984, 2066225.855000000447035, 0.0 ], [ 4877199.9589, 2066224.437599999830127, 0.0 ], [ 4877177.999200000427663, 2066222.9244, 0.0 ], [ 4877104.583200000226498, 2066220.938500000163913, 0.0 ], [ 4877088.834499999880791, 2066219.968299999833107, 0.0 ], [ 4877071.197499999776483, 2066217.011800000444055, 0.0 ], [ 4877061.768500000238419, 2066215.147700000554323, 0.0 ], [ 4877053.6694, 2066212.728900000452995, 0.0 ], [ 4877024.483300000429153, 2066199.512599999085069, 0.0 ], [ 4876939.6957, 2066158.754100000485778, 0.0 ], [ 4876918.417600000277162, 2066167.738800000399351, 0.0 ], [ 4876907.0022, 2066172.17710000090301, 0.0 ], [ 4876897.472799999639392, 2066177.054500000551343, 0.0 ], [ 4876891.710900000296533, 2066180.0472999997437, 0.0 ], [ 4876833.9753, 2066206.549799999222159, 0.0 ], [ 4876791.64850000012666, 2066229.270999999716878, 0.0 ], [ 4876744.3317, 2066252.220899999141693, 0.0 ], [ 4876698.455500000156462, 2066274.505599999800324, 0.0 ], [ 4876644.044599999673665, 2066299.456000000238419, 0.0 ], [ 4876594.065700000151992, 2066321.968100000172853, 0.0 ], [ 4876538.3268, 2066348.688799999654293, 0.0 ], [ 4876489.676599999889731, 2066369.8728, 0.0 ], [ 4876443.245799999684095, 2066391.9375, 0.0 ], [ 4876398.919700000435114, 2066412.562300000339746, 0.0 ], [ 4876356.811200000345707, 2066432.962600000202656, 0.0 ], [ 4876313.042899999767542, 2066455.686300000175834, 0.0 ], [ 4876287.900399999693036, 2066475.397099999710917, 0.0 ], [ 4876232.15610000025481, 2066569.531700000166893, 0.0 ], [ 4876109.462899999693036, 2066754.724199999123812, 0.0 ], [ 4876062.663099999539554, 2066824.310799999162555, 0.0 ], [ 4876045.626899999566376, 2066850.86089999973774, 0.0 ], [ 4876011.80559999961406, 2066922.748099999502301, 0.0 ], [ 4875923.1782, 2067120.707399999722838, 0.0 ], [ 4875923.034099999815226, 2067120.707699999213219, 0.0 ], [ 4875905.028199999593198, 2067094.6546, 0.0 ], [ 4875849.551699999719858, 2067005.446100000292063, 0.0 ], [ 4875771.033599999733269, 2066861.348300000652671, 0.0 ], [ 4875715.524500000290573, 2066751.584300000220537, 0.0 ], [ 4875692.443900000303984, 2066742.44789999909699, 0.0 ], [ 4875655.619599999859929, 2066737.974600000306964, 0.0 ], [ 4875634.864099999889731, 2066726.513699999079108, 0.0 ], [ 4875616.4304, 2066710.518100000917912, 0.0 ], [ 4875522.066800000146031, 2066786.479299999773502, 0.0 ], [ 4875508.994400000199676, 2066794.898900000378489, 0.0 ], [ 4875461.911799999885261, 2066825.364499999210238, 0.0 ], [ 4875389.902200000360608, 2066871.341299999505281, 0.0 ], [ 4875349.800200000405312, 2066898.0384, 0.0 ], [ 4875313.1425, 2066928.929700000211596, 0.0 ], [ 4875256.900500000454485, 2066987.812000000849366, 0.0 ], [ 4875197.780799999833107, 2067050.124900000169873, 0.0 ], [ 4875126.148, 2067123.840500000864267, 0.0 ], [ 4875059.164900000207126, 2067192.465299999341369, 0.0 ], [ 4875023.626299999654293, 2067229.65430000051856, 0.0 ], [ 4874988.313299999572337, 2067269.163799999281764, 0.0 ], [ 4874940.371299999766052, 2067316.871400000527501, 0.0 ], [ 4874887.878899999894202, 2067362.2654, 0.0 ], [ 4874872.71, 2067377.20890000090003, 0.0 ] ] ] ] } },
{ "type": "Feature", "properties": { "OBJECTID": 6, "Nodo": "Pasadena", "Shape_Leng": 38317.006581200003, "Shape_Length": 38291.61077248957, "Shape_Area": 38960203.965670876 }, "geometry": { "type": "MultiPolygon", "coordinates": [ [ [ [ 4883899.648400000296533, 2079392.858899999409914, 0.0 ], [ 4883912.832899999804795, 2079386.429400000721216, 0.0 ], [ 4883924.274000000208616, 2079400.447200000286102, 0.0 ], [ 4883922.458200000226498, 2079372.600999999791384, 0.0 ], [ 4884114.051400000229478, 2079299.817500000819564, 0.0 ], [ 4884333.80420000012964, 2079225.113600000739098, 0.0 ], [ 4884388.7791, 2079212.433000000193715, 0.0 ], [ 4884607.196600000374019, 2079134.306199999526143, 0.0 ], [ 4884855.973600000143051, 2079042.320900000631809, 0.0 ], [ 4884923.127899999730289, 2079018.239900000393391, 0.0 ], [ 4885059.65610000025481, 2078971.400800000876188, 0.0 ], [ 4885240.855700000189245, 2078916.870400000363588, 0.0 ], [ 4885272.435499999672174, 2078903.672700000926852, 0.0 ], [ 4885387.800699999555945, 2078866.148700000718236, 0.0 ], [ 4885421.8405, 2078866.982300000265241, 0.0 ], [ 4885506.722, 2078834.034600000828505, 0.0 ], [ 4885528.120199999772012, 2078833.560900000855327, 0.0 ], [ 4885493.801300000399351, 2077820.001499999314547, 0.0 ], [ 4885492.988099999725819, 2077794.916600000113249, 0.0 ], [ 4885492.980399999767542, 2077789.7226, 0.0 ], [ 4885655.886900000274181, 2077734.226299999281764, 0.0 ], [ 4885698.444199999794364, 2077721.123099999502301, 0.0 ], [ 4885830.878200000151992, 2077678.049499999731779, 0.0 ], [ 4885918.535500000230968, 2077646.75620000064373, 0.0 ], [ 4885938.2741, 2077648.495300000533462, 0.0 ], [ 4885956.574, 2077652.115299999713898, 0.0 ], [ 4885956.813799999654293, 2077664.381699999794364, 0.0 ], [ 4885960.461199999786913, 2077656.529999999329448, 0.0 ], [ 4885972.3448, 2077669.994899999350309, 0.0 ], [ 4885968.322999999858439, 2077649.445699999108911, 0.0 ], [ 4885969.090200000442564, 2077643.366499999538064, 0.0 ], [ 4885969.969399999827147, 2077562.691999999806285, 0.0 ], [ 4885950.880199999548495, 2077474.863700000569224, 0.0 ], [ 4885922.198200000450015, 2077348.039000000804663, 0.0 ], [ 4885900.629599999636412, 2077308.286699999123812, 0.0 ], [ 4885910.711199999786913, 2077302.746300000697374, 0.0 ], [ 4885957.572999999858439, 2077276.044199999421835, 0.0 ], [ 4885947.572599999606609, 2077261.471400000154972, 0.0 ], [ 4885929.6858, 2077237.295800000429153, 0.0 ], [ 4885930.122499999590218, 2077232.653699999675155, 0.0 ], [ 4885935.661299999803305, 2077229.219699999317527, 0.0 ], [ 4885938.76410000026226, 2077227.999500000849366, 0.0 ], [ 4885994.668200000189245, 2077167.578199999406934, 0.0 ], [ 4885995.663499999791384, 2077165.808499999344349, 0.0 ], [ 4885995.781700000166893, 2077170.781400000676513, 0.0 ], [ 4885999.567699999548495, 2077181.826899999752641, 0.0 ], [ 4886006.00800000037998, 2077188.227099999785423, 0.0 ], [ 4886014.43709999974817, 2077189.872400000691414, 0.0 ], [ 4886025.078499999828637, 2077187.9781, 0.0 ], [ 4886035.273400000296533, 2077183.9847, 0.0 ], [ 4886046.00690000038594, 2077169.270899999886751, 0.0 ], [ 4886054.189500000327826, 2077154.118899999186397, 0.0 ], [ 4886064.699900000356138, 2077138.521299999207258, 0.0 ], [ 4886074.442499999888241, 2077128.561000000685453, 0.0 ], [ 4886081.753700000233948, 2077124.019300000742078, 0.0 ], [ 4886091.179100000299513, 2077124.558000000193715, 0.0 ], [ 4886099.27489999961108, 2077125.761800000444055, 0.0 ], [ 4886108.585799999535084, 2077123.869400000199676, 0.0 ], [ 4886114.346199999563396, 2077120.3246, 0.0 ], [ 4886120.324300000444055, 2077114.016699999570847, 0.0 ], [ 4886123.9737, 2077107.4912, 0.0 ], [ 4886132.942300000227988, 2077098.968699999153614, 0.0 ], [ 4886141.8054, 2077094.203700000420213, 0.0 ], [ 4886151.119800000451505, 2077094.631999999284744, 0.0 ], [ 4886156.561700000427663, 2077100.702199999243021, 0.0 ], [ 4886157.354799999855459, 2077112.304700000211596, 0.0 ], [ 4886158.812599999830127, 2077123.464099999517202, 0.0 ], [ 4886160.0417, 2077129.871999999508262, 0.0 ], [ 4886164.376400000415742, 2077137.048800000920892, 0.0 ], [ 4886352.7906, 2077160.090399999171495, 0.0 ], [ 4887588.597, 2077140.718100000172853, 0.0 ], [ 4887591.350399999879301, 2077051.421499999240041, 0.0 ], [ 4887592.624200000427663, 2077012.298800000920892, 0.0 ], [ 4887719.673499999567866, 2076924.8114, 0.0 ], [ 4887782.104399999603629, 2076853.110300000756979, 0.0 ], [ 4887834.19579999987036, 2076761.974199999123812, 0.0 ], [ 4887850.496100000105798, 2076686.1404, 0.0 ], [ 4887827.9052, 2076628.818, 0.0 ], [ 4887889.440100000239909, 2076473.793299999088049, 0.0 ], [ 4887896.68680000025779, 2076424.495200000703335, 0.0 ], [ 4887897.892, 2076414.437000000849366, 0.0 ], [ 4887895.7626, 2076398.747500000521541, 0.0 ], [ 4887891.418600000441074, 2076385.050499999895692, 0.0 ], [ 4887888.083999999798834, 2076379.308800000697374, 0.0 ], [ 4887886.499800000339746, 2076357.20890000090003, 0.0 ], [ 4887875.94440000038594, 2076341.9737, 0.0 ], [ 4887869.275999999605119, 2076331.0428, 0.0 ], [ 4887872.454, 2076305.068199999630451, 0.0 ], [ 4887926.332100000232458, 2076222.328600000590086, 0.0 ], [ 4887932.1968, 2076214.142400000244379, 0.0 ], [ 4887944.10329999960959, 2076166.716199999675155, 0.0 ], [ 4887940.96059999987483, 2076140.308700000867248, 0.0 ], [ 4887938.283599999733269, 2076129.261499999091029, 0.0 ], [ 4887937.043399999849498, 2076115.007400000467896, 0.0 ], [ 4887935.813500000163913, 2076107.936499999836087, 0.0 ], [ 4887898.090599999763072, 2076014.167500000447035, 0.0 ], [ 4887871.012799999676645, 2075921.0461, 0.0 ], [ 4887851.997999999672174, 2075883.168400000780821, 0.0 ], [ 4887853.074400000274181, 2075860.733200000599027, 0.0 ], [ 4887870.9019, 2075844.130899999290705, 0.0 ], [ 4887892.987099999561906, 2075781.32909999974072, 0.0 ], [ 4887911.021099999547005, 2075754.117499999701977, 0.0 ], [ 4887918.9989, 2075750.3487, 0.0 ], [ 4887967.01630000025034, 2075678.226600000634789, 0.0 ], [ 4887966.112300000153482, 2075666.403300000354648, 0.0 ], [ 4887952.312199999578297, 2075630.949300000444055, 0.0 ], [ 4887939.850499999709427, 2075600.908399999141693, 0.0 ], [ 4887973.9649, 2075575.662799999117851, 0.0 ], [ 4888029.896599999628961, 2075532.483200000599027, 0.0 ], [ 4888046.957700000144541, 2075522.623199999332428, 0.0 ], [ 4888077.875199999660254, 2075510.312100000679493, 0.0 ], [ 4888094.920800000429153, 2075489.622099999338388, 0.0 ], [ 4888107.102099999785423, 2075478.885099999606609, 0.0 ], [ 4888151.655299999751151, 2075464.89670000039041, 0.0 ], [ 4888167.612800000235438, 2075458.574699999764562, 0.0 ], [ 4888229.547500000335276, 2075426.106100000441074, 0.0 ], [ 4888281.433400000445545, 2075422.274299999698997, 0.0 ], [ 4888312.465200000442564, 2075412.283800000324845, 0.0 ], [ 4888355.3361, 2075384.926200000569224, 0.0 ], [ 4888372.938400000333786, 2075365.782600000500679, 0.0 ], [ 4888386.778800000436604, 2075352.17, 0.0 ], [ 4888398.636, 2075347.401100000366569, 0.0 ], [ 4888411.060200000181794, 2075351.361600000411272, 0.0 ], [ 4888429.928000000305474, 2075364.153799999505281, 0.0 ], [ 4888445.774000000208616, 2075357.38990000076592, 0.0 ], [ 4888462.499699999578297, 2075345.541400000452995, 0.0 ], [ 4888498.722, 2075320.956199999898672, 0.0 ], [ 4888508.785500000230968, 2075302.486500000581145, 0.0 ], [ 4888517.848000000230968, 2075281.8081, 0.0 ], [ 4888542.104299999773502, 2075263.539200000464916, 0.0 ], [ 4888557.736700000241399, 2075262.411699999123812, 0.0 ], [ 4888582.786100000143051, 2075255.966199999675155, 0.0 ], [ 4888595.961799999698997, 2075242.68610000051558, 0.0 ], [ 4888603.369900000281632, 2075228.198699999600649, 0.0 ], [ 4888616.223500000312924, 2075222.323200000450015, 0.0 ], [ 4888636.071600000374019, 2075222.847400000318885, 0.0 ], [ 4888677.111399999819696, 2075232.955600000917912, 0.0 ], [ 4888693.851700000464916, 2075231.274000000208616, 0.0 ], [ 4888711.672899999655783, 2075210.030600000172853, 0.0 ], [ 4888725.1858, 2075199.954800000414252, 0.0 ], [ 4888759.7807, 2075200.347400000318885, 0.0 ], [ 4888805.917700000107288, 2075208.238299999386072, 0.0 ], [ 4888799.653, 2075169.458100000396371, 0.0 ], [ 4888818.182, 2075022.674000000581145, 0.0 ], [ 4888824.66330000013113, 2074980.228900000452995, 0.0 ], [ 4888826.433299999684095, 2074977.3531, 0.0 ], [ 4888818.21100000012666, 2074965.319199999794364, 0.0 ], [ 4888885.403599999845028, 2074887.3136, 0.0 ], [ 4888896.214800000190735, 2074848.730100000277162, 0.0 ], [ 4888900.2801, 2074822.643899999558926, 0.0 ], [ 4888911.433899999596179, 2074791.022099999710917, 0.0 ], [ 4888928.642400000244379, 2074728.780300000682473, 0.0 ], [ 4888943.8902000002563, 2074691.185100000351667, 0.0 ], [ 4888948.719600000418723, 2074656.588600000366569, 0.0 ], [ 4888943.2368, 2074621.675100000575185, 0.0 ], [ 4888927.792700000107288, 2074599.374099999666214, 0.0 ], [ 4888896.255099999718368, 2074565.934499999508262, 0.0 ], [ 4888865.939000000245869, 2074533.819199999794364, 0.0 ], [ 4888860.217799999751151, 2074487.3026, 0.0 ], [ 4888850.223500000312924, 2074398.908600000664592, 0.0 ], [ 4888798.3032, 2074301.291600000113249, 0.0 ], [ 4888748.9912, 2074244.449200000613928, 0.0 ], [ 4888723.088899999856949, 2074197.408800000324845, 0.0 ], [ 4888697.9858, 2074166.501700000837445, 0.0 ], [ 4888671.006299999542534, 2074141.6754, 0.0 ], [ 4888641.354100000113249, 2074108.675200000405312, 0.0 ], [ 4888608.8909, 2074048.4934, 0.0 ], [ 4888590.902099999599159, 2074030.1744, 0.0 ], [ 4888574.698200000450015, 2074019.478000000119209, 0.0 ], [ 4888553.378200000151992, 2073997.848500000312924, 0.0 ], [ 4888485.102800000458956, 2073939.375600000843406, 0.0 ], [ 4888431.347199999727309, 2073877.01410000026226, 0.0 ], [ 4888385.927500000223517, 2073828.564999999478459, 0.0 ], [ 4888359.735500000417233, 2073423.913599999621511, 0.0 ], [ 4888346.294099999591708, 2073406.693199999630451, 0.0 ], [ 4888310.684899999760091, 2073395.361500000581145, 0.0 ], [ 4888283.074799999594688, 2073395.069399999454618, 0.0 ], [ 4888097.932199999690056, 2073338.753100000321865, 0.0 ], [ 4888080.849000000394881, 2073333.583599999547005, 0.0 ], [ 4888052.229000000283122, 2073324.894200000911951, 0.0 ], [ 4887966.522900000214577, 2073406.2423, 0.0 ], [ 4887940.4353, 2073462.418999999761581, 0.0 ], [ 4887938.121100000105798, 2073472.368300000205636, 0.0 ], [ 4887931.944199999794364, 2073495.0318, 0.0 ], [ 4887913.826100000180304, 2073541.361700000241399, 0.0 ], [ 4887904.000799999572337, 2073571.434599999338388, 0.0 ], [ 4887890.633100000210106, 2073605.601500000804663, 0.0 ], [ 4887881.572200000286102, 2073627.4956, 0.0 ], [ 4887854.6842, 2073666.654899999499321, 0.0 ], [ 4887851.139000000432134, 2073668.759700000286102, 0.0 ], [ 4887841.392400000244379, 2073676.399000000208616, 0.0 ], [ 4887824.334499999880791, 2073688.800599999725819, 0.0 ], [ 4887792.310200000181794, 2073703.10249999910593, 0.0 ], [ 4887777.013799999840558, 2073706.771299999207258, 0.0 ], [ 4887761.824099999852479, 2073707.456199999898672, 0.0 ], [ 4887743.197100000455976, 2073708.2566, 0.0 ], [ 4887717.468000000342727, 2073705.0888, 0.0 ], [ 4887707.93059999961406, 2073703.997400000691414, 0.0 ], [ 4887683.19440000038594, 2073697.291799999773502, 0.0 ], [ 4887672.543200000189245, 2073692.776200000196695, 0.0 ], [ 4887663.225999999791384, 2073690.5793999992311, 0.0 ], [ 4887651.8004, 2073687.280500000342727, 0.0 ], [ 4887635.93709999974817, 2073682.219900000840425, 0.0 ], [ 4887620.298600000329316, 2073679.369100000709295, 0.0 ], [ 4887608.766200000420213, 2073678.833200000226498, 0.0 ], [ 4887602.336799999698997, 2073680.058000000193715, 0.0 ], [ 4887593.252000000327826, 2073685.265100000426173, 0.0 ], [ 4887584.39130000025034, 2073692.129499999806285, 0.0 ], [ 4887581.7347999997437, 2073695.338199999183416, 0.0 ], [ 4887577.418499999679625, 2073700.980399999767542, 0.0 ], [ 4887573.216699999757111, 2073709.0537, 0.0 ], [ 4887564.239699999801815, 2073712.161000000312924, 0.0 ], [ 4887570.582100000232458, 2073727.512800000607967, 0.0 ], [ 4887572.589700000360608, 2073735.687699999660254, 0.0 ], [ 4887575.594700000248849, 2073743.419099999591708, 0.0 ], [ 4887581.14989999961108, 2073751.146800000220537, 0.0 ], [ 4887587.2571, 2073757.216099999845028, 0.0 ], [ 4887593.807199999690056, 2073762.842700000852346, 0.0 ], [ 4887605.128600000403821, 2073770.78319999948144, 0.0 ], [ 4887614.338200000114739, 2073775.300899999216199, 0.0 ], [ 4887618.999900000169873, 2073778.498999999836087, 0.0 ], [ 4887623.4391, 2073781.255300000309944, 0.0 ], [ 4887640.861999999731779, 2073791.286699999123812, 0.0 ], [ 4887731.648400000296533, 2073850.6108, 0.0 ], [ 4887736.345300000160933, 2073878.342199999839067, 0.0 ], [ 4887739.7248, 2073915.2478, 0.0 ], [ 4887734.77489999961108, 2073942.88260000012815, 0.0 ], [ 4887723.2801, 2073968.537599999457598, 0.0 ], [ 4887677.209099999628961, 2074007.17200000025332, 0.0 ], [ 4887550.720300000160933, 2074102.614399999380112, 0.0 ], [ 4887548.0625, 2074104.93889999948442, 0.0 ], [ 4887533.324, 2074110.927699999883771, 0.0 ], [ 4887503.845599999651313, 2074122.021299999207258, 0.0 ], [ 4887448.539599999785423, 2074138.456599999219179, 0.0 ], [ 4887426.368700000457466, 2074142.135500000789762, 0.0 ], [ 4887380.142199999652803, 2074149.716900000348687, 0.0 ], [ 4887354.654500000178814, 2074160.031199999153614, 0.0 ], [ 4887341.695899999700487, 2074170.1064, 0.0 ], [ 4887332.625099999830127, 2074184.927899999544024, 0.0 ], [ 4887330.644100000150502, 2074195.2083, 0.0 ], [ 4887266.227099999785423, 2074352.0055, 0.0 ], [ 4887246.408200000412762, 2074371.926100000739098, 0.0 ], [ 4887223.808500000275671, 2074385.772600000724196, 0.0 ], [ 4887185.787999999709427, 2074393.784399999305606, 0.0 ], [ 4887141.10950000025332, 2074398.269500000402331, 0.0 ], [ 4887123.819500000216067, 2074403.378000000491738, 0.0 ], [ 4887114.627399999648333, 2074411.01659999974072, 0.0 ], [ 4887110.101800000295043, 2074425.168500000610948, 0.0 ], [ 4887103.473299999721348, 2074441.975700000301003, 0.0 ], [ 4887090.308799999766052, 2074462.881300000473857, 0.0 ], [ 4887077.139899999834597, 2074480.803099999204278, 0.0 ], [ 4887051.224899999797344, 2074502.279799999669194, 0.0 ], [ 4887007.5614, 2074518.477600000798702, 0.0 ], [ 4886920.7917, 2074552.8618, 0.0 ], [ 4886876.537399999797344, 2074543.974600000306964, 0.0 ], [ 4886852.806599999777973, 2074542.351399999111891, 0.0 ], [ 4886840.840599999763072, 2074548.667899999767542, 0.0 ], [ 4886833.955799999646842, 2074541.605200000107288, 0.0 ], [ 4886830.190000000409782, 2074544.483899999409914, 0.0 ], [ 4886817.683000000193715, 2074559.973600000143051, 0.0 ], [ 4886791.6968, 2074608.746600000187755, 0.0 ], [ 4886777.866600000299513, 2074629.321699999272823, 0.0 ], [ 4886761.364900000393391, 2074642.717499999329448, 0.0 ], [ 4886753.1694, 2074649.36009999923408, 0.0 ], [ 4886739.205, 2074653.911299999803305, 0.0 ], [ 4886711.709599999710917, 2074655.940500000491738, 0.0 ], [ 4886692.969200000166893, 2074654.862600000575185, 0.0 ], [ 4886667.784900000318885, 2074644.953299999237061, 0.0 ], [ 4886635.270700000226498, 2074626.987299999222159, 0.0 ], [ 4886633.711799999698997, 2074622.458599999547005, 0.0 ], [ 4886632.24210000038147, 2074603.010800000280142, 0.0 ], [ 4886626.785799999721348, 2074587.105200000107288, 0.0 ], [ 4886623.234899999573827, 2074585.231699999421835, 0.0 ], [ 4886617.91260000038892, 2074585.239399999380112, 0.0 ], [ 4886609.1524, 2074584.810100000351667, 0.0 ], [ 4886592.519899999722838, 2074584.502800000831485, 0.0 ], [ 4886578.5483, 2074584.0811, 0.0 ], [ 4886570.117600000463426, 2074657.693600000813603, 0.0 ], [ 4886560.164300000295043, 2074675.50029999949038, 0.0 ], [ 4886489.037200000137091, 2074715.498400000855327, 0.0 ], [ 4886381.474600000306964, 2074557.624399999156594, 0.0 ], [ 4886293.0883, 2074395.854699999094009, 0.0 ], [ 4885884.83420000039041, 2074630.182199999690056, 0.0 ], [ 4885887.274799999780953, 2074630.952199999243021, 0.0 ], [ 4885907.018000000156462, 2074635.343699999153614, 0.0 ], [ 4885921.876000000163913, 2074635.322000000625849, 0.0 ], [ 4885936.7319, 2074633.863600000739098, 0.0 ], [ 4885956.46860000025481, 2074633.834699999541044, 0.0 ], [ 4885968.333499999716878, 2074634.259400000795722, 0.0 ], [ 4886005.700299999676645, 2074634.204700000584126, 0.0 ], [ 4886024.869099999777973, 2074700.7043999992311, 0.0 ], [ 4885964.227900000289083, 2074707.976299999281764, 0.0 ], [ 4885894.163099999539554, 2074716.035700000822544, 0.0 ], [ 4885804.584099999628961, 2074724.676300000399351, 0.0 ], [ 4885782.077600000426173, 2074726.256400000303984, 0.0 ], [ 4885765.6732, 2074730.369400000199676, 0.0 ], [ 4885748.386699999682605, 2074737.799000000581145, 0.0 ], [ 4885739.41579999960959, 2074744.884800000116229, 0.0 ], [ 4885732.774299999698997, 2074752.630300000309944, 0.0 ], [ 4885730.451000000350177, 2074756.170099999755621, 0.0 ], [ 4885726.252600000239909, 2074766.45380000025034, 0.0 ], [ 4885723.142799999564886, 2074762.92200000025332, 0.0 ], [ 4885720.701100000180304, 2074761.378399999812245, 0.0 ], [ 4885683.185700000263751, 2074735.684399999678135, 0.0 ], [ 4885665.648699999786913, 2074723.553899999707937, 0.0 ], [ 4885354.7878, 2074907.569900000467896, 0.0 ], [ 4884934.254599999636412, 2075158.05629999935627, 0.0 ], [ 4884933.474299999885261, 2075155.294700000435114, 0.0 ], [ 4884932.356499999761581, 2075149.2182, 0.0 ], [ 4884929.466099999845028, 2075144.139000000432134, 0.0 ], [ 4884926.13289999961853, 2075139.502399999648333, 0.0 ], [ 4884920.248999999836087, 2075134.648600000888109, 0.0 ], [ 4884915.033699999563396, 2075132.004100000485778, 0.0 ], [ 4884908.9326, 2075130.134400000795722, 0.0 ], [ 4884902.390100000426173, 2075129.8125, 0.0 ], [ 4884893.6321, 2075130.82010000012815, 0.0 ], [ 4884883.769399999640882, 2075134.702500000596046, 0.0 ], [ 4884878.0115, 2075140.015599999576807, 0.0 ], [ 4884875.134800000116229, 2075144.2193, 0.0 ], [ 4884874.145700000226498, 2075150.188400000333786, 0.0 ], [ 4884874.486499999649823, 2075155.713500000536442, 0.0 ], [ 4884879.718500000424683, 2075169.630200000479817, 0.0 ], [ 4884847.7472, 2075144.149299999698997, 0.0 ], [ 4884847.764700000174344, 2075155.973999999463558, 0.0 ], [ 4884854.569799999706447, 2075183.9233, 0.0 ], [ 4884852.586199999786913, 2075192.214600000530481, 0.0 ], [ 4884849.381299999542534, 2075199.402599999681115, 0.0 ], [ 4884841.079300000332296, 2075208.9189, 0.0 ], [ 4884715.0016, 2075279.280300000682473, 0.0 ], [ 4884696.277900000102818, 2075289.475099999457598, 0.0 ], [ 4884687.304700000211596, 2075294.9035, 0.0 ], [ 4884670.905899999663234, 2075302.663599999621511, 0.0 ], [ 4884627.254200000315905, 2075326.377699999138713, 0.0 ], [ 4884594.78969999961555, 2075342.229000000283122, 0.0 ], [ 4884520.3405, 2075384.223300000652671, 0.0 ], [ 4884407.334599999710917, 2075446.167099999263883, 0.0 ], [ 4884360.027099999599159, 2075471.986600000411272, 0.0 ], [ 4884323.3553, 2075491.822699999436736, 0.0 ], [ 4884315.1562, 2075495.923800000920892, 0.0 ], [ 4884233.384600000455976, 2075534.835100000724196, 0.0 ], [ 4884165.134999999776483, 2075570.189899999648333, 0.0 ], [ 4884070.953300000168383, 2075614.755899999290705, 0.0 ], [ 4884033.280399999581277, 2075632.383400000631809, 0.0 ], [ 4883911.067800000309944, 2075691.468499999493361, 0.0 ], [ 4883869.96059999987483, 2075711.090500000864267, 0.0 ], [ 4883845.018799999728799, 2075715.216600000858307, 0.0 ], [ 4883810.971099999733269, 2075710.183900000527501, 0.0 ], [ 4883822.512299999594688, 2075716.686899999156594, 0.0 ], [ 4883830.946000000461936, 2075721.205299999564886, 0.0 ], [ 4883837.160899999551475, 2075724.953400000929832, 0.0 ], [ 4883841.8251, 2075729.809000000357628, 0.0 ], [ 4883846.382399999536574, 2075737.316999999806285, 0.0 ], [ 4883850.720700000412762, 2075746.704, 0.0 ], [ 4883853.510800000280142, 2075758.856100000441074, 0.0 ], [ 4883854.076999999582767, 2075766.70160000026226, 0.0 ], [ 4883854.751799999736249, 2075773.110300000756979, 0.0 ], [ 4883854.316200000233948, 2075778.415500000119209, 0.0 ], [ 4883851.2215, 2075785.050799999386072, 0.0 ], [ 4883848.901800000108778, 2075790.911399999633431, 0.0 ], [ 4883755.010700000450015, 2075732.922499999403954, 0.0 ], [ 4883729.803299999795854, 2075707.763499999418855, 0.0 ], [ 4883677.309899999760091, 2075676.235600000247359, 0.0 ], [ 4883495.424800000153482, 2075574.394799999892712, 0.0 ], [ 4883405.430499999783933, 2075527.451500000432134, 0.0 ], [ 4883346.617700000293553, 2075496.706900000572205, 0.0 ], [ 4883316.763899999670684, 2075478.738199999555945, 0.0 ], [ 4883291.00719999987632, 2075457.116499999538064, 0.0 ], [ 4883285.79, 2075453.256400000303984, 0.0 ], [ 4883241.8415, 2075426.68889999948442, 0.0 ], [ 4883233.852, 2075422.6119, 0.0 ], [ 4883184.688799999654293, 2075393.952600000426173, 0.0 ], [ 4883114.77489999961108, 2075354.604800000786781, 0.0 ], [ 4883101.4551, 2075345.231300000101328, 0.0 ], [ 4883089.803999999538064, 2075339.502100000157952, 0.0 ], [ 4883021.891099999658763, 2075303.68779999949038, 0.0 ], [ 4883017.230200000107288, 2075301.042500000447035, 0.0 ], [ 4882951.420599999837577, 2075263.014699999243021, 0.0 ], [ 4882876.279400000348687, 2075213.286800000816584, 0.0 ], [ 4882826.112200000323355, 2075180.761199999600649, 0.0 ], [ 4882734.20380000025034, 2075115.144899999722838, 0.0 ], [ 4882703.005599999800324, 2075088.22690000012517, 0.0 ], [ 4882639.955400000326335, 2075042.017300000414252, 0.0 ], [ 4882621.975700000301003, 2075030.772199999541044, 0.0 ], [ 4882618.757799999788404, 2075029.229800000786781, 0.0 ], [ 4882597.008899999782443, 2075018.542899999767542, 0.0 ], [ 4882581.698800000362098, 2075012.92989999987185, 0.0 ], [ 4882555.518500000238419, 2075004.791500000283122, 0.0 ], [ 4882537.7652000002563, 2074996.6403, 0.0 ], [ 4882527.3366, 2074992.788100000470877, 0.0 ], [ 4882490.501299999654293, 2074977.813999999314547, 0.0 ], [ 4882451.553299999795854, 2074958.864700000733137, 0.0 ], [ 4882429.581799999810755, 2074947.625600000843406, 0.0 ], [ 4882425.143199999816716, 2074945.4221, 0.0 ], [ 4882395.848000000230968, 2074930.5472, 0.0 ], [ 4882337.481300000101328, 2074902.123099999502301, 0.0 ], [ 4882267.910799999721348, 2074870.511199999600649, 0.0 ], [ 4882241.723199999891222, 2074857.620899999514222, 0.0 ], [ 4882149.175599999725819, 2074809.909, 0.0 ], [ 4882126.757299999706447, 2074796.570900000631809, 0.0 ], [ 4882024.099600000306964, 2074735.834000000730157, 0.0 ], [ 4881962.066800000146031, 2074702.995200000703335, 0.0 ], [ 4881911.791600000113249, 2074672.901499999687076, 0.0 ], [ 4881863.849100000225008, 2074645.567099999636412, 0.0 ], [ 4881814.240500000305474, 2074616.356499999761581, 0.0 ], [ 4881764.2944, 2074584.05210000090301, 0.0 ], [ 4881745.090900000184774, 2074570.267200000584126, 0.0 ], [ 4881695.0274, 2074533.653000000864267, 0.0 ], [ 4881684.261099999770522, 2074526.5965, 0.0 ], [ 4881682.818300000391901, 2074525.714600000530481, 0.0 ], [ 4881636.432799999602139, 2074574.6316, 0.0 ], [ 4881613.846099999733269, 2074596.547399999573827, 0.0 ], [ 4881596.5104, 2074571.487299999222159, 0.0 ], [ 4881612.563799999654293, 2074555.328099999576807, 0.0 ], [ 4881581.6968, 2074527.8574, 0.0 ], [ 4881543.841900000348687, 2074498.96059999987483, 0.0 ], [ 4881515.424200000241399, 2074478.00650000013411, 0.0 ], [ 4881486.895999999716878, 2074457.38399999961257, 0.0 ], [ 4881449.9282, 2074428.48589999973774, 0.0 ], [ 4881418.167399999685585, 2074396.706599999219179, 0.0 ], [ 4881393.732699999585748, 2074370.110200000926852, 0.0 ], [ 4881370.512199999764562, 2074339.8651, 0.0 ], [ 4881318.416199999861419, 2074279.383400000631809, 0.0 ], [ 4881286.986600000411272, 2074246.7195999994874, 0.0 ], [ 4881270.436300000175834, 2074227.847100000828505, 0.0 ], [ 4881182.019600000232458, 2074126.862700000405312, 0.0 ], [ 4881127.484000000171363, 2074066.495300000533462, 0.0 ], [ 4881108.264399999752641, 2074042.322300000116229, 0.0 ], [ 4881086.490399999544024, 2074015.501000000163913, 0.0 ], [ 4881039.0488, 2073953.5757, 0.0 ], [ 4881014.610999999567866, 2073925.100600000470877, 0.0 ], [ 4880980.511699999682605, 2073887.025800000876188, 0.0 ], [ 4880975.067499999888241, 2073879.850700000301003, 0.0 ], [ 4880916.091300000436604, 2073816.285399999469519, 0.0 ], [ 4880858.88300000037998, 2073748.628399999812245, 0.0 ], [ 4880828.672600000165403, 2073715.85219999961555, 0.0 ], [ 4880778.687400000169873, 2073658.5724, 0.0 ], [ 4880735.336199999786913, 2073588.904999999329448, 0.0 ], [ 4880715.2094, 2073551.693, 0.0 ], [ 4880704.429700000211596, 2073536.01659999974072, 0.0 ], [ 4880685.778099999763072, 2073520.904899999499321, 0.0 ], [ 4880664.578599999658763, 2073507.454700000584126, 0.0 ], [ 4880649.014999999664724, 2073481.39750000089407, 0.0 ], [ 4880643.333100000396371, 2073463.834599999710917, 0.0 ], [ 4880634.588100000284612, 2073473.573100000619888, 0.0 ], [ 4880595.0757, 2073521.485500000417233, 0.0 ], [ 4880554.2368, 2073572.052300000563264, 0.0 ], [ 4880535.987700000405312, 2073602.692299999296665, 0.0 ], [ 4880516.742999999783933, 2073634.770500000566244, 0.0 ], [ 4880472.044599999673665, 2073699.267899999395013, 0.0 ], [ 4880430.0033, 2073761.108899999409914, 0.0 ], [ 4880398.577399999834597, 2073803.594000000506639, 0.0 ], [ 4880386.630900000222027, 2073822.509999999776483, 0.0 ], [ 4880341.04839999973774, 2073888.777100000530481, 0.0 ], [ 4880296.348600000143051, 2073952.16950000077486, 0.0 ], [ 4880238.818599999882281, 2074036.579199999570847, 0.0 ], [ 4880211.045599999837577, 2074074.859300000593066, 0.0 ], [ 4880176.755400000140071, 2074129.394799999892712, 0.0 ], [ 4880140.571899999864399, 2074178.407700000330806, 0.0 ], [ 4880123.2067, 2074206.725700000301003, 0.0 ], [ 4880094.107800000347197, 2074247.991800000891089, 0.0 ], [ 4880084.483, 2074262.373199999332428, 0.0 ], [ 4880079.05559999961406, 2074266.139000000432134, 0.0 ], [ 4880075.396800000220537, 2074266.36570000089705, 0.0 ], [ 4880076.400000000372529, 2074269.78999999910593, 0.0 ], [ 4880076.0746, 2074274.542600000277162, 0.0 ], [ 4880065.785799999721348, 2074289.698699999600649, 0.0 ], [ 4880043.879700000397861, 2074321.4496, 0.0 ], [ 4880026.071999999694526, 2074350.320900000631809, 0.0 ], [ 4879994.433899999596179, 2074398.774299999698997, 0.0 ], [ 4879980.826500000432134, 2074419.019099999219179, 0.0 ], [ 4879929.155500000342727, 2074491.374199999496341, 0.0 ], [ 4879879.921400000341237, 2074562.067900000140071, 0.0 ], [ 4879869.520100000314415, 2074576.119100000709295, 0.0 ], [ 4879841.5395, 2074623.351299999281764, 0.0 ], [ 4879801.926900000311434, 2074677.453299999237061, 0.0 ], [ 4879783.1217, 2074706.5472999997437, 0.0 ], [ 4879727.463100000284612, 2074781.339999999850988, 0.0 ], [ 4879697.146200000308454, 2074823.381799999624491, 0.0 ], [ 4879654.440999999642372, 2074885.224600000306964, 0.0 ], [ 4879643.158699999563396, 2074903.145199999213219, 0.0 ], [ 4879619.067300000227988, 2074955.565700000151992, 0.0 ], [ 4879596.364299999549985, 2074973.614399999380112, 0.0 ], [ 4879592.806300000287592, 2074967.320699999108911, 0.0 ], [ 4879536.821100000292063, 2075045.761099999770522, 0.0 ], [ 4879521.664300000295043, 2075067.776699999347329, 0.0 ], [ 4879478.501000000163913, 2075120.005699999630451, 0.0 ], [ 4879456.692499999888241, 2075142.80519999936223, 0.0 ], [ 4879431.673899999819696, 2075169.146099999547005, 0.0 ], [ 4879392.821100000292063, 2075212.306399999186397, 0.0 ], [ 4879328.729000000283122, 2075282.471200000494719, 0.0 ], [ 4879337.94440000038594, 2075290.303300000727177, 0.0 ], [ 4879277.277800000272691, 2075352.72690000012517, 0.0 ], [ 4879237.87459999974817, 2075398.319499999284744, 0.0 ], [ 4879152.532999999821186, 2075493.935499999672174, 0.0 ], [ 4879109.693799999542534, 2075540.307099999859929, 0.0 ], [ 4879090.5455, 2075562.32909999974072, 0.0 ], [ 4879029.330199999734759, 2075628.179700000211596, 0.0 ], [ 4878993.5767, 2075667.578099999576807, 0.0 ], [ 4878986.4616, 2075655.543199999257922, 0.0 ], [ 4878973.8405, 2075668.050799999386072, 0.0 ], [ 4878953.470099999569356, 2075688.527499999850988, 0.0 ], [ 4878937.971, 2075704.13399999961257, 0.0 ], [ 4878844.74349999986589, 2075790.7007, 0.0 ], [ 4878812.856499999761581, 2075820.810100000351667, 0.0 ], [ 4878800.790500000119209, 2075833.648399999365211, 0.0 ], [ 4878730.2648, 2075901.503200000151992, 0.0 ], [ 4878695.0592, 2075936.590900000184774, 0.0 ], [ 4878686.977, 2075944.339400000870228, 0.0 ], [ 4878656.864199999719858, 2075974.446100000292063, 0.0 ], [ 4878612.467199999839067, 2076016.952600000426173, 0.0 ], [ 4878586.3405, 2076043.406199999153614, 0.0 ], [ 4878572.05599999986589, 2076055.695499999448657, 0.0 ], [ 4878542.932300000451505, 2076080.053999999538064, 0.0 ], [ 4878523.884800000116229, 2076095.44510000012815, 0.0 ], [ 4878500.511400000192225, 2076109.848400000482798, 0.0 ], [ 4878411.46059999987483, 2076172.317399999126792, 0.0 ], [ 4878323.191999999806285, 2076238.542700000107288, 0.0 ], [ 4878331.081500000320375, 2076249.3607, 0.0 ], [ 4878245.250199999660254, 2076314.145700000226498, 0.0 ], [ 4878170.4951, 2076371.287900000810623, 0.0 ], [ 4878211.707600000314415, 2076419.517799999564886, 0.0 ], [ 4878253.374099999666214, 2076474.488299999386072, 0.0 ], [ 4878275.7051, 2076502.523700000718236, 0.0 ], [ 4878304.700000000186265, 2076537.621600000187755, 0.0 ], [ 4878339.035799999721348, 2076584.646600000560284, 0.0 ], [ 4878374.707499999552965, 2076635.095499999821186, 0.0 ], [ 4878422.925499999895692, 2076696.355000000447035, 0.0 ], [ 4878427.050300000235438, 2076710.494300000369549, 0.0 ], [ 4878466.7286, 2076770.5515, 0.0 ], [ 4878495.621799999848008, 2076811.61739999987185, 0.0 ], [ 4878528.3964, 2076853.119200000539422, 0.0 ], [ 4878570.2835, 2076907.647299999371171, 0.0 ], [ 4878628.947300000116229, 2076983.809900000691414, 0.0 ], [ 4878683.1705, 2077056.55350000038743, 0.0 ], [ 4878736.830199999734759, 2077123.551300000399351, 0.0 ], [ 4878776.8103, 2077164.157800000160933, 0.0 ], [ 4878722.632299999706447, 2077191.097300000488758, 0.0 ], [ 4878686.404900000430644, 2077210.383300000801682, 0.0 ], [ 4878595.230899999849498, 2077261.472699999809265, 0.0 ], [ 4878536.068, 2077291.293600000441074, 0.0 ], [ 4878470.3904, 2077338.475299999117851, 0.0 ], [ 4878435.057300000451505, 2077362.401599999517202, 0.0 ], [ 4878420.769500000402331, 2077372.370300000533462, 0.0 ], [ 4878401.71860000025481, 2077385.330199999734759, 0.0 ], [ 4878364.176, 2077414.343699999153614, 0.0 ], [ 4878332.834099999628961, 2077437.932299999520183, 0.0 ], [ 4878282.114299999549985, 2077478.017899999395013, 0.0 ], [ 4878246.78760000038892, 2077505.922800000756979, 0.0 ], [ 4878202.82039999961853, 2077538.925000000745058, 0.0 ], [ 4878157.754700000397861, 2077578.449200000613928, 0.0 ], [ 4878076.69440000038594, 2077644.111400000751019, 0.0 ], [ 4878022.876799999736249, 2077688.401599999517202, 0.0 ], [ 4877980.6875, 2077723.721899999305606, 0.0 ], [ 4877922.64919999986887, 2077763.266799999400973, 0.0 ], [ 4877913.014000000432134, 2077770.465399999171495, 0.0 ], [ 4877940.210199999623001, 2077789.9835, 0.0 ], [ 4878018.6376, 2077883.244100000709295, 0.0 ], [ 4878050.086400000378489, 2077927.731599999591708, 0.0 ], [ 4878103.636800000444055, 2077995.613299999386072, 0.0 ], [ 4878137.861600000411272, 2078042.748800000175834, 0.0 ], [ 4878174.9517, 2078078.7179000005126, 0.0 ], [ 4878218.818400000222027, 2078123.075400000438094, 0.0 ], [ 4878310.661000000312924, 2078215.9835, 0.0 ], [ 4878380.8487, 2078287.707100000232458, 0.0 ], [ 4878408.278300000354648, 2078314.850299999117851, 0.0 ], [ 4878438.0378, 2078342.98450000025332, 0.0 ], [ 4878559.633899999782443, 2078460.601099999621511, 0.0 ], [ 4878650.695299999788404, 2078550.85840000025928, 0.0 ], [ 4878654.249900000169873, 2078555.052300000563264, 0.0 ], [ 4878659.895499999634922, 2078549.186200000345707, 0.0 ], [ 4878700.10190000012517, 2078592.997099999338388, 0.0 ], [ 4878742.755699999630451, 2078641.998199999332428, 0.0 ], [ 4878767.10010000038892, 2078681.634400000795722, 0.0 ], [ 4878785.028, 2078730.563799999654293, 0.0 ], [ 4878815.175200000405312, 2078652.494000000879169, 0.0 ], [ 4878857.3443, 2078604.464999999850988, 0.0 ], [ 4878929.337000000290573, 2078554.842199999839067, 0.0 ], [ 4878995.173000000417233, 2078538.714800000190735, 0.0 ], [ 4879041.137199999764562, 2078506.704500000923872, 0.0 ], [ 4879073.9392, 2078424.431199999526143, 0.0 ], [ 4879155.850599999539554, 2078336.003000000491738, 0.0 ], [ 4879178.782100000418723, 2078323.037100000306964, 0.0 ], [ 4879216.944899999536574, 2078194.3399, 0.0 ], [ 4879389.175900000147521, 2078076.043099999427795, 0.0 ], [ 4879392.050900000147521, 2077999.894899999722838, 0.0 ], [ 4879375.761400000192225, 2077863.657400000840425, 0.0 ], [ 4879361.678100000135601, 2077648.951899999752641, 0.0 ], [ 4879353.724600000306964, 2077525.631400000303984, 0.0 ], [ 4879362.793700000271201, 2077439.637900000438094, 0.0 ], [ 4879387.27379999961704, 2077352.846899999305606, 0.0 ], [ 4879503.633500000461936, 2077240.716, 0.0 ], [ 4879551.812699999660254, 2077206.381999999284744, 0.0 ], [ 4879668.091400000266731, 2077041.757799999788404, 0.0 ], [ 4879845.356300000101328, 2077093.092700000852346, 0.0 ], [ 4879902.597099999897182, 2077110.5756, 0.0 ], [ 4879944.091300000436604, 2077126.977800000458956, 0.0 ], [ 4879969.177899999544024, 2077144.9527000002563, 0.0 ], [ 4879997.9408, 2077174.1941, 0.0 ], [ 4880024.94440000038594, 2077212.942399999126792, 0.0 ], [ 4880038.74129999987781, 2077243.864800000563264, 0.0 ], [ 4880056.913800000213087, 2077308.044800000265241, 0.0 ], [ 4880073.8619, 2077369.13230000063777, 0.0 ], [ 4880111.481700000353158, 2077533.075500000268221, 0.0 ], [ 4880119.41370000038296, 2077571.63230000063777, 0.0 ], [ 4880102.103400000371039, 2077563.039100000634789, 0.0 ], [ 4880089.56319999974221, 2077555.985600000247359, 0.0 ], [ 4880106.509999999776483, 2077616.299499999731779, 0.0 ], [ 4880134.498100000433624, 2077718.149299999698997, 0.0 ], [ 4880140.8843, 2077760.907999999821186, 0.0 ], [ 4880134.302000000141561, 2077806.338999999687076, 0.0 ], [ 4880117.21059999987483, 2077867.589700000360608, 0.0 ], [ 4880056.521200000308454, 2078057.103199999779463, 0.0 ], [ 4880050.380199999548495, 2078101.096899999305606, 0.0 ], [ 4880053.42920000012964, 2078136.787900000810623, 0.0 ], [ 4880062.232900000177324, 2078165.397199999541044, 0.0 ], [ 4880072.801, 2078187.814999999478459, 0.0 ], [ 4880086.259600000455976, 2078215.201400000602007, 0.0 ], [ 4880103.049200000241399, 2078245.566500000655651, 0.0 ], [ 4880133.1902, 2078305.749399999156594, 0.0 ], [ 4880168.667000000365078, 2078374.7652000002563, 0.0 ], [ 4880244.285899999551475, 2078518.315099999308586, 0.0 ], [ 4880284.299599999561906, 2078581.577099999412894, 0.0 ], [ 4880335.757000000216067, 2078659.96169999986887, 0.0 ], [ 4880376.515700000338256, 2078703.219799999147654, 0.0 ], [ 4880432.592199999839067, 2078757.284399999305606, 0.0 ], [ 4880467.933199999853969, 2078810.496999999508262, 0.0 ], [ 4880552.4063, 2078944.308199999853969, 0.0 ], [ 4880595.436599999666214, 2079022.705900000408292, 0.0 ], [ 4880623.17879999987781, 2079109.415699999779463, 0.0 ], [ 4880654.58600000012666, 2079128.375399999320507, 0.0 ], [ 4880726.128499999642372, 2079289.724300000816584, 0.0 ], [ 4880763.458200000226498, 2079410.346799999475479, 0.0 ], [ 4880781.2577, 2079520.61119999922812, 0.0 ], [ 4880807.0757, 2079653.849899999797344, 0.0 ], [ 4880839.5905, 2079743.97829999960959, 0.0 ], [ 4880838.227099999785423, 2079794.4847999997437, 0.0 ], [ 4880865.35259999986738, 2079841.079299999400973, 0.0 ], [ 4880900.037499999627471, 2079900.592199999839067, 0.0 ], [ 4880941.728400000371039, 2079973.687400000169873, 0.0 ], [ 4880973.602300000376999, 2080007.897199999541044, 0.0 ], [ 4881218.190600000321865, 2080294.853399999439716, 0.0 ], [ 4881252.0674, 2080333.922700000926852, 0.0 ], [ 4881279.511300000362098, 2080371.565300000831485, 0.0 ], [ 4881314.950000000186265, 2080416.931500000879169, 0.0 ], [ 4881363.3887, 2080480.291200000792742, 0.0 ], [ 4881413.278699999675155, 2080550.168999999761581, 0.0 ], [ 4881452.965599999763072, 2080618.404799999669194, 0.0 ], [ 4881497.2089, 2080693.485400000587106, 0.0 ], [ 4881511.7697, 2080717.112700000405312, 0.0 ], [ 4881521.327200000174344, 2080731.685699999332428, 0.0 ], [ 4881537.064299999736249, 2080727.1305, 0.0 ], [ 4881548.478799999691546, 2080723.576500000432134, 0.0 ], [ 4881552.13150000013411, 2080719.592399999499321, 0.0 ], [ 4881565.206199999898672, 2080714.157199999317527, 0.0 ], [ 4881754.2495, 2080644.464800000190735, 0.0 ], [ 4881918.6963, 2080585.972400000318885, 0.0 ], [ 4881997.8147, 2080556.344399999827147, 0.0 ], [ 4882010.003399999812245, 2080551.463199999183416, 0.0 ], [ 4882013.769999999552965, 2080549.4682, 0.0 ], [ 4882076.801699999719858, 2080513.234099999070168, 0.0 ], [ 4882104.502100000157952, 2080501.477399999275804, 0.0 ], [ 4882170.437699999660254, 2080479.052999999374151, 0.0 ], [ 4882209.003600000403821, 2080467.169199999421835, 0.0 ], [ 4882284.354000000283122, 2080438.541799999773502, 0.0 ], [ 4882560.275299999862909, 2080337.333599999547005, 0.0 ], [ 4882634.741499999538064, 2080310.36570000089705, 0.0 ], [ 4882654.2434, 2080302.600099999457598, 0.0 ], [ 4882766.943400000222027, 2080263.9704, 0.0 ], [ 4882802.182300000451505, 2080251.53940000012517, 0.0 ], [ 4882851.493700000457466, 2080233.450999999418855, 0.0 ], [ 4882972.395899999886751, 2080193.151399999856949, 0.0 ], [ 4883058.495799999684095, 2080160.751199999824166, 0.0 ], [ 4883144.1535, 2080129.23589999973774, 0.0 ], [ 4883228.8163, 2080099.6009, 0.0 ], [ 4883333.5356, 2080062.199799999594688, 0.0 ], [ 4883438.4797, 2080026.787799999117851, 0.0 ], [ 4883480.710900000296533, 2080018.988099999725819, 0.0 ], [ 4883509.08669999986887, 2080013.751199999824166, 0.0 ], [ 4883506.740199999883771, 2080001.70890000090003, 0.0 ], [ 4883499.572800000198185, 2079954.4206000007689, 0.0 ], [ 4883490.036100000143051, 2079879.949899999424815, 0.0 ], [ 4883486.901399999856949, 2079859.951899999752641, 0.0 ], [ 4883474.935100000351667, 2079791.894600000232458, 0.0 ], [ 4883463.311200000345707, 2079730.356899999082088, 0.0 ], [ 4883457.501400000415742, 2079700.969499999657273, 0.0 ], [ 4883448.474499999545515, 2079670.481799999251962, 0.0 ], [ 4883442.571899999864399, 2079653.1403, 0.0 ], [ 4883436.447499999776483, 2079635.688699999824166, 0.0 ], [ 4883432.105399999767542, 2079623.7599, 0.0 ], [ 4883426.5313, 2079603.655099999159575, 0.0 ], [ 4883418.260599999688566, 2079560.0154, 0.0 ], [ 4883415.00690000038594, 2079534.60249999910593, 0.0 ], [ 4883413.548999999649823, 2079523.664000000804663, 0.0 ], [ 4883466.089499999769032, 2079514.301699999719858, 0.0 ], [ 4883543.019799999892712, 2079503.244899999350309, 0.0 ], [ 4883642.0142, 2079492.154899999499321, 0.0 ], [ 4883899.648400000296533, 2079392.858899999409914, 0.0 ] ] ] ] } },
{ "type": "Feature", "properties": { "OBJECTID": 7, "Nodo": "Suba", "Shape_Leng": 40357.1248375, "Shape_Length": 40352.892401486082, "Shape_Area": 47334863.284762383 }, "geometry": { "type": "MultiPolygon", "coordinates": [ [ [ [ 4878537.5949, 2088339.462300000712276, 0.0 ], [ 4878533.0159, 2088318.471999999135733, 0.0 ], [ 4878526.557900000363588, 2088301.021199999377131, 0.0 ], [ 4878521.648900000378489, 2088281.689099999144673, 0.0 ], [ 4878515.6354, 2088264.90059999935329, 0.0 ], [ 4878514.173499999567866, 2088251.972799999639392, 0.0 ], [ 4878510.598500000312924, 2088234.848899999633431, 0.0 ], [ 4878506.359000000171363, 2088218.167999999597669, 0.0 ], [ 4878504.891900000162423, 2088202.035299999639392, 0.0 ], [ 4878504.19649999961257, 2088183.138599999248981, 0.0 ], [ 4878502.068900000303984, 2088169.880300000309944, 0.0 ], [ 4878500.933400000445545, 2088153.084000000730157, 0.0 ], [ 4878501.2451, 2088140.042899999767542, 0.0 ], [ 4878502.983900000341237, 2088118.158299999311566, 0.0 ], [ 4878506.504700000397861, 2088101.354599999263883, 0.0 ], [ 4878510.030399999581277, 2088087.645199999213219, 0.0 ], [ 4878511.33669999986887, 2088072.613199999555945, 0.0 ], [ 4878516.303100000135601, 2088058.570000000298023, 0.0 ], [ 4878516.9506, 2088047.5176, 0.0 ], [ 4878521.92200000025332, 2088036.568800000473857, 0.0 ], [ 4878523.671799999661744, 2088021.536100000143051, 0.0 ], [ 4878525.420300000347197, 2088005.729800000786781, 0.0 ], [ 4878527.498800000175834, 2087988.2653, 0.0 ], [ 4878530.233099999837577, 2087964.942399999126792, 0.0 ], [ 4878534.087000000290573, 2087948.469699999317527, 0.0 ], [ 4878534.060200000181794, 2087931.671599999070168, 0.0 ], [ 4878535.810499999672174, 2087916.970499999821186, 0.0 ], [ 4878539.337799999862909, 2087904.255799999460578, 0.0 ], [ 4878545.504499999806285, 2087878.164599999785423, 0.0 ], [ 4878553.8887, 2087852.180400000885129, 0.0 ], [ 4878564.164900000207126, 2087830.834799999371171, 0.0 ], [ 4878574.988099999725819, 2087804.846799999475479, 0.0 ], [ 4878587.257500000298023, 2087781.950799999758601, 0.0 ], [ 4878599.8591, 2087758.8333, 0.0 ], [ 4878616.892900000326335, 2087734.271999999880791, 0.0 ], [ 4878631.708700000308454, 2087709.161699999123812, 0.0 ], [ 4878645.191100000403821, 2087682.174699999392033, 0.0 ], [ 4878659.2237, 2087652.645099999383092, 0.0 ], [ 4878670.824799999594688, 2087627.761, 0.0 ], [ 4878683.638600000180304, 2087598.6754, 0.0 ], [ 4878691.367700000293553, 2087578.991599999368191, 0.0 ], [ 4878694.561099999584258, 2087565.393300000578165, 0.0 ], [ 4878698.417899999767542, 2087550.688799999654293, 0.0 ], [ 4878702.270100000314415, 2087533.110999999567866, 0.0 ], [ 4878704.244400000199676, 2087519.735600000247359, 0.0 ], [ 4878710.654400000348687, 2087507.126800000667572, 0.0 ], [ 4878713.851099999621511, 2087495.6283, 0.0 ], [ 4878721.594200000166893, 2087484.675100000575185, 0.0 ], [ 4878738.4403, 2087411.819599999114871, 0.0 ], [ 4878853.8761, 2087219.010099999606609, 0.0 ], [ 4878967.9825, 2087026.424000000581145, 0.0 ], [ 4879104.647300000302494, 2086796.7804000005126, 0.0 ], [ 4879164.121000000275671, 2086688.38260000012815, 0.0 ], [ 4879167.996899999678135, 2086685.613600000739098, 0.0 ], [ 4879266.952399999834597, 2086515.707699999213219, 0.0 ], [ 4879356.179999999701977, 2086363.38910000026226, 0.0 ], [ 4879396.86780000012368, 2086293.259099999442697, 0.0 ], [ 4879397.7467, 2086288.174100000411272, 0.0 ], [ 4879437.551199999637902, 2086220.36629999987781, 0.0 ], [ 4879471.16440000012517, 2086163.288100000470877, 0.0 ], [ 4879488.634600000455976, 2086133.753399999812245, 0.0 ], [ 4879501.239199999719858, 2086112.183299999684095, 0.0 ], [ 4879611.8081, 2085923.693600000813603, 0.0 ], [ 4879617.668100000359118, 2085913.627699999138713, 0.0 ], [ 4879643.760900000110269, 2085868.165400000289083, 0.0 ], [ 4879672.396599999628961, 2085818.168199999257922, 0.0 ], [ 4879707.667000000365078, 2085757.2195999994874, 0.0 ], [ 4879710.984299999661744, 2085751.688699999824166, 0.0 ], [ 4879735.740299999713898, 2085702.139699999243021, 0.0 ], [ 4879772.339200000278652, 2085639.8629, 0.0 ], [ 4879790.8048, 2085608.668999999761581, 0.0 ], [ 4879851.397900000214577, 2085505.685599999502301, 0.0 ], [ 4879870.3059, 2085473.717499999329448, 0.0 ], [ 4879911.438500000163913, 2085403.808299999684095, 0.0 ], [ 4879974.1332, 2085297.506400000303984, 0.0 ], [ 4879975.239099999889731, 2085295.736400000751019, 0.0 ], [ 4879981.432199999690056, 2085285.891000000759959, 0.0 ], [ 4879995.919099999591708, 2085262.549900000914931, 0.0 ], [ 4880047.342400000430644, 2085179.694599999114871, 0.0 ], [ 4880102.857099999673665, 2085089.981200000271201, 0.0 ], [ 4880216.4847999997437, 2084941.051999999210238, 0.0 ], [ 4880271.915900000371039, 2084868.468499999493361, 0.0 ], [ 4880295.70380000025034, 2084837.377000000327826, 0.0 ], [ 4880362.642699999734759, 2084750.2982, 0.0 ], [ 4880395.508500000461936, 2084710.6831, 0.0 ], [ 4880417.529699999839067, 2084684.125499999150634, 0.0 ], [ 4880452.604899999685585, 2084639.31279999949038, 0.0 ], [ 4880479.3695, 2084597.386399999260902, 0.0 ], [ 4880509.017400000244379, 2084555.897700000554323, 0.0 ], [ 4880535.810200000181794, 2084531.984899999573827, 0.0 ], [ 4880575.116600000299513, 2084498.769600000232458, 0.0 ], [ 4880615.8662, 2084466.767699999734759, 0.0 ], [ 4880621.841199999675155, 2084459.132999999448657, 0.0 ], [ 4880625.6009, 2084452.8278, 0.0 ], [ 4880628.917600000277162, 2084446.854900000616908, 0.0 ], [ 4880629.9002, 2084437.1283, 0.0 ], [ 4880627.747000000439584, 2084407.182600000873208, 0.0 ], [ 4880624.487700000405312, 2084378.896299999207258, 0.0 ], [ 4880615.089999999850988, 2084324.649000000208616, 0.0 ], [ 4880607.007799999788404, 2084260.7851, 0.0 ], [ 4880598.812300000339746, 2084195.374099999666214, 0.0 ], [ 4880581.179100000299513, 2084050.0768, 0.0 ], [ 4880579.043800000101328, 2084031.624500000849366, 0.0 ], [ 4880574.881299999542534, 2083992.951400000602007, 0.0 ], [ 4880569.278599999845028, 2083954.943600000813603, 0.0 ], [ 4880580.5713, 2083944.7588, 0.0 ], [ 4880595.7407, 2083932.136600000783801, 0.0 ], [ 4880616.342000000178814, 2083919.063999999314547, 0.0 ], [ 4880631.1913, 2083914.399299999698997, 0.0 ], [ 4880648.592400000430644, 2083910.94620000012219, 0.0 ], [ 4880666.1074, 2083909.482200000435114, 0.0 ], [ 4880686.842299999669194, 2083910.997099999338388, 0.0 ], [ 4880701.367600000463426, 2083911.8586, 0.0 ], [ 4880711.566999999806285, 2083911.511099999770522, 0.0 ], [ 4880722.097500000149012, 2083910.168600000441074, 0.0 ], [ 4880753.466699999757111, 2083905.809699999168515, 0.0 ], [ 4880773.7462, 2083899.699899999424815, 0.0 ], [ 4880806.3558, 2083908.711200000718236, 0.0 ], [ 4880832.764999999664724, 2083923.036800000816584, 0.0 ], [ 4880897.9035, 2083960.509800000116229, 0.0 ], [ 4880911.442800000309944, 2083968.998299999162555, 0.0 ], [ 4881004.718299999833107, 2084062.568199999630451, 0.0 ], [ 4881174.060499999672174, 2084234.594799999147654, 0.0 ], [ 4881205.25899999961257, 2084263.169099999591708, 0.0 ], [ 4881232.562599999830127, 2084282.466499999165535, 0.0 ], [ 4881261.629999999888241, 2084295.240900000557303, 0.0 ], [ 4881330.6343, 2084323.646099999547005, 0.0 ], [ 4881401.295199999585748, 2084347.959899999201298, 0.0 ], [ 4881460.063, 2084352.841900000348687, 0.0 ], [ 4881491.9775, 2084342.7358, 0.0 ], [ 4881515.14049999974668, 2084337.284700000658631, 0.0 ], [ 4881546.268899999558926, 2084320.770099999383092, 0.0 ], [ 4881627.882799999788404, 2084258.646099999547005, 0.0 ], [ 4881829.4342, 2084110.247500000521541, 0.0 ], [ 4881827.648699999786913, 2084102.735400000587106, 0.0 ], [ 4881803.19400000013411, 2084061.551899999380112, 0.0 ], [ 4881786.3723, 2084009.415899999439716, 0.0 ], [ 4881779.23589999973774, 2083983.014399999752641, 0.0 ], [ 4881779.535899999551475, 2083961.905999999493361, 0.0 ], [ 4881780.363800000399351, 2083923.667300000786781, 0.0 ], [ 4881790.395200000144541, 2083886.298499999567866, 0.0 ], [ 4881817.068400000222027, 2083784.58559999987483, 0.0 ], [ 4881836.360500000417233, 2083713.2752, 0.0 ], [ 4881841.750300000421703, 2083685.528200000524521, 0.0 ], [ 4881851.544599999673665, 2083566.269899999722838, 0.0 ], [ 4881874.032700000330806, 2083410.52280000038445, 0.0 ], [ 4881891.557500000111759, 2083271.470899999141693, 0.0 ], [ 4881907.527900000102818, 2083130.874199999496341, 0.0 ], [ 4881917.068699999712408, 2083062.783700000494719, 0.0 ], [ 4881917.379700000397861, 2083048.748099999502301, 0.0 ], [ 4881920.34499999973923, 2083030.398399999365211, 0.0 ], [ 4881926.956600000150502, 2082932.031999999657273, 0.0 ], [ 4881932.725399999879301, 2082862.289599999785423, 0.0 ], [ 4881935.185399999842048, 2082803.824699999764562, 0.0 ], [ 4881937.183299999684095, 2082733.204, 0.0 ], [ 4881936.510200000368059, 2082656.067199999466538, 0.0 ], [ 4881926.267900000326335, 2082484.456900000572205, 0.0 ], [ 4881915.047899999655783, 2082325.998999999836087, 0.0 ], [ 4881897.7988, 2082140.143300000578165, 0.0 ], [ 4881890.604899999685585, 2082076.278000000864267, 0.0 ], [ 4881851.6562, 2081838.625199999660254, 0.0 ], [ 4881810.640800000168383, 2081626.946100000292063, 0.0 ], [ 4881782.51549999974668, 2081506.309499999508262, 0.0 ], [ 4881758.511199999600649, 2081397.823000000789762, 0.0 ], [ 4881725.966699999757111, 2081287.470799999311566, 0.0 ], [ 4881699.195600000210106, 2081182.303899999707937, 0.0 ], [ 4881674.242499999701977, 2081105.867499999701977, 0.0 ], [ 4881673.905799999833107, 2081103.215700000524521, 0.0 ], [ 4881659.866899999789894, 2081058.369200000539422, 0.0 ], [ 4881619.372899999842048, 2080969.800300000235438, 0.0 ], [ 4881594.899400000460446, 2080916.902300000190735, 0.0 ], [ 4881555.832399999722838, 2080819.0482, 0.0 ], [ 4881535.57799999974668, 2080770.011700000613928, 0.0 ], [ 4881521.327200000174344, 2080731.685699999332428, 0.0 ], [ 4881511.7697, 2080717.112700000405312, 0.0 ], [ 4881497.2089, 2080693.485400000587106, 0.0 ], [ 4881452.965599999763072, 2080618.404799999669194, 0.0 ], [ 4881413.278699999675155, 2080550.168999999761581, 0.0 ], [ 4881363.3887, 2080480.291200000792742, 0.0 ], [ 4881314.950000000186265, 2080416.931500000879169, 0.0 ], [ 4881279.511300000362098, 2080371.565300000831485, 0.0 ], [ 4881252.0674, 2080333.922700000926852, 0.0 ], [ 4881218.190600000321865, 2080294.853399999439716, 0.0 ], [ 4880973.602300000376999, 2080007.897199999541044, 0.0 ], [ 4880941.728400000371039, 2079973.687400000169873, 0.0 ], [ 4880900.037499999627471, 2079900.592199999839067, 0.0 ], [ 4880865.35259999986738, 2079841.079299999400973, 0.0 ], [ 4880838.227099999785423, 2079794.4847999997437, 0.0 ], [ 4880839.5905, 2079743.97829999960959, 0.0 ], [ 4880807.0757, 2079653.849899999797344, 0.0 ], [ 4880781.2577, 2079520.61119999922812, 0.0 ], [ 4880763.458200000226498, 2079410.346799999475479, 0.0 ], [ 4880726.128499999642372, 2079289.724300000816584, 0.0 ], [ 4880654.58600000012666, 2079128.375399999320507, 0.0 ], [ 4880623.17879999987781, 2079109.415699999779463, 0.0 ], [ 4880595.436599999666214, 2079022.705900000408292, 0.0 ], [ 4880552.4063, 2078944.308199999853969, 0.0 ], [ 4880467.933199999853969, 2078810.496999999508262, 0.0 ], [ 4880432.592199999839067, 2078757.284399999305606, 0.0 ], [ 4880376.515700000338256, 2078703.219799999147654, 0.0 ], [ 4880335.757000000216067, 2078659.96169999986887, 0.0 ], [ 4880284.299599999561906, 2078581.577099999412894, 0.0 ], [ 4880244.285899999551475, 2078518.315099999308586, 0.0 ], [ 4880168.667000000365078, 2078374.7652000002563, 0.0 ], [ 4880133.1902, 2078305.749399999156594, 0.0 ], [ 4880103.049200000241399, 2078245.566500000655651, 0.0 ], [ 4880086.259600000455976, 2078215.201400000602007, 0.0 ], [ 4880072.801, 2078187.814999999478459, 0.0 ], [ 4880062.232900000177324, 2078165.397199999541044, 0.0 ], [ 4880053.42920000012964, 2078136.787900000810623, 0.0 ], [ 4880050.380199999548495, 2078101.096899999305606, 0.0 ], [ 4880056.521200000308454, 2078057.103199999779463, 0.0 ], [ 4880117.21059999987483, 2077867.589700000360608, 0.0 ], [ 4880134.302000000141561, 2077806.338999999687076, 0.0 ], [ 4880140.8843, 2077760.907999999821186, 0.0 ], [ 4880134.498100000433624, 2077718.149299999698997, 0.0 ], [ 4880106.509999999776483, 2077616.299499999731779, 0.0 ], [ 4880089.56319999974221, 2077555.985600000247359, 0.0 ], [ 4880102.103400000371039, 2077563.039100000634789, 0.0 ], [ 4880119.41370000038296, 2077571.63230000063777, 0.0 ], [ 4880111.481700000353158, 2077533.075500000268221, 0.0 ], [ 4880073.8619, 2077369.13230000063777, 0.0 ], [ 4880056.913800000213087, 2077308.044800000265241, 0.0 ], [ 4880038.74129999987781, 2077243.864800000563264, 0.0 ], [ 4880024.94440000038594, 2077212.942399999126792, 0.0 ], [ 4879997.9408, 2077174.1941, 0.0 ], [ 4879969.177899999544024, 2077144.9527000002563, 0.0 ], [ 4879944.091300000436604, 2077126.977800000458956, 0.0 ], [ 4879902.597099999897182, 2077110.5756, 0.0 ], [ 4879845.356300000101328, 2077093.092700000852346, 0.0 ], [ 4879668.091400000266731, 2077041.757799999788404, 0.0 ], [ 4879551.812699999660254, 2077206.381999999284744, 0.0 ], [ 4879503.633500000461936, 2077240.716, 0.0 ], [ 4879387.27379999961704, 2077352.846899999305606, 0.0 ], [ 4879362.793700000271201, 2077439.637900000438094, 0.0 ], [ 4879353.724600000306964, 2077525.631400000303984, 0.0 ], [ 4879361.678100000135601, 2077648.951899999752641, 0.0 ], [ 4879375.761400000192225, 2077863.657400000840425, 0.0 ], [ 4879392.050900000147521, 2077999.894899999722838, 0.0 ], [ 4879389.175900000147521, 2078076.043099999427795, 0.0 ], [ 4879216.944899999536574, 2078194.3399, 0.0 ], [ 4879178.782100000418723, 2078323.037100000306964, 0.0 ], [ 4879155.850599999539554, 2078336.003000000491738, 0.0 ], [ 4879073.9392, 2078424.431199999526143, 0.0 ], [ 4879041.137199999764562, 2078506.704500000923872, 0.0 ], [ 4878995.173000000417233, 2078538.714800000190735, 0.0 ], [ 4878929.337000000290573, 2078554.842199999839067, 0.0 ], [ 4878857.3443, 2078604.464999999850988, 0.0 ], [ 4878815.175200000405312, 2078652.494000000879169, 0.0 ], [ 4878785.028, 2078730.563799999654293, 0.0 ], [ 4878767.10010000038892, 2078681.634400000795722, 0.0 ], [ 4878742.755699999630451, 2078641.998199999332428, 0.0 ], [ 4878700.10190000012517, 2078592.997099999338388, 0.0 ], [ 4878659.895499999634922, 2078549.186200000345707, 0.0 ], [ 4878654.249900000169873, 2078555.052300000563264, 0.0 ], [ 4878650.695299999788404, 2078550.85840000025928, 0.0 ], [ 4878559.633899999782443, 2078460.601099999621511, 0.0 ], [ 4878438.0378, 2078342.98450000025332, 0.0 ], [ 4878408.278300000354648, 2078314.850299999117851, 0.0 ], [ 4878380.8487, 2078287.707100000232458, 0.0 ], [ 4878310.661000000312924, 2078215.9835, 0.0 ], [ 4878218.818400000222027, 2078123.075400000438094, 0.0 ], [ 4878174.9517, 2078078.7179000005126, 0.0 ], [ 4878137.861600000411272, 2078042.748800000175834, 0.0 ], [ 4878103.636800000444055, 2077995.613299999386072, 0.0 ], [ 4878050.086400000378489, 2077927.731599999591708, 0.0 ], [ 4878018.6376, 2077883.244100000709295, 0.0 ], [ 4877940.210199999623001, 2077789.9835, 0.0 ], [ 4877913.014000000432134, 2077770.465399999171495, 0.0 ], [ 4877876.0028, 2077784.66950000077486, 0.0 ], [ 4877821.0559, 2077815.810499999672174, 0.0 ], [ 4877755.681800000369549, 2077843.984200000762939, 0.0 ], [ 4877709.478199999779463, 2077864.833799999207258, 0.0 ], [ 4877645.767300000414252, 2077893.004899999126792, 0.0 ], [ 4877565.766800000332296, 2077927.280200000852346, 0.0 ], [ 4877526.432300000451505, 2077944.693099999800324, 0.0 ], [ 4877462.724000000394881, 2077974.411599999293685, 0.0 ], [ 4877361.230700000189245, 2078019.77250000089407, 0.0 ], [ 4877318.461500000208616, 2078038.738099999725819, 0.0 ], [ 4877244.895600000396371, 2078075.103399999439716, 0.0 ], [ 4877206.11629999987781, 2078092.957599999383092, 0.0 ], [ 4877163.240500000305474, 2078114.575899999588728, 0.0 ], [ 4877085.607200000435114, 2078172.940099999308586, 0.0 ], [ 4876984.585199999623001, 2078235.540999999269843, 0.0 ], [ 4876957.683000000193715, 2078261.55460000038147, 0.0 ], [ 4876849.6316, 2078365.941400000825524, 0.0 ], [ 4876723.86699999962002, 2078487.375800000503659, 0.0 ], [ 4876723.424200000241399, 2078487.818499999120831, 0.0 ], [ 4876693.975700000301003, 2078516.1570999994874, 0.0 ], [ 4876604.966900000348687, 2078602.279200000688434, 0.0 ], [ 4876574.414300000295043, 2078633.493000000715256, 0.0 ], [ 4876523.276999999769032, 2078688.942299999296665, 0.0 ], [ 4876486.7495, 2078727.901599999517202, 0.0 ], [ 4876411.8277000002563, 2078817.206399999558926, 0.0 ], [ 4876376.642199999652803, 2078863.347200000658631, 0.0 ], [ 4876359.493700000457466, 2078886.8037, 0.0 ], [ 4876251.419499999843538, 2079045.233300000429153, 0.0 ], [ 4876211.928899999707937, 2079103.095599999651313, 0.0 ], [ 4876188.25870000012219, 2079139.050699999555945, 0.0 ], [ 4876188.826000000350177, 2079147.1173, 0.0 ], [ 4876187.0718, 2079159.4978, 0.0 ], [ 4876174.869599999859929, 2079155.980900000780821, 0.0 ], [ 4876150.30530000012368, 2079187.5168999992311, 0.0 ], [ 4876123.088499999605119, 2079224.3618, 0.0 ], [ 4876100.525700000114739, 2079259.431099999696016, 0.0 ], [ 4876091.676099999807775, 2079272.265000000596046, 0.0 ], [ 4876061.035799999721348, 2079317.625099999830127, 0.0 ], [ 4875958.700400000438094, 2079458.47440000064671, 0.0 ], [ 4875927.612999999895692, 2079501.514499999582767, 0.0 ], [ 4875890.00069999974221, 2079554.953400000929832, 0.0 ], [ 4875850.7275, 2079609.831800000742078, 0.0 ], [ 4875802.937, 2079677.212099999189377, 0.0 ], [ 4875749.615399999544024, 2079752.44789999909699, 0.0 ], [ 4875711.2281, 2079806.4408, 0.0 ], [ 4875687.665300000458956, 2079839.964700000360608, 0.0 ], [ 4875649.487200000323355, 2079886.1108, 0.0 ], [ 4875526.531999999657273, 2080027.989, 0.0 ], [ 4875449.642300000414252, 2080132.991599999368191, 0.0 ], [ 4875286.637299999594688, 2080328.424100000411272, 0.0 ], [ 4875202.059399999678135, 2080409.678899999707937, 0.0 ], [ 4875166.971199999563396, 2080446.426599999889731, 0.0 ], [ 4875126.810100000351667, 2080500.091399999335408, 0.0 ], [ 4875117.292100000195205, 2080510.8268, 0.0 ], [ 4875054.325799999758601, 2080586.189500000327826, 0.0 ], [ 4875067.5378, 2080597.108999999240041, 0.0 ], [ 4875071.980000000447035, 2080601.522399999201298, 0.0 ], [ 4875079.197999999858439, 2080608.362600000575185, 0.0 ], [ 4875087.526399999856949, 2080616.195699999108911, 0.0 ], [ 4875097.853400000371039, 2080625.793700000271201, 0.0 ], [ 4875108.066700000315905, 2080633.623700000345707, 0.0 ], [ 4875117.172799999825656, 2080642.450200000777841, 0.0 ], [ 4875125.167299999855459, 2080649.510199999436736, 0.0 ], [ 4875135.045800000429153, 2080656.014499999582767, 0.0 ], [ 4875143.264399999752641, 2080664.510800000280142, 0.0 ], [ 4875151.922600000165403, 2080670.575099999085069, 0.0 ], [ 4875159.807400000281632, 2080678.408900000154972, 0.0 ], [ 4875170.0175, 2080684.249600000679493, 0.0 ], [ 4875177.123700000345707, 2080690.537499999627471, 0.0 ], [ 4875183.234199999831617, 2080698.153100000694394, 0.0 ], [ 4875187.13370000012219, 2080709.750800000503659, 0.0 ], [ 4875188.92850000038743, 2080722.567600000649691, 0.0 ], [ 4875189.1699, 2080734.723899999633431, 0.0 ], [ 4875189.4139, 2080748.427300000563264, 0.0 ], [ 4875185.881799999624491, 2080758.268899999558926, 0.0 ], [ 4875181.02170000039041, 2080769.659800000488758, 0.0 ], [ 4875176.8224, 2080778.286699999123812, 0.0 ], [ 4875172.1804, 2080787.356499999761581, 0.0 ], [ 4875168.978400000371039, 2080795.650299999862909, 0.0 ], [ 4875159.681699999608099, 2080806.05379999987781, 0.0 ], [ 4875152.604100000113249, 2080817.448300000280142, 0.0 ], [ 4875145.0773, 2080825.307, 0.0 ], [ 4875138.217000000178814, 2080833.938300000503659, 0.0 ], [ 4875129.808400000445545, 2080845.003399999812245, 0.0 ], [ 4875123.724299999885261, 2080853.633400000631809, 0.0 ], [ 4875116.639700000174344, 2080860.7179000005126, 0.0 ], [ 4875107.7862, 2080870.899599999189377, 0.0 ], [ 4875099.378499999642372, 2080882.517300000414252, 0.0 ], [ 4875091.411600000225008, 2080892.476600000634789, 0.0 ], [ 4875084.440499999560416, 2080901.107999999076128, 0.0 ], [ 4875078.245400000363588, 2080909.738199999555945, 0.0 ], [ 4875071.162200000137091, 2080917.596300000324845, 0.0 ], [ 4875064.745699999853969, 2080926.44789999909699, 0.0 ], [ 4875055.892400000244379, 2080936.7401, 0.0 ], [ 4875046.598299999721348, 2080948.6908, 0.0 ], [ 4875041.735000000335276, 2080958.092499999329448, 0.0 ], [ 4875034.105399999767542, 2080970.924599999561906, 0.0 ], [ 4875027.25, 2080982.539799999445677, 0.0 ], [ 4875020.615199999883771, 2080993.491499999538064, 0.0 ], [ 4875016.089800000190735, 2081006.0976, 0.0 ], [ 4875010.233900000341237, 2081018.705800000578165, 0.0 ], [ 4875005.264600000344217, 2081031.091499999165535, 0.0 ], [ 4874997.86809999961406, 2081050.885700000450015, 0.0 ], [ 4874993.122600000351667, 2081064.4868, 0.0 ], [ 4874987.053999999538064, 2081082.731599999591708, 0.0 ], [ 4874981.865000000223517, 2081096.3333, 0.0 ], [ 4874979.1157, 2081110.262700000777841, 0.0 ], [ 4874974.594499999657273, 2081125.410599999129772, 0.0 ], [ 4874970.071899999864399, 2081139.784900000318885, 0.0 ], [ 4874968.54590000025928, 2081155.922499999403954, 0.0 ], [ 4874965.028800000436604, 2081174.936799999326468, 0.0 ], [ 4874961.504499999806285, 2081189.530500000342727, 0.0 ], [ 4874959.5323, 2081204.011199999600649, 0.0 ], [ 4874956.672899999655783, 2081218.3827, 0.0 ], [ 4874954.2566, 2081232.532600000500679, 0.0 ], [ 4874951.387000000104308, 2081240.604800000786781, 0.0 ], [ 4874946.5318, 2081254.979699999094009, 0.0 ], [ 4874945.5537, 2081267.137900000438094, 0.0 ], [ 4874943.5777000002563, 2081279.297800000756979, 0.0 ], [ 4874940.723399999551475, 2081296.76380000077188, 0.0 ], [ 4874937.977, 2081312.461300000548363, 0.0 ], [ 4874932.35010000038892, 2081329.489800000563264, 0.0 ], [ 4874932.4852, 2081344.409099999815226, 0.0 ], [ 4874929.61809999961406, 2081354.0285, 0.0 ], [ 4874927.866399999707937, 2081367.735200000926852, 0.0 ], [ 4874925.88370000012219, 2081375.806099999696016, 0.0 ], [ 4874925.012400000356138, 2081385.4222999997437, 0.0 ], [ 4874925.0345, 2081399.015599999576807, 0.0 ], [ 4874926.934299999848008, 2081408.185200000181794, 0.0 ], [ 4874933.597500000149012, 2081414.805299999192357, 0.0 ], [ 4874939.154299999587238, 2081422.863800000399351, 0.0 ], [ 4874946.816499999724329, 2081430.145400000736117, 0.0 ], [ 4874957.027800000272691, 2081436.759700000286102, 0.0 ], [ 4874966.457899999804795, 2081440.280799999833107, 0.0 ], [ 4874975.669800000265241, 2081446.012599999085069, 0.0 ], [ 4874990.0905, 2081450.2993, 0.0 ], [ 4875000.073699999600649, 2081453.04590000025928, 0.0 ], [ 4875011.5011, 2081457.558499999344349, 0.0 ], [ 4875026.0285, 2081459.303099999204278, 0.0 ], [ 4875040.998200000263751, 2081460.273399999365211, 0.0 ], [ 4875052.198099999688566, 2081461.249800000339746, 0.0 ], [ 4875063.177199999801815, 2081462.779200000688434, 0.0 ], [ 4875074.045099999755621, 2081464.0877, 0.0 ], [ 4875087.909, 2081466.9386, 0.0 ], [ 4875097.45409999974072, 2081473.00139999948442, 0.0 ], [ 4875102.562400000169873, 2081477.966299999505281, 0.0 ], [ 4875109.669499999843538, 2081484.806700000539422, 0.0 ], [ 4875111.5608, 2081488.782199999317527, 0.0 ], [ 4875115.565600000321865, 2081496.95380000025034, 0.0 ], [ 4875122.018000000156462, 2081510.315600000321865, 0.0 ], [ 4875127.354000000283122, 2081518.92710000090301, 0.0 ], [ 4875128.370299999602139, 2081530.308499999344349, 0.0 ], [ 4875128.373200000263751, 2081532.0767, 0.0 ], [ 4875128.721099999733269, 2081541.469900000840425, 0.0 ], [ 4875125.627500000409782, 2081548.216299999505281, 0.0 ], [ 4875121.757500000298023, 2081554.743000000715256, 0.0 ], [ 4875116.228199999779463, 2081563.5932, 0.0 ], [ 4875110.804100000299513, 2081569.017200000584126, 0.0 ], [ 4875104.6025, 2081573.558399999514222, 0.0 ], [ 4875091.746799999848008, 2081577.11570000089705, 0.0 ], [ 4875084.6579, 2081581.437300000339746, 0.0 ], [ 4875071.577600000426173, 2081583.226800000295043, 0.0 ], [ 4875062.045300000347197, 2081585.010500000789762, 0.0 ], [ 4875045.7577, 2081591.778400000184774, 0.0 ], [ 4875033.911600000225008, 2081602.5176, 0.0 ], [ 4875008.967799999751151, 2081604.326400000602007, 0.0 ], [ 4874996.096300000324845, 2081598.158500000834465, 0.0 ], [ 4874984.786000000312924, 2081597.51380000077188, 0.0 ], [ 4874970.592899999581277, 2081596.7632, 0.0 ], [ 4874959.722500000149012, 2081593.907500000670552, 0.0 ], [ 4874935.322599999606609, 2081589.305600000545382, 0.0 ], [ 4874906.5992, 2081585.042199999094009, 0.0 ], [ 4874877.979399999603629, 2081576.3581000007689, 0.0 ], [ 4874861.567699999548495, 2081574.948100000619888, 0.0 ], [ 4874846.048899999819696, 2081577.183700000867248, 0.0 ], [ 4874832.313400000333786, 2081585.163100000470877, 0.0 ], [ 4874824.567300000227988, 2081594.459000000730157, 0.0 ], [ 4874815.6118, 2081610.056199999526143, 0.0 ], [ 4874802.608, 2081658.814400000497699, 0.0 ], [ 4874793.126299999654293, 2081691.652799999341369, 0.0 ], [ 4874789.8728, 2081736.306199999526143, 0.0 ], [ 4874780.810499999672174, 2081754.334899999201298, 0.0 ], [ 4874763.763899999670684, 2081771.603000000119209, 0.0 ], [ 4874738.063500000163913, 2081785.348799999803305, 0.0 ], [ 4874651.61699999962002, 2081807.15059999935329, 0.0 ], [ 4874648.622899999842048, 2081806.823999999091029, 0.0 ], [ 4874640.854299999773502, 2081802.305500000715256, 0.0 ], [ 4874631.650500000454485, 2081801.546900000423193, 0.0 ], [ 4874621.560200000181794, 2081801.121300000697374, 0.0 ], [ 4874614.5768, 2081802.127299999818206, 0.0 ], [ 4874609.927799999713898, 2081806.8871, 0.0 ], [ 4874608.721199999563396, 2081814.846100000664592, 0.0 ], [ 4874604.5164, 2081820.0472, 0.0 ], [ 4874601.192200000397861, 2081821.268300000578165, 0.0 ], [ 4874593.984299999661744, 2081820.617000000551343, 0.0 ], [ 4874571.8147, 2081823.8581000007689, 0.0 ], [ 4874546.8832, 2081833.182, 0.0 ], [ 4874533.3744, 2081844.145099999383092, 0.0 ], [ 4874522.323099999688566, 2081866.266100000590086, 0.0 ], [ 4874518.499900000169873, 2081901.416200000792742, 0.0 ], [ 4874518.9726, 2081919.318900000303984, 0.0 ], [ 4874524.550800000317395, 2081940.418099999427795, 0.0 ], [ 4874530.227699999697506, 2081954.112700000405312, 0.0 ], [ 4874540.018699999898672, 2081974.984099999070168, 0.0 ], [ 4874556.354899999685585, 2081998.055099999532104, 0.0 ], [ 4874565.460099999792874, 2082006.32880000025034, 0.0 ], [ 4874571.685399999842048, 2082016.375600000843406, 0.0 ], [ 4874582.0142, 2082027.078700000420213, 0.0 ], [ 4874596.449799999594688, 2082040.537900000810623, 0.0 ], [ 4874600.89879999961704, 2082049.150900000706315, 0.0 ], [ 4874617.122600000351667, 2082071.337899999693036, 0.0 ], [ 4874630.423000000417233, 2082068.553300000727177, 0.0 ], [ 4874635.514499999582767, 2082063.240299999713898, 0.0 ], [ 4874637.723299999721348, 2082057.932, 0.0 ], [ 4874662.812699999660254, 2082077.452199999243021, 0.0 ], [ 4874662.7215, 2082089.498500000685453, 0.0 ], [ 4874681.8684, 2082136.43610000051558, 0.0 ], [ 4874693.7845, 2082168.687100000679493, 0.0 ], [ 4874705.809100000187755, 2082199.501199999824166, 0.0 ], [ 4874716.9468, 2082230.316700000315905, 0.0 ], [ 4874732.079400000162423, 2082263.335999999195337, 0.0 ], [ 4874746.22510000038892, 2082302.987800000235438, 0.0 ], [ 4874741.253999999724329, 2082314.157999999821186, 0.0 ], [ 4874735.293499999679625, 2082330.523900000378489, 0.0 ], [ 4874731.007299999706447, 2082353.739099999889731, 0.0 ], [ 4874727.4972, 2082376.95299999974668, 0.0 ], [ 4874726.6431, 2082397.068099999800324, 0.0 ], [ 4874730.692699999548495, 2082432.757799999788404, 0.0 ], [ 4874738.1721, 2082463.910900000482798, 0.0 ], [ 4874745.066399999894202, 2082476.277300000190735, 0.0 ], [ 4874753.842899999581277, 2082486.982999999076128, 0.0 ], [ 4874764.0576, 2082495.807499999180436, 0.0 ], [ 4874776.93059999961406, 2082502.970000000670552, 0.0 ], [ 4874797.5669, 2082511.446000000461936, 0.0 ], [ 4874817.0894, 2082516.8293999992311, 0.0 ], [ 4874852.02280000038445, 2082521.966600000858307, 0.0 ], [ 4874888.388399999588728, 2082521.465299999341369, 0.0 ], [ 4874922.422500000335276, 2082518.978499999269843, 0.0 ], [ 4875015.394500000402331, 2082487.882799999788404, 0.0 ], [ 4875032.252399999648333, 2082491.0603, 0.0 ], [ 4875041.3465, 2082492.592700000852346, 0.0 ], [ 4875052.992999999783933, 2082495.557700000703335, 0.0 ], [ 4875062.311599999666214, 2082498.747400000691414, 0.0 ], [ 4875087.599399999715388, 2082504.121500000357628, 0.0 ], [ 4875112.137500000186265, 2082525.742499999701977, 0.0 ], [ 4875139.22580000013113, 2082547.359400000423193, 0.0 ], [ 4875164.8679, 2082566.105200000107288, 0.0 ], [ 4875189.4019, 2082585.184399999678135, 0.0 ], [ 4875214.492999999783933, 2082605.920399999246001, 0.0 ], [ 4875240.253499999642372, 2082629.307700000703335, 0.0 ], [ 4875266.1168, 2082647.721599999815226, 0.0 ], [ 4875290.528400000184774, 2082659.728000000119209, 0.0 ], [ 4875319.14919999986887, 2082669.296299999579787, 0.0 ], [ 4875300.5175, 2082734.419800000265241, 0.0 ], [ 4875245.7835, 2082893.6502, 0.0 ], [ 4875270.412100000306964, 2082902.7829, 0.0 ], [ 4875298.699900000356138, 2082912.2412, 0.0 ], [ 4875328.208999999798834, 2082922.692199999466538, 0.0 ], [ 4875341.521800000220537, 2082927.643699999898672, 0.0 ], [ 4875421.873200000263751, 2082703.61009999923408, 0.0 ], [ 4875427.823099999688566, 2082680.723899999633431, 0.0 ], [ 4875444.493700000457466, 2082636.8224, 0.0 ], [ 4875463.557300000451505, 2082632.812999999150634, 0.0 ], [ 4875480.8498, 2082630.5746, 0.0 ], [ 4875501.356800000183284, 2082627.7785, 0.0 ], [ 4875534.616600000299513, 2082626.508899999782443, 0.0 ], [ 4875544.375, 2082627.487700000405312, 0.0 ], [ 4875555.575500000268221, 2082628.906199999153614, 0.0 ], [ 4875566.2248, 2082632.314899999648333, 0.0 ], [ 4875574.990299999713898, 2082636.389699999243021, 0.0 ], [ 4875584.866600000299513, 2082641.678400000557303, 0.0 ], [ 4875595.635800000280142, 2082650.612700000405312, 0.0 ], [ 4875617.2994, 2082677.432600000873208, 0.0 ], [ 4875607.733799999579787, 2082726.958699999377131, 0.0 ], [ 4875612.310700000263751, 2082746.1809, 0.0 ], [ 4875589.8103, 2082750.306399999186397, 0.0 ], [ 4875591.191100000403821, 2082781.358799999579787, 0.0 ], [ 4875612.696399999782443, 2082778.8926, 0.0 ], [ 4875643.965200000442564, 2082780.610200000926852, 0.0 ], [ 4875678.226800000295043, 2082781.770300000905991, 0.0 ], [ 4875707.83, 2082781.943399999290705, 0.0 ], [ 4875736.54079999960959, 2082778.6919, 0.0 ], [ 4875758.044099999591708, 2082775.010099999606609, 0.0 ], [ 4875765.134399999864399, 2082771.572699999436736, 0.0 ], [ 4875793.737800000235438, 2082770.5318, 0.0 ], [ 4875824.111100000329316, 2082766.946100000292063, 0.0 ], [ 4875853.26659999974072, 2082764.467599999159575, 0.0 ], [ 4875884.195299999788404, 2082761.544199999421835, 0.0 ], [ 4875913.792600000277162, 2082758.07039999961853, 0.0 ], [ 4875942.181900000199676, 2082898.82010000012815, 0.0 ], [ 4875949.671400000341237, 2082936.604000000283122, 0.0 ], [ 4875910.103699999861419, 2082945.067099999636412, 0.0 ], [ 4875880.510200000368059, 2082950.8618, 0.0 ], [ 4875849.3646, 2082956.769500000402331, 0.0 ], [ 4875819.770600000396371, 2082962.232599999755621, 0.0 ], [ 4875790.398299999535084, 2082967.69539999961853, 0.0 ], [ 4875761.360500000417233, 2082974.373299999162555, 0.0 ], [ 4875732.322800000198185, 2082981.051200000569224, 0.0 ], [ 4875702.841099999845028, 2082987.398299999535084, 0.0 ], [ 4875670.809100000187755, 2082993.63910000026226, 0.0 ], [ 4875639.220599999651313, 2082999.879100000485778, 0.0 ], [ 4875610.181599999777973, 2083005.783500000834465, 0.0 ], [ 4875580.701100000180304, 2083012.90430000051856, 0.0 ], [ 4875551.218000000342727, 2083018.3673, 0.0 ], [ 4875522.068699999712408, 2083024.603499999269843, 0.0 ], [ 4875493.4737, 2083030.838700000196695, 0.0 ], [ 4875496.714499999769032, 2083046.526599999517202, 0.0 ], [ 4875489.637500000186265, 2083058.142100000753999, 0.0 ], [ 4875473.27280000038445, 2083085.465800000354648, 0.0 ], [ 4875453.931800000369549, 2083123.403799999505281, 0.0 ], [ 4875450.630800000391901, 2083138.881300000473857, 0.0 ], [ 4875430.4238, 2083189.750900000333786, 0.0 ], [ 4875442.810499999672174, 2083238.909900000318885, 0.0 ], [ 4875410.336199999786913, 2083245.814600000157952, 0.0 ], [ 4875380.5247, 2083253.82010000012815, 0.0 ], [ 4875356.50899999961257, 2083280.603800000622869, 0.0 ], [ 4875332.6047, 2083307.718800000846386, 0.0 ], [ 4875339.8624, 2083339.0932, 0.0 ], [ 4875310.49280000012368, 2083346.103399999439716, 0.0 ], [ 4875317.198099999688566, 2083378.694399999454618, 0.0 ], [ 4875347.010499999858439, 2083371.241399999707937, 0.0 ], [ 4875375.271499999798834, 2083364.232999999076128, 0.0 ], [ 4875404.753999999724329, 2083358.438300000503659, 0.0 ], [ 4875410.112099999561906, 2083380.753599999472499, 0.0 ], [ 4875438.92920000012964, 2083374.84940000064671, 0.0 ], [ 4875469.7412, 2083368.5, 0.0 ], [ 4875502.332100000232458, 2083365.1316, 0.0 ], [ 4875511.128399999812245, 2083388.2149, 0.0 ], [ 4875453.480600000359118, 2083391.623999999836087, 0.0 ], [ 4875470.5576, 2083393.254000000655651, 0.0 ], [ 4875472.557699999772012, 2083396.013599999248981, 0.0 ], [ 4875477.222400000318885, 2083400.9792, 0.0 ], [ 4875483.217199999839067, 2083405.721599999815226, 0.0 ], [ 4875483.661000000312924, 2083405.9419, 0.0 ], [ 4875496.1913, 2083407.026699999347329, 0.0 ], [ 4875505.3936, 2083407.011700000613928, 0.0 ], [ 4875513.377600000239909, 2083407.772399999201298, 0.0 ], [ 4875525.020200000144541, 2083408.416600000113249, 0.0 ], [ 4875538.106499999761581, 2083410.495100000873208, 0.0 ], [ 4875551.63370000012219, 2083411.025699999183416, 0.0 ], [ 4875565.161100000143051, 2083411.666799999773502, 0.0 ], [ 4875577.692200000397861, 2083413.304199999198318, 0.0 ], [ 4875590.4435, 2083413.946599999442697, 0.0 ], [ 4875600.6464, 2083415.5877, 0.0 ], [ 4875613.731599999591708, 2083417.003200000151992, 0.0 ], [ 4875630.143799999728799, 2083418.965800000354648, 0.0 ], [ 4875645.445299999788404, 2083419.714600000530481, 0.0 ], [ 4875656.867200000211596, 2083421.022199999541044, 0.0 ], [ 4875666.7363, 2083422.000800000503659, 0.0 ], [ 4875677.268400000408292, 2083421.5417, 0.0 ], [ 4875690.6853, 2083422.403999999165535, 0.0 ], [ 4875703.882399999536574, 2083424.4824, 0.0 ], [ 4875711.642699999734759, 2083424.027799999341369, 0.0 ], [ 4875721.6173, 2083421.6908, 0.0 ], [ 4875731.814799999818206, 2083420.0165, 0.0 ], [ 4875741.237800000235438, 2083419.33809999935329, 0.0 ], [ 4875746.114900000393391, 2083418.556600000709295, 0.0 ], [ 4875754.760499999858439, 2083417.105900000780821, 0.0 ], [ 4875766.621399999596179, 2083415.650000000372529, 0.0 ], [ 4875776.821899999864399, 2083415.854499999433756, 0.0 ], [ 4875786.025500000454485, 2083416.613199999555945, 0.0 ], [ 4875795.2286, 2083417.040300000458956, 0.0 ], [ 4875804.212500000372529, 2083419.125499999150634, 0.0 ], [ 4875812.752299999818206, 2083420.769400000572205, 0.0 ], [ 4875822.182300000451505, 2083424.401100000366569, 0.0 ], [ 4875828.953499999828637, 2083429.363299999386072, 0.0 ], [ 4875833.841300000436604, 2083435.2127, 0.0 ], [ 4875840.17339999973774, 2083442.8279, 0.0 ], [ 4875844.510200000368059, 2083450.778000000864267, 0.0 ], [ 4875846.189399999566376, 2083460.721599999815226, 0.0 ], [ 4875847.0877, 2083467.682499999180436, 0.0 ], [ 4875844.991899999789894, 2083474.316800000146031, 0.0 ], [ 4875844.116499999538064, 2083481.501700000837445, 0.0 ], [ 4875840.802899999544024, 2083489.243100000545382, 0.0 ], [ 4875838.374200000427663, 2083495.656899999827147, 0.0 ], [ 4875835.840900000184774, 2083506.0493, 0.0 ], [ 4875832.9737, 2083515.558299999684095, 0.0 ], [ 4875828.551400000229478, 2083523.3015, 0.0 ], [ 4875827.674800000153482, 2083529.7127, 0.0 ], [ 4875825.3596, 2083537.784099999815226, 0.0 ], [ 4875823.597299999557436, 2083544.9704, 0.0 ], [ 4875820.503999999724329, 2083551.827299999073148, 0.0 ], [ 4875818.4123, 2083561.003399999812245, 0.0 ], [ 4875815.7632, 2083568.301699999719858, 0.0 ], [ 4875813.446600000374019, 2083575.488900000229478, 0.0 ], [ 4875812.0099, 2083578.36460000090301, 0.0 ], [ 4875808.925099999643862, 2083590.415699999779463, 0.0 ], [ 4875807.0526, 2083598.044199999421835, 0.0 ], [ 4875806.831600000150502, 2083598.486700000241399, 0.0 ], [ 4875804.95990000013262, 2083606.557299999520183, 0.0 ], [ 4875803.312599999830127, 2083616.285199999809265, 0.0 ], [ 4875801.671400000341237, 2083629.770700000226498, 0.0 ], [ 4875800.020499999634922, 2083637.2884, 0.0 ], [ 4875797.3761, 2083647.46000000089407, 0.0 ], [ 4875797.0608, 2083658.180400000885129, 0.0 ], [ 4875797.061599999666214, 2083658.622500000521541, 0.0 ], [ 4875795.63300000037998, 2083666.471400000154972, 0.0 ], [ 4875794.8733, 2083676.640000000596046, 0.0 ], [ 4875791.450500000268221, 2083685.376199999824166, 0.0 ], [ 4875791.246899999678135, 2083696.538499999791384, 0.0 ], [ 4875791.251299999654293, 2083699.301300000399351, 0.0 ], [ 4875791.251899999566376, 2083699.63289999961853, 0.0 ], [ 4875790.703300000168383, 2083703.170199999585748, 0.0 ], [ 4875789.94400000013411, 2083713.559900000691414, 0.0 ], [ 4875788.8498, 2083722.513299999758601, 0.0 ], [ 4875788.863099999725819, 2083730.691400000825524, 0.0 ], [ 4875787.435200000181794, 2083738.982300000265241, 0.0 ], [ 4875787.4479, 2083746.82880000025034, 0.0 ], [ 4875787.459800000302494, 2083754.1228, 0.0 ], [ 4875787.476300000213087, 2083764.290100000798702, 0.0 ], [ 4875786.824500000104308, 2083772.579800000414252, 0.0 ], [ 4875786.8268, 2083774.0165, 0.0 ], [ 4875786.607800000347197, 2083775.674499999731779, 0.0 ], [ 4875786.066800000146031, 2083783.963999999687076, 0.0 ], [ 4875785.855899999849498, 2083790.595300000160933, 0.0 ], [ 4875784.64879999961704, 2083798.333200000226498, 0.0 ], [ 4875783.221, 2083806.624199999496341, 0.0 ], [ 4875781.904500000178814, 2083815.246400000527501, 0.0 ], [ 4875778.597900000400841, 2083827.297900000587106, 0.0 ], [ 4875776.28760000038892, 2083838.3531, 0.0 ], [ 4875775.969100000336766, 2083847.084300000220537, 0.0 ], [ 4875772.661500000394881, 2083858.472699999809265, 0.0 ], [ 4875769.683400000445545, 2083867.981799999251962, 0.0 ], [ 4875766.5921, 2083876.054400000721216, 0.0 ], [ 4875764.495900000445545, 2083882.467599999159575, 0.0 ], [ 4875760.079800000414252, 2083893.968299999833107, 0.0 ], [ 4875758.323200000450015, 2083904.691099999472499, 0.0 ], [ 4875754.565999999642372, 2083912.322699999436736, 0.0 ], [ 4875752.7018, 2083925.035000000149012, 0.0 ], [ 4875747.948400000110269, 2083933.662799999117851, 0.0 ], [ 4875741.642699999734759, 2083942.293199999257922, 0.0 ], [ 4875734.3427, 2083953.025000000372529, 0.0 ], [ 4875729.0422, 2083966.184800000861287, 0.0 ], [ 4875722.518299999646842, 2083976.915400000289083, 0.0 ], [ 4875714.2215, 2083988.311899999156594, 0.0 ], [ 4875707.369900000281632, 2084002.137299999594688, 0.0 ], [ 4875701.071700000204146, 2084015.298800000920892, 0.0 ], [ 4875700.758600000292063, 2084027.3454, 0.0 ], [ 4875699.346400000154972, 2084045.2511, 0.0 ], [ 4875699.806699999608099, 2084055.63880000077188, 0.0 ], [ 4875702.257000000216067, 2084062.486700000241399, 0.0 ], [ 4875706.487300000153482, 2084073.089199999347329, 0.0 ], [ 4875710.1606, 2084082.035000000149012, 0.0 ], [ 4875714.718999999575317, 2084089.874099999666214, 0.0 ], [ 4875718.498700000345707, 2084096.056800000369549, 0.0 ], [ 4875721.724299999885261, 2084102.461400000378489, 0.0 ], [ 4875727.501799999736249, 2084109.967000000178814, 0.0 ], [ 4875732.502999999560416, 2084117.363399999216199, 0.0 ], [ 4875739.725700000301003, 2084127.298000000417233, 0.0 ], [ 4875744.504599999636412, 2084134.363199999555945, 0.0 ], [ 4875748.614, 2084138.777100000530481, 0.0 ], [ 4875754.168600000441074, 2084145.619999999180436, 0.0 ], [ 4875763.8256, 2084152.566700000315905, 0.0 ], [ 4875768.38260000012815, 2084159.521800000220537, 0.0 ], [ 4875774.15610000025481, 2084164.596100000664592, 0.0 ], [ 4875781.372600000351667, 2084170.662699999287724, 0.0 ], [ 4875791.256, 2084180.4824, 0.0 ], [ 4875799.1382, 2084186.879499999806285, 0.0 ], [ 4875805.134999999776483, 2084192.948100000619888, 0.0 ], [ 4875811.24170000012964, 2084198.353399999439716, 0.0 ], [ 4875818.455799999646842, 2084202.983300000429153, 0.0 ], [ 4875827.00069999974221, 2084207.832100000232458, 0.0 ], [ 4875835.324900000356138, 2084213.3443, 0.0 ], [ 4875841.431699999608099, 2084218.86009999923408, 0.0 ], [ 4875846.9808, 2084222.277100000530481, 0.0 ], [ 4875851.9748, 2084225.252900000661612, 0.0 ], [ 4875859.627000000327826, 2084226.566600000485778, 0.0 ], [ 4875871.3827, 2084228.647299999371171, 0.0 ], [ 4875878.593500000424683, 2084231.28800000064075, 0.0 ], [ 4875891.236499999649823, 2084233.588300000876188, 0.0 ], [ 4875902.551, 2084237.1064, 0.0 ], [ 4875910.98340000025928, 2084240.960699999704957, 0.0 ], [ 4875920.189399999566376, 2084243.26659999974072, 0.0 ], [ 4875932.277599999681115, 2084245.346799999475479, 0.0 ], [ 4875943.7012, 2084247.759600000455976, 0.0 ], [ 4875952.020499999634922, 2084250.287900000810623, 0.0 ], [ 4875966.5461, 2084251.25899999961257, 0.0 ], [ 4875979.411600000225008, 2084254.001000000163913, 0.0 ], [ 4875989.724600000306964, 2084255.310499999672174, 0.0 ], [ 4876004.252399999648333, 2084257.607799999415874, 0.0 ], [ 4876011.681699999608099, 2084258.2588, 0.0 ], [ 4876020.88219999987632, 2084257.138699999079108, 0.0 ], [ 4876033.410500000230968, 2084257.1184, 0.0 ], [ 4876041.724299999885261, 2084256.220899999141693, 0.0 ], [ 4876058.242700000293553, 2084255.420499999076128, 0.0 ], [ 4876069.88399999961257, 2084255.401599999517202, 0.0 ], [ 4876082.303100000135601, 2084256.376199999824166, 0.0 ], [ 4876095.721199999563396, 2084258.122700000181794, 0.0 ], [ 4876108.0274, 2084257.881699999794364, 0.0 ], [ 4876116.119199999608099, 2084256.763399999588728, 0.0 ], [ 4876121.881400000303984, 2084254.875399999320507, 0.0 ], [ 4876127.423100000247359, 2084253.761199999600649, 0.0 ], [ 4876135.182900000363588, 2084253.08559999987483, 0.0 ], [ 4876148.151700000278652, 2084251.185900000855327, 0.0 ], [ 4876156.245500000193715, 2084251.393799999728799, 0.0 ], [ 4876165.672899999655783, 2084253.47829999960959, 0.0 ], [ 4876173.6573, 2084254.570499999448657, 0.0 ], [ 4876181.532800000160933, 2084256.878599999472499, 0.0 ], [ 4876193.295300000347197, 2084263.158900000154972, 0.0 ], [ 4876197.7369, 2084267.351199999451637, 0.0 ], [ 4876238.943300000391901, 2084312.816600000485778, 0.0 ], [ 4876239.9572, 2084322.761199999600649, 0.0 ], [ 4876242.74239999987185, 2084331.045299999415874, 0.0 ], [ 4876244.19469999987632, 2084337.894899999722838, 0.0 ], [ 4876247.20160000026226, 2084346.178600000217557, 0.0 ], [ 4876249.211400000378489, 2084354.905999999493361, 0.0 ], [ 4876252.671799999661744, 2084369.377800000831485, 0.0 ], [ 4876254.352900000289083, 2084380.537100000306964, 0.0 ], [ 4876256.814000000245869, 2084394.12639999948442, 0.0 ], [ 4876259.1584, 2084404.068900000303984, 0.0 ], [ 4876262.1683, 2084414.2314, 0.0 ], [ 4876264.633399999700487, 2084430.252000000327826, 0.0 ], [ 4876265.5411, 2084443.0702, 0.0 ], [ 4876266.661600000225008, 2084450.362400000914931, 0.0 ], [ 4876268.119699999690056, 2084460.748400000855327, 0.0 ], [ 4876269.466099999845028, 2084470.582000000402331, 0.0 ], [ 4876272.812699999660254, 2084483.285800000652671, 0.0 ], [ 4876275.9315, 2084492.2324, 0.0 ], [ 4876276.502000000327826, 2084502.177799999713898, 0.0 ], [ 4876280.2873, 2084511.896999999880791, 0.0 ], [ 4876283.85190000012517, 2084522.2796, 0.0 ], [ 4876285.643500000238419, 2084533.217599999159575, 0.0 ], [ 4876288.6508, 2084541.722400000318885, 0.0 ], [ 4876291.991899999789894, 2084551.000199999660254, 0.0 ], [ 4876296.9978, 2084561.380400000140071, 0.0 ], [ 4876300.902800000272691, 2084576.514599999412894, 0.0 ], [ 4876303.910500000230968, 2084585.3509, 0.0 ], [ 4876309.363900000229478, 2084598.161800000816584, 0.0 ], [ 4876312.70299999974668, 2084606.223999999463558, 0.0 ], [ 4876316.3755, 2084614.727600000798702, 0.0 ], [ 4876319.825500000268221, 2084622.789599999785423, 0.0 ], [ 4876324.82799999974668, 2084631.07010000012815, 0.0 ], [ 4876328.17, 2084640.900499999523163, 0.0 ], [ 4876330.733799999579787, 2084649.405999999493361, 0.0 ], [ 4876336.075000000186265, 2084661.443399999290705, 0.0 ], [ 4876341.636699999682605, 2084672.706900000572205, 0.0 ], [ 4876346.42119999974966, 2084683.308599999174476, 0.0 ], [ 4876349.987300000153482, 2084694.575300000607967, 0.0 ], [ 4876350.889399999752641, 2084703.967599999159575, 0.0 ], [ 4876352.350200000219047, 2084716.011299999430776, 0.0 ], [ 4876354.475700000301003, 2084727.722400000318885, 0.0 ], [ 4876356.934299999848008, 2084739.764499999582767, 0.0 ], [ 4876359.94440000038594, 2084750.037499999627471, 0.0 ], [ 4876361.62459999974817, 2084760.644200000911951, 0.0 ], [ 4876363.5301, 2084773.460799999535084, 0.0 ], [ 4876364.436200000345707, 2084785.284399999305606, 0.0 ], [ 4876366.446000000461936, 2084794.011800000444055, 0.0 ], [ 4876367.3492, 2084804.067099999636412, 0.0 ], [ 4876367.367600000463426, 2084815.450099999085069, 0.0 ], [ 4876367.1804, 2084836.779699999839067, 0.0 ], [ 4876367.197300000116229, 2084847.278599999845028, 0.0 ], [ 4876366.331299999728799, 2084860.210200000554323, 0.0 ], [ 4876366.789599999785423, 2084869.382099999114871, 0.0 ], [ 4876365.585400000214577, 2084878.888299999758601, 0.0 ], [ 4876365.602800000458956, 2084889.608200000599027, 0.0 ], [ 4876365.178100000135601, 2084901.212899999693036, 0.0 ], [ 4876364.08420000039041, 2084910.387399999424815, 0.0 ], [ 4876362.213600000366569, 2084919.121099999174476, 0.0 ], [ 4876358.793800000101328, 2084929.735999999567866, 0.0 ], [ 4876355.811099999584258, 2084936.3717, 0.0 ], [ 4876352.607900000177324, 2084943.781400000676513, 0.0 ], [ 4876348.405799999833107, 2084950.5296, 0.0 ], [ 4876345.202399999834597, 2084957.828700000420213, 0.0 ], [ 4876339.22510000038892, 2084963.806199999526143, 0.0 ], [ 4876334.354000000283122, 2084968.2346, 0.0 ], [ 4876325.3788, 2084971.45409999974072, 0.0 ], [ 4876313.409799999557436, 2084974.457399999722838, 0.0 ], [ 4876308.420699999667704, 2084974.465399999171495, 0.0 ], [ 4876301.102300000376999, 2084973.814200000837445, 0.0 ], [ 4876293.671, 2084971.947499999776483, 0.0 ], [ 4876282.2467, 2084968.982100000604987, 0.0 ], [ 4876274.146999999880791, 2084965.1272, 0.0 ], [ 4876265.379800000227988, 2084959.83669999986887, 0.0 ], [ 4876256.9441, 2084953.88260000012815, 0.0 ], [ 4876245.9578, 2084947.600999999791384, 0.0 ], [ 4876239.739900000393391, 2084941.864299999549985, 0.0 ], [ 4876232.636900000274181, 2084937.344699999317527, 0.0 ], [ 4876226.415199999697506, 2084929.2873, 0.0 ], [ 4876217.7527, 2084920.239099999889731, 0.0 ], [ 4876212.5329, 2084914.721799999475479, 0.0 ], [ 4876204.535500000230968, 2084905.562100000679493, 0.0 ], [ 4876196.759800000116229, 2084896.401900000870228, 0.0 ], [ 4876196.315600000321865, 2084895.96059999987483, 0.0 ], [ 4876189.5395, 2084887.903999999165535, 0.0 ], [ 4876183.763399999588728, 2084881.17200000025332, 0.0 ], [ 4876179.430200000293553, 2084875.432299999520183, 0.0 ], [ 4876174.31940000038594, 2084868.809699999168515, 0.0 ], [ 4876172.3097, 2084860.082299999892712, 0.0 ], [ 4876170.850399999879301, 2084849.03319999948144, 0.0 ], [ 4876170.8481, 2084847.5965, 0.0 ], [ 4876166.0636, 2084836.994799999520183, 0.0 ], [ 4876165.951999999582767, 2084836.552899999544024, 0.0 ], [ 4876159.9523, 2084828.716099999845028, 0.0 ], [ 4876156.509800000116229, 2084825.295800000429153, 0.0 ], [ 4876149.298100000247359, 2084822.10249999910593, 0.0 ], [ 4876143.639999999664724, 2084819.790899999439716, 0.0 ], [ 4876138.095099999569356, 2084818.915699999779463, 0.0 ], [ 4876132.434899999760091, 2084815.277899999171495, 0.0 ], [ 4876125.8843, 2084809.541799999773502, 0.0 ], [ 4876116.009100000374019, 2084804.6952, 0.0 ], [ 4876108.134800000116229, 2084803.160700000822544, 0.0 ], [ 4876101.704800000414252, 2084803.392200000584126, 0.0 ], [ 4876091.5093, 2084806.171599999070168, 0.0 ], [ 4876083.7533, 2084809.167999999597669, 0.0 ], [ 4876075.44440000038594, 2084813.049499999731779, 0.0 ], [ 4876068.798999999649823, 2084817.2599, 0.0 ], [ 4876062.8218, 2084823.237299999222159, 0.0 ], [ 4876058.176699999719858, 2084830.317800000309944, 0.0 ], [ 4876054.418499999679625, 2084837.286299999803305, 0.0 ], [ 4876051.7725, 2084846.463300000876188, 0.0 ], [ 4876051.3503, 2084859.615299999713898, 0.0 ], [ 4876050.261699999682605, 2084871.994699999690056, 0.0 ], [ 4876052.377399999648333, 2084877.627499999478459, 0.0 ], [ 4876054.831000000238419, 2084886.575200000777841, 0.0 ], [ 4876057.615500000305474, 2084894.417199999094009, 0.0 ], [ 4876058.402300000190735, 2084901.046800000593066, 0.0 ], [ 4876061.0746, 2084908.115399999544024, 0.0 ], [ 4876062.75, 2084915.738199999555945, 0.0 ], [ 4876064.312800000421703, 2084922.256100000813603, 0.0 ], [ 4876068.32039999961853, 2084932.306399999186397, 0.0 ], [ 4876070.663499999791384, 2084941.475299999117851, 0.0 ], [ 4876075.2226, 2084949.75650000013411, 0.0 ], [ 4876079.331199999898672, 2084953.728399999439716, 0.0 ], [ 4876083.7774, 2084960.794099999591708, 0.0 ], [ 4876090.3311, 2084968.409, 0.0 ], [ 4876096.220200000330806, 2084976.467000000178814, 0.0 ], [ 4876101.550200000405312, 2084981.541999999433756, 0.0 ], [ 4876109.322800000198185, 2084988.823400000110269, 0.0 ], [ 4876114.544099999591708, 2084995.2248, 0.0 ], [ 4876124.090400000102818, 2085002.392699999734759, 0.0 ], [ 4876130.975399999879301, 2085009.2335, 0.0 ], [ 4876136.854500000365078, 2085011.102700000628829, 0.0 ], [ 4876144.737300000153482, 2085017.941800000146031, 0.0 ], [ 4876155.61629999987781, 2085026.433800000697374, 0.0 ], [ 4876163.830199999734759, 2085032.388299999758601, 0.0 ], [ 4876170.713600000366569, 2085038.234400000423193, 0.0 ], [ 4876179.260900000110269, 2085044.630400000140071, 0.0 ], [ 4876188.031899999827147, 2085052.241699999198318, 0.0 ], [ 4876195.917000000365078, 2085060.5175, 0.0 ], [ 4876206.790400000289083, 2085065.583599999547005, 0.0 ], [ 4876220.770999999716878, 2085072.412799999117851, 0.0 ], [ 4876230.537999999709427, 2085078.917400000616908, 0.0 ], [ 4876239.523900000378489, 2085082.328700000420213, 0.0 ], [ 4876246.183799999766052, 2085087.07010000012815, 0.0 ], [ 4876257.943699999712408, 2085091.913699999451637, 0.0 ], [ 4876267.376199999824166, 2085097.203099999576807, 0.0 ], [ 4876278.804999999701977, 2085102.93129999935627, 0.0 ], [ 4876288.674599999561906, 2085104.352, 0.0 ], [ 4876297.5471, 2085106.216399999335408, 0.0 ], [ 4876307.750799999572337, 2085108.520700000226498, 0.0 ], [ 4876318.290699999779463, 2085113.034700000658631, 0.0 ], [ 4876328.0532, 2085116.776399999856949, 0.0 ], [ 4876341.033099999651313, 2085121.839099999517202, 0.0 ], [ 4876350.575500000268221, 2085126.575799999758601, 0.0 ], [ 4876362.11670000012964, 2085133.298499999567866, 0.0 ], [ 4876371.996000000275671, 2085140.686899999156594, 0.0 ], [ 4876379.3257, 2085148.300599999725819, 0.0 ], [ 4876387.544099999591708, 2085157.017899999395013, 0.0 ], [ 4876392.21129999961704, 2085163.64130000025034, 0.0 ], [ 4876397.655899999663234, 2085171.03690000064671, 0.0 ], [ 4876403.10329999960959, 2085180.200799999758601, 0.0 ], [ 4876406.774299999698997, 2085187.82039999961853, 0.0 ], [ 4876413.5521, 2085196.982100000604987, 0.0 ], [ 4876419.560700000263751, 2085210.3445999994874, 0.0 ], [ 4876419.5614, 2085210.786699999123812, 0.0 ], [ 4876425.119099999777973, 2085219.618899999186397, 0.0 ], [ 4876430.4589, 2085230.772199999541044, 0.0 ], [ 4876437.570899999700487, 2085240.927999999374151, 0.0 ], [ 4876442.6875, 2085251.197599999606609, 0.0 ], [ 4876447.029199999757111, 2085262.242000000551343, 0.0 ], [ 4876451.811200000345707, 2085271.296499999240041, 0.0 ], [ 4876454.592400000430644, 2085277.149299999698997, 0.0 ], [ 4876458.3723, 2085283.552999999374151, 0.0 ], [ 4876462.5987, 2085291.834699999541044, 0.0 ], [ 4876464.164300000295043, 2085300.120799999684095, 0.0 ], [ 4876470.172799999825656, 2085313.483300000429153, 0.0 ], [ 4876473.2906, 2085321.7668999992311, 0.0 ], [ 4876476.074400000274181, 2085329.2774, 0.0 ], [ 4876480.30350000038743, 2085339.21680000051856, 0.0 ], [ 4876484.083599999547005, 2085345.731100000441074, 0.0 ], [ 4876487.425699999555945, 2085355.67200000025332, 0.0 ], [ 4876491.8755, 2085364.948000000789762, 0.0 ], [ 4876496.659300000406802, 2085375.107599999755621, 0.0 ], [ 4876497.3399, 2085384.6107, 0.0 ], [ 4876496.692499999888241, 2085395.663200000301003, 0.0 ], [ 4876494.4923, 2085406.276200000196695, 0.0 ], [ 4876491.6223, 2085414.0168999992311, 0.0 ], [ 4876488.530799999833107, 2085421.978900000452995, 0.0 ], [ 4876484.767199999652803, 2085425.631999999284744, 0.0 ], [ 4876477.792399999685585, 2085431.721599999815226, 0.0 ], [ 4876469.266800000332296, 2085438.697799999266863, 0.0 ], [ 4876461.066499999724329, 2085441.142400000244379, 0.0 ], [ 4876450.314600000157952, 2085442.596400000154972, 0.0 ], [ 4876437.897300000302494, 2085442.616499999538064, 0.0 ], [ 4876423.596199999563396, 2085443.192299999296665, 0.0 ], [ 4876414.946899999864399, 2085442.2116, 0.0 ], [ 4876403.9693, 2085441.2347999997437, 0.0 ], [ 4876394.6546, 2085440.1447, 0.0 ], [ 4876383.344399999827147, 2085439.168400000780821, 0.0 ], [ 4876370.592799999751151, 2085438.08390000090003, 0.0 ], [ 4876359.059299999848008, 2085436.113299999386072, 0.0 ], [ 4876347.410199999809265, 2085431.269600000232458, 0.0 ], [ 4876336.539200000464916, 2085427.6402000002563, 0.0 ], [ 4876325.005900000222027, 2085425.780099999159575, 0.0 ], [ 4876312.698800000362098, 2085425.357999999076128, 0.0 ], [ 4876304.9337, 2085422.7182, 0.0 ], [ 4876297.167899999767542, 2085419.636399999260902, 0.0 ], [ 4876290.6201, 2085415.558000000193715, 0.0 ], [ 4876281.6338, 2085411.925599999725819, 0.0 ], [ 4876273.089999999850988, 2085407.629300000146031, 0.0 ], [ 4876262.335400000214577, 2085407.425699999555945, 0.0 ], [ 4876250.805499999783933, 2085407.665500000119209, 0.0 ], [ 4876238.72620000038296, 2085411.000499999150634, 0.0 ], [ 4876237.407599999569356, 2085418.296599999070168, 0.0 ], [ 4876236.316700000315905, 2085429.239299999549985, 0.0 ], [ 4876237.108300000429153, 2085438.852800000458956, 0.0 ], [ 4876241.556300000287592, 2085447.023700000718236, 0.0 ], [ 4876247.553600000217557, 2085453.423800000920892, 0.0 ], [ 4876256.324400000274181, 2085460.924599999561906, 0.0 ], [ 4876262.655899999663234, 2085468.318800000473857, 0.0 ], [ 4876270.318799999542534, 2085476.3739, 0.0 ], [ 4876278.315000000409782, 2085484.760099999606609, 0.0 ], [ 4876285.753700000233948, 2085491.268400000408292, 0.0 ], [ 4876292.3059, 2085497.999099999666214, 0.0 ], [ 4876300.744699999690056, 2085505.942500000819564, 0.0 ], [ 4876307.7407, 2085512.8936, 0.0 ], [ 4876311.515100000426173, 2085515.871400000527501, 0.0 ], [ 4876317.732300000265241, 2085521.165999999269843, 0.0 ], [ 4876324.61670000012964, 2085527.675200000405312, 0.0 ], [ 4876332.389399999752641, 2085535.067099999636412, 0.0 ], [ 4876338.4972, 2085541.245999999344349, 0.0 ], [ 4876343.27489999961108, 2085547.64809999987483, 0.0 ], [ 4876349.601599999703467, 2085552.058399999514222, 0.0 ], [ 4876356.040699999779463, 2085557.463199999183416, 0.0 ], [ 4876363.036600000225008, 2085564.414300000295043, 0.0 ], [ 4876368.148199999704957, 2085571.589500000700355, 0.0 ], [ 4876375.369099999777973, 2085580.529500000178814, 0.0 ], [ 4876382.47759999986738, 2085588.474999999627471, 0.0 ], [ 4876392.6859, 2085593.652599999681115, 0.0 ], [ 4876398.017199999652803, 2085599.6118, 0.0 ], [ 4876402.689899999648333, 2085609.661000000312924, 0.0 ], [ 4876404.813799999654293, 2085620.377499999478459, 0.0 ], [ 4876407.6014, 2085630.208799999207258, 0.0 ], [ 4876410.059299999848008, 2085641.808900000527501, 0.0 ], [ 4876412.83739999961108, 2085645.7829, 0.0 ], [ 4876414.303399999625981, 2085661.031500000506639, 0.0 ], [ 4876415.8717, 2085670.975299999117851, 0.0 ], [ 4876415.89049999974668, 2085682.579299999400973, 0.0 ], [ 4876415.9073, 2085692.967599999159575, 0.0 ], [ 4876416.701999999582767, 2085704.459799999371171, 0.0 ], [ 4876417.940700000151992, 2085716.2829, 0.0 ], [ 4876419.177299999631941, 2085726.779799999669194, 0.0 ], [ 4876421.852800000458956, 2085735.837600000202656, 0.0 ], [ 4876425.3097, 2085748.209699999541044, 0.0 ], [ 4876425.313500000163913, 2085750.530500000342727, 0.0 ], [ 4876426.31969999987632, 2085755.722999999299645, 0.0 ], [ 4876428.664200000464916, 2085765.776100000366569, 0.0 ], [ 4876430.894500000402331, 2085773.729499999433756, 0.0 ], [ 4876432.350399999879301, 2085782.789300000295043, 0.0 ], [ 4876432.4786, 2085793.50899999961257, 0.0 ], [ 4876432.497399999760091, 2085805.112999999895692, 0.0 ], [ 4876432.5, 2085806.660199999809265, 0.0 ], [ 4876434.614299999549985, 2085811.519400000572205, 0.0 ], [ 4876437.180200000293553, 2085821.351099999621511, 0.0 ], [ 4876439.298700000159442, 2085828.752100000157952, 0.0 ], [ 4876439.643500000238419, 2085836.26659999974072, 0.0 ], [ 4876441.540400000289083, 2085843.7785, 0.0 ], [ 4876441.883899999782443, 2085850.519300000742078, 0.0 ], [ 4876442.221300000324845, 2085853.502699999138713, 0.0 ], [ 4876442.559000000357628, 2085856.5965, 0.0 ], [ 4876445.0077, 2085862.5603, 0.0 ], [ 4876447.131, 2085872.945299999788404, 0.0 ], [ 4876449.25, 2085880.677799999713898, 0.0 ], [ 4876451.253200000151992, 2085885.316199999302626, 0.0 ], [ 4876453.8142, 2085892.164000000804663, 0.0 ], [ 4876454.823300000280142, 2085899.12470000050962, 0.0 ], [ 4876458.495900000445545, 2085907.738900000229478, 0.0 ], [ 4876459.282700000330806, 2085914.36849999986589, 0.0 ], [ 4876460.95380000025034, 2085919.338999999687076, 0.0 ], [ 4876462.848000000230968, 2085925.193199999630451, 0.0 ], [ 4876466.1853, 2085932.1502, 0.0 ], [ 4876468.191700000315905, 2085938.777799999341369, 0.0 ], [ 4876470.860000000335276, 2085943.415100000798702, 0.0 ], [ 4876471.6458, 2085949.3816, 0.0 ], [ 4876473.316700000315905, 2085954.241599999368191, 0.0 ], [ 4876476.318300000391901, 2085959.32039999961853, 0.0 ], [ 4876478.989500000141561, 2085965.7259, 0.0 ], [ 4876483.099299999885261, 2085970.471300000324845, 0.0 ], [ 4876487.208399999886751, 2085974.774800000712276, 0.0 ], [ 4876490.5444, 2085980.958200000226498, 0.0 ], [ 4876493.215800000354648, 2085987.474199999123812, 0.0 ], [ 4876497.217799999751151, 2085994.098600000143051, 0.0 ], [ 4876501.55379999987781, 2086001.606599999591708, 0.0 ], [ 4876504.780600000172853, 2086008.784800000488758, 0.0 ], [ 4876511.67119999974966, 2086019.162000000476837, 0.0 ], [ 4876514.455699999816716, 2086027.114499999210238, 0.0 ], [ 4876516.681300000287592, 2086032.194599999114871, 0.0 ], [ 4876519.130400000140071, 2086038.3794, 0.0 ], [ 4876521.134100000374019, 2086043.349300000816584, 0.0 ], [ 4876524.027900000102818, 2086050.307099999859929, 0.0 ], [ 4876524.80559999961406, 2086051.3004, 0.0 ], [ 4876526.81209999974817, 2086058.038599999621511, 0.0 ], [ 4876531.143799999728799, 2086062.894200000911951, 0.0 ], [ 4876532.480499999597669, 2086066.759999999776483, 0.0 ], [ 4876534.3778, 2086074.493000000715256, 0.0 ], [ 4876536.1661, 2086083.441800000146031, 0.0 ], [ 4876536.176699999719858, 2086089.962099999189377, 0.0 ], [ 4876536.1858, 2086095.598300000652671, 0.0 ], [ 4876534.86629999987781, 2086102.341900000348687, 0.0 ], [ 4876534.323400000110269, 2086109.415699999779463, 0.0 ], [ 4876531.3388, 2086114.835699999704957, 0.0 ], [ 4876530.0164, 2086119.811000000685453, 0.0 ], [ 4876527.478699999861419, 2086127.3301, 0.0 ], [ 4876525.159599999897182, 2086132.970100000500679, 0.0 ], [ 4876523.059000000357628, 2086136.620500000193715, 0.0 ], [ 4876518.08, 2086142.817399999126792, 0.0 ], [ 4876513.9858, 2086147.686599999666214, 0.0 ], [ 4876508.779500000178814, 2086150.457900000736117, 0.0 ], [ 4876504.7933, 2086153.558800000697374, 0.0 ], [ 4876494.81900000013411, 2086155.8958, 0.0 ], [ 4876488.7231, 2086157.010800000280142, 0.0 ], [ 4876476.861100000329316, 2086157.472100000828505, 0.0 ], [ 4876469.982699999585748, 2086154.6097999997437, 0.0 ], [ 4876460.669099999591708, 2086154.182900000363588, 0.0 ], [ 4876454.566700000315905, 2086151.319399999454618, 0.0 ], [ 4876450.904900000430644, 2086149.336100000888109, 0.0 ], [ 4876442.472699999809265, 2086145.481699999421835, 0.0 ], [ 4876436.143299999646842, 2086139.30320000089705, 0.0 ], [ 4876430.594399999827147, 2086135.886199999600649, 0.0 ], [ 4876424.598000000230968, 2086130.038699999451637, 0.0 ], [ 4876415.93819999974221, 2086122.537699999287724, 0.0 ], [ 4876408.611499999649823, 2086116.692299999296665, 0.0 ], [ 4876402.949699999764562, 2086112.059900000691414, 0.0 ], [ 4876396.291400000452995, 2086108.2027000002563, 0.0 ], [ 4876388.301300000399351, 2086103.463500000536442, 0.0 ], [ 4876382.30599999986589, 2086098.278999999165535, 0.0 ], [ 4876376.864699999801815, 2086092.872600000351667, 0.0 ], [ 4876369.872399999760091, 2086088.131799999624491, 0.0 ], [ 4876361.880800000391901, 2086082.508600000292063, 0.0 ], [ 4876356.105000000447035, 2086075.887000000104308, 0.0 ], [ 4876350.5532, 2086070.701899999752641, 0.0 ], [ 4876345.225999999791384, 2086067.284600000828505, 0.0 ], [ 4876337.230600000359118, 2086059.340500000864267, 0.0 ], [ 4876332.344600000418723, 2086054.4858, 0.0 ], [ 4876325.791400000452995, 2086047.091900000348687, 0.0 ], [ 4876320.130699999630451, 2086043.122600000351667, 0.0 ], [ 4876312.693099999800324, 2086037.277300000190735, 0.0 ], [ 4876305.921, 2086031.652100000530481, 0.0 ], [ 4876299.1524, 2086028.126599999144673, 0.0 ], [ 4876292.161799999885261, 2086024.49100000038743, 0.0 ], [ 4876281.6228, 2086020.418999999761581, 0.0 ], [ 4876274.4112, 2086017.22580000013113, 0.0 ], [ 4876266.20380000025034, 2086015.249900000169873, 0.0 ], [ 4876258.329699999652803, 2086013.715399999171495, 0.0 ], [ 4876250.009600000455976, 2086010.634500000625849, 0.0 ], [ 4876239.254599999636412, 2086010.09940000064671, 0.0 ], [ 4876231.2692, 2086008.344100000336766, 0.0 ], [ 4876217.18819999974221, 2086007.814400000497699, 0.0 ], [ 4876208.42960000038147, 2086007.828600000590086, 0.0 ], [ 4876201.333800000138581, 2086007.619100000709295, 0.0 ], [ 4876192.4644, 2086007.633500000461936, 0.0 ], [ 4876180.381099999882281, 2086008.426699999719858, 0.0 ], [ 4876165.197599999606609, 2086011.766799999400973, 0.0 ], [ 4876157.664900000207126, 2086015.647099999710917, 0.0 ], [ 4876153.128100000321865, 2086021.069700000807643, 0.0 ], [ 4876151.0324, 2086027.704, 0.0 ], [ 4876150.268899999558926, 2086035.441199999302626, 0.0 ], [ 4876152.718100000172853, 2086041.6261, 0.0 ], [ 4876153.938900000415742, 2086042.397700000554323, 0.0 ], [ 4876158.9342, 2086046.25760000012815, 0.0 ], [ 4876159.932500000111759, 2086046.587500000372529, 0.0 ], [ 4876165.703700000420213, 2086050.33559999987483, 0.0 ], [ 4876166.81290000025183, 2086050.665400000289083, 0.0 ], [ 4876177.68709999974817, 2086056.284, 0.0 ], [ 4876187.341900000348687, 2086062.015100000426173, 0.0 ], [ 4876188.230100000277162, 2086062.787200000137091, 0.0 ], [ 4876194.5565, 2086067.08699999935925, 0.0 ], [ 4876195.000900000333786, 2086067.638900000602007, 0.0 ], [ 4876202.3257, 2086072.2686, 0.0 ], [ 4876211.647699999623001, 2086077.889699999243021, 0.0 ], [ 4876213.422799999825656, 2086078.660399999469519, 0.0 ], [ 4876221.0789, 2086082.516000000759959, 0.0 ], [ 4876224.520899999886751, 2086085.604800000786781, 0.0 ], [ 4876234.7253, 2086088.4616, 0.0 ], [ 4876240.606700000353158, 2086091.7675, 0.0 ], [ 4876248.818, 2086096.174799999222159, 0.0 ], [ 4876255.144299999810755, 2086100.364099999889731, 0.0 ], [ 4876260.580900000408292, 2086102.897099999710917, 0.0 ], [ 4876270.011599999852479, 2086107.191800000146031, 0.0 ], [ 4876279.553899999707937, 2086111.92850000038743, 0.0 ], [ 4876288.542399999685585, 2086116.997600000351667, 0.0 ], [ 4876296.309000000357628, 2086120.631899999454618, 0.0 ], [ 4876309.1804, 2086127.241900000721216, 0.0 ], [ 4876324.271599999628961, 2086135.395500000566244, 0.0 ], [ 4876345.132799999788404, 2086146.523700000718236, 0.0 ], [ 4876370.214200000278652, 2086162.176100000739098, 0.0 ], [ 4876386.305200000293553, 2086171.543700000271201, 0.0 ], [ 4876399.39989999961108, 2086179.148, 0.0 ], [ 4876422.258899999782443, 2086191.709599999710917, 0.0 ], [ 4876439.119, 2086196.765900000929832, 0.0 ], [ 4876451.872999999672174, 2086199.397600000724196, 0.0 ], [ 4876465.079400000162423, 2086207.554300000891089, 0.0 ], [ 4876474.185200000181794, 2086216.601700000464916, 0.0 ], [ 4876480.518400000408292, 2086225.101099999621511, 0.0 ], [ 4876482.088700000196695, 2086236.260500000789762, 0.0 ], [ 4876486.4331, 2086248.962600000202656, 0.0 ], [ 4876493.123800000175834, 2086272.82289999909699, 0.0 ], [ 4876489.5938, 2086283.769600000232458, 0.0 ], [ 4876488.621000000275671, 2086299.243200000375509, 0.0 ], [ 4876485.648199999704957, 2086311.9572, 0.0 ], [ 4876481.6765, 2086324.009700000286102, 0.0 ], [ 4876478.043399999849498, 2086339.708699999377131, 0.0 ], [ 4876472.303399999625981, 2086355.189999999478459, 0.0 ], [ 4876464.676099999807775, 2086369.1272, 0.0 ], [ 4876458.377000000327826, 2086381.625600000843406, 0.0 ], [ 4876451.855899999849498, 2086394.01380000077188, 0.0 ], [ 4876446.435600000433624, 2086401.537599999457598, 0.0 ], [ 4876439.46030000038445, 2086407.2956000007689, 0.0 ], [ 4876430.041500000283122, 2086410.294800000265241, 0.0 ], [ 4876416.958800000138581, 2086410.095000000670552, 0.0 ], [ 4876399.00040000025183, 2086411.339800000190735, 0.0 ], [ 4876378.932400000281632, 2086410.70920000039041, 0.0 ], [ 4876361.960099999792874, 2086404.768999999389052, 0.0 ], [ 4876349.75690000038594, 2086399.926200000569224, 0.0 ], [ 4876334.117600000463426, 2086395.6415, 0.0 ], [ 4876317.475999999791384, 2086388.484999999403954, 0.0 ], [ 4876302.2719, 2086379.11600000038743, 0.0 ], [ 4876289.176900000311434, 2086371.290699999779463, 0.0 ], [ 4876276.746000000275671, 2086362.801200000569224, 0.0 ], [ 4876262.095800000242889, 2086353.099700000137091, 0.0 ], [ 4876245.3333, 2086339.865199999883771, 0.0 ], [ 4876236.4527000002563, 2086332.917199999094009, 0.0 ], [ 4876225.470599999651313, 2086329.066999999806285, 0.0 ], [ 4876211.163099999539554, 2086325.664300000295043, 0.0 ], [ 4876198.411600000225008, 2086324.579900000244379, 0.0 ], [ 4876183.781000000424683, 2086326.924499999731779, 0.0 ], [ 4876173.142199999652803, 2086329.704600000753999, 0.0 ], [ 4876164.168499999679625, 2086333.697699999436736, 0.0 ], [ 4876161.299599999561906, 2086342.101500000804663, 0.0 ], [ 4876156.437199999578297, 2086351.834699999541044, 0.0 ], [ 4876156.457899999804795, 2086364.5439, 0.0 ], [ 4876158.917100000195205, 2086376.917500000447035, 0.0 ], [ 4876165.141800000332296, 2086386.853700000792742, 0.0 ], [ 4876174.799800000153482, 2086394.573999999091029, 0.0 ], [ 4876189.124200000427663, 2086408.475600000470877, 0.0 ], [ 4876202.222699999809265, 2086418.40059999935329, 0.0 ], [ 4876221.091799999587238, 2086431.7423, 0.0 ], [ 4876232.964200000278652, 2086437.6908, 0.0 ], [ 4876253.3783, 2086446.609300000593066, 0.0 ], [ 4876275.120900000445545, 2086454.420499999076128, 0.0 ], [ 4876301.626299999654293, 2086459.461100000888109, 0.0 ], [ 4876315.268899999558926, 2086463.085999999195337, 0.0 ], [ 4876335.4534, 2086467.252800000831485, 0.0 ], [ 4876354.19550000037998, 2086470.648299999535084, 0.0 ], [ 4876378.472799999639392, 2086469.061699999496341, 0.0 ], [ 4876400.088399999774992, 2086466.926799999549985, 0.0 ], [ 4876422.596300000324845, 2086468.106000000610948, 0.0 ], [ 4876443.668700000271201, 2086472.823899999260902, 0.0 ], [ 4876463.5301, 2086482.848600000143051, 0.0 ], [ 4876476.745799999684095, 2086496.752000000327826, 0.0 ], [ 4876485.308000000193715, 2086512.431099999696016, 0.0 ], [ 4876484.665400000289083, 2086526.35700000077486, 0.0 ], [ 4876482.251899999566376, 2086542.1645, 0.0 ], [ 4876478.066999999806285, 2086559.411599999293685, 0.0 ], [ 4876474.432400000281632, 2086574.226399999111891, 0.0 ], [ 4876467.71129999961704, 2086599.987199999392033, 0.0 ], [ 4876461.093500000424683, 2086621.106200000271201, 0.0 ], [ 4876457.7917, 2086636.031099999323487, 0.0 ], [ 4876452.275100000202656, 2086652.506699999794364, 0.0 ], [ 4876454.847699999809265, 2086666.427300000563264, 0.0 ], [ 4876448.671900000423193, 2086686.661499999463558, 0.0 ], [ 4876444.480700000189245, 2086700.0406, 0.0 ], [ 4876442.393299999646842, 2086711.758500000461936, 0.0 ], [ 4876438.4227, 2086724.474099999293685, 0.0 ], [ 4876437.21999999973923, 2086734.864499999210238, 0.0 ], [ 4876434.580900000408292, 2086748.24100000038743, 0.0 ], [ 4876432.5005, 2086764.268999999389052, 0.0 ], [ 4876431.528699999675155, 2086780.295199999585748, 0.0 ], [ 4876430.9984, 2086795.105000000447035, 0.0 ], [ 4876429.465800000354648, 2086807.153599999845028, 0.0 ], [ 4876423.9358, 2086815.340700000524521, 0.0 ], [ 4876421.626299999654293, 2086826.837899999693036, 0.0 ], [ 4876419.435999999754131, 2086843.529200000688434, 0.0 ], [ 4876417.237300000153482, 2086855.0263, 0.0 ], [ 4876413.711199999786913, 2086868.293700000271201, 0.0 ], [ 4876411.173600000329316, 2086875.92339999973774, 0.0 ], [ 4876407.973799999803305, 2086885.322300000116229, 0.0 ], [ 4876411.313900000415742, 2086894.047499999403954, 0.0 ], [ 4876422.30489999987185, 2086903.42339999973774, 0.0 ], [ 4876428.075899999588728, 2086907.061000000685453, 0.0 ], [ 4876441.267799999564886, 2086906.376499999314547, 0.0 ], [ 4876455.7845, 2086902.153400000184774, 0.0 ], [ 4876470.964200000278652, 2086896.6031, 0.0 ], [ 4876485.029500000178814, 2086887.51799999922514, 0.0 ], [ 4876492.668499999679625, 2086880.874800000339746, 0.0 ], [ 4876499.535899999551475, 2086876.9956, 0.0 ], [ 4876513.264999999664724, 2086865.700899999588728, 0.0 ], [ 4876524.220099999569356, 2086852.973899999633431, 0.0 ], [ 4876535.404, 2086844.556700000539422, 0.0 ], [ 4876543.5948, 2086836.365299999713898, 0.0 ], [ 4876554.552799999713898, 2086825.406600000336766, 0.0 ], [ 4876561.854799999855459, 2086816.001000000163913, 0.0 ], [ 4876571.942699999548495, 2086815.432099999859929, 0.0 ], [ 4876575.811200000345707, 2086808.131899999454618, 0.0 ], [ 4876581.2363, 2086803.592000000178814, 0.0 ], [ 4876596.743900000117719, 2086795.167700000107288, 0.0 ], [ 4876609.817499999888241, 2086789.841900000348687, 0.0 ], [ 4876623.111600000411272, 2086783.742000000551343, 0.0 ], [ 4876641.50899999961257, 2086779.73369999974966, 0.0 ], [ 4876659.466400000266731, 2086777.9364, 0.0 ], [ 4876676.536799999885261, 2086776.029999999329448, 0.0 ], [ 4876689.2835, 2086774.241100000217557, 0.0 ], [ 4876704.587899999693036, 2086777.200200000777841, 0.0 ], [ 4876717.679399999789894, 2086782.925699999555945, 0.0 ], [ 4876729.998800000175834, 2086791.08390000090003, 0.0 ], [ 4876736.4457, 2086801.351299999281764, 0.0 ], [ 4876741.117200000211596, 2086810.737400000914931, 0.0 ], [ 4876745.126500000245869, 2086821.892899999395013, 0.0 ], [ 4876746.702200000174344, 2086836.47829999960959, 0.0 ], [ 4876742.730600000359118, 2086848.530799999833107, 0.0 ], [ 4876737.537899999879301, 2086859.701199999079108, 0.0 ], [ 4876731.685100000351667, 2086873.967000000178814, 0.0 ], [ 4876726.936499999836087, 2086885.4682, 0.0 ], [ 4876715.420599999837577, 2086894.217499999329448, 0.0 ], [ 4876706.13289999961853, 2086909.704600000753999, 0.0 ], [ 4876697.1683, 2086919.333799999207258, 0.0 ], [ 4876688.643400000408292, 2086926.64159999974072, 0.0 ], [ 4876679.231499999761581, 2086933.840299999341369, 0.0 ], [ 4876666.716300000436604, 2086941.707100000232458, 0.0 ], [ 4876651.53760000038892, 2086947.810000000521541, 0.0 ], [ 4876629.045599999837577, 2086956.356100000441074, 0.0 ], [ 4876607.659699999727309, 2086963.353199999779463, 0.0 ], [ 4876591.9211, 2086966.030999999493361, 0.0 ], [ 4876573.1924, 2086970.813500000163913, 0.0 ], [ 4876555.238099999725819, 2086974.48960000090301, 0.0 ], [ 4876537.509399999864399, 2086980.596699999645352, 0.0 ], [ 4876521.771200000308454, 2086983.606100000441074, 0.0 ], [ 4876507.474399999715388, 2086986.613199999555945, 0.0 ], [ 4876492.857300000265241, 2086997.246300000697374, 0.0 ], [ 4876484.8902000002563, 2087006.653000000864267, 0.0 ], [ 4876479.1404, 2087016.056099999696016, 0.0 ], [ 4876475.829, 2087025.0131, 0.0 ], [ 4876475.417999999597669, 2087045.0168999992311, 0.0 ], [ 4876479.218299999833107, 2087064.019300000742078, 0.0 ], [ 4876484.008600000292063, 2087078.267899999395013, 0.0 ], [ 4876493.25, 2087102.566099999472499, 0.0 ], [ 4876500.937, 2087125.5406, 0.0 ], [ 4876509.0587, 2087143.099300000816584, 0.0 ], [ 4876519.628399999812245, 2087166.17960000038147, 0.0 ], [ 4876529.423899999819696, 2087190.366399999707937, 0.0 ], [ 4876537.6579, 2087208.809000000357628, 0.0 ], [ 4876546.2242, 2087227.029999999329448, 0.0 ], [ 4876559.89919999986887, 2087250.768500000238419, 0.0 ], [ 4876576.685100000351667, 2087278.590900000184774, 0.0 ], [ 4876592.1371, 2087304.315700000151992, 0.0 ], [ 4876603.253600000403821, 2087322.753599999472499, 0.0 ], [ 4876611.270200000144541, 2087343.848899999633431, 0.0 ], [ 4876614.6266, 2087362.630899999290705, 0.0 ], [ 4876621.6382, 2087379.307199999690056, 0.0 ], [ 4876632.654400000348687, 2087404.265599999576807, 0.0 ], [ 4876643.876899999566376, 2087419.719499999657273, 0.0 ], [ 4876659.644500000402331, 2087434.944900000467896, 0.0 ], [ 4876677.285299999639392, 2087443.094399999827147, 0.0 ], [ 4876697.1381, 2087447.924799999222159, 0.0 ], [ 4876714.769399999640882, 2087450.217000000178814, 0.0 ], [ 4876730.069299999624491, 2087450.523800000548363, 0.0 ], [ 4876741.489299999549985, 2087451.057800000533462, 0.0 ], [ 4876763.8805, 2087448.811200000345707, 0.0 ], [ 4876778.959099999628961, 2087449.339400000870228, 0.0 ], [ 4876797.3668, 2087451.851399999111891, 0.0 ], [ 4876812.453099999576807, 2087457.1316, 0.0 ], [ 4876832.30350000038743, 2087460.525399999693036, 0.0 ], [ 4876849.04590000025928, 2087461.603499999269843, 0.0 ], [ 4876861.571000000461936, 2087459.925499999895692, 0.0 ], [ 4876879.968500000424683, 2087456.1382, 0.0 ], [ 4876897.8119, 2087452.462300000712276, 0.0 ], [ 4876912.546, 2087445.697100000455976, 0.0 ], [ 4876929.600499999709427, 2087434.065500000491738, 0.0 ], [ 4876940.89049999974668, 2087422.774700000882149, 0.0 ], [ 4876951.7335, 2087409.274399999529123, 0.0 ], [ 4876954.3728, 2087396.008400000631809, 0.0 ], [ 4876952.9101, 2087382.748999999836087, 0.0 ], [ 4876946.129800000227988, 2087371.92960000038147, 0.0 ], [ 4876938.246000000275671, 2087364.3169, 0.0 ], [ 4876927.148, 2087357.261900000274181, 0.0 ], [ 4876917.277800000272691, 2087355.288599999621511, 0.0 ], [ 4876902.081899999640882, 2087350.7820999994874, 0.0 ], [ 4876884.564299999736249, 2087350.25789999961853, 0.0 ], [ 4876866.268899999558926, 2087348.629799999296665, 0.0 ], [ 4876852.965200000442564, 2087348.761800000444055, 0.0 ], [ 4876834.787899999879301, 2087351.664599999785423, 0.0 ], [ 4876818.3854, 2087355.117200000211596, 0.0 ], [ 4876803.8657, 2087357.350999999791384, 0.0 ], [ 4876788.241899999789894, 2087362.459899999201298, 0.0 ], [ 4876776.16579999960959, 2087367.563200000673532, 0.0 ], [ 4876756.325899999588728, 2087370.6897, 0.0 ], [ 4876745.136800000444055, 2087375.791500000283122, 0.0 ], [ 4876732.278699999675155, 2087377.249099999666214, 0.0 ], [ 4876718.312400000169873, 2087378.929400000721216, 0.0 ], [ 4876706.112200000323355, 2087375.854800000786781, 0.0 ], [ 4876696.674800000153482, 2087367.360500000417233, 0.0 ], [ 4876689.012400000356138, 2087359.526399999856949, 0.0 ], [ 4876683.892, 2087346.825500000268221, 0.0 ], [ 4876679.439500000327826, 2087335.781300000846386, 0.0 ], [ 4876682.610999999567866, 2087308.9211, 0.0 ], [ 4876684.3607, 2087293.998800000175834, 0.0 ], [ 4876689.984199999831617, 2087275.091700000688434, 0.0 ], [ 4876694.49959999974817, 2087256.517899999395013, 0.0 ], [ 4876696.696100000292063, 2087243.694700000807643, 0.0 ], [ 4876697.5669, 2087233.746999999508262, 0.0 ], [ 4876701.544800000265241, 2087225.5625, 0.0 ], [ 4876708.07050000037998, 2087216.04759999923408, 0.0 ], [ 4876714.59360000025481, 2087204.985600000247359, 0.0 ], [ 4876720.568900000303984, 2087197.903000000864267, 0.0 ], [ 4876717.679999999701977, 2087193.929199999198318, 0.0 ], [ 4876721.11089999973774, 2087190.276599999517202, 0.0 ], [ 4876724.755800000391901, 2087181.871600000187755, 0.0 ], [ 4876722.9655, 2087171.7072, 0.0 ], [ 4876719.296, 2087164.971699999645352, 0.0 ], [ 4876720.391800000332296, 2087157.012900000438094, 0.0 ], [ 4876723.596, 2087150.26630000025034, 0.0 ], [ 4876726.57660000026226, 2087142.41499999910593, 0.0 ], [ 4876729.662999999709427, 2087131.3585, 0.0 ], [ 4876733.636800000444055, 2087120.632200000807643, 0.0 ], [ 4876738.159300000406802, 2087106.479000000283122, 0.0 ], [ 4876745.5746, 2087098.620500000193715, 0.0 ], [ 4876746.68099999986589, 2087097.182, 0.0 ], [ 4876751.214599999599159, 2087089.880699999630451, 0.0 ], [ 4876754.3015, 2087079.155799999833107, 0.0 ], [ 4876756.281499999575317, 2087069.537799999117851, 0.0 ], [ 4876757.721, 2087068.430299999192357, 0.0 ], [ 4876763.3651, 2087062.2324, 0.0 ], [ 4876775.329800000414252, 2087056.797800000756979, 0.0 ], [ 4876786.187, 2087052.028100000694394, 0.0 ], [ 4876798.496299999766052, 2087053.997400000691414, 0.0 ], [ 4876810.144899999722838, 2087058.730699999257922, 0.0 ], [ 4876819.141800000332296, 2087069.104499999433756, 0.0 ], [ 4876828.358, 2087077.930700000375509, 0.0 ], [ 4876831.140599999576807, 2087084.667600000277162, 0.0 ], [ 4876839.363199999555945, 2087096.14780000038445, 0.0 ], [ 4876848.800599999725819, 2087104.642100000753999, 0.0 ], [ 4876860.893199999816716, 2087109.706199999898672, 0.0 ], [ 4876872.989, 2087116.759600000455976, 0.0 ], [ 4876878.6508, 2087121.502499999478459, 0.0 ], [ 4876890.079400000162423, 2087127.341299999505281, 0.0 ], [ 4876904.282200000248849, 2087134.722799999639392, 0.0 ], [ 4876915.60190000012517, 2087141.7774, 0.0 ], [ 4876932.3498, 2087146.17090000025928, 0.0 ], [ 4876943.1129, 2087151.78969999961555, 0.0 ], [ 4876957.421500000171363, 2087156.0767, 0.0 ], [ 4876972.613599999807775, 2087158.262399999424815, 0.0 ], [ 4877007.999200000427663, 2087170.251199999824166, 0.0 ], [ 4877033.405500000342727, 2087181.372099999338388, 0.0 ], [ 4877060.800800000317395, 2087188.511299999430776, 0.0 ], [ 4877087.196999999694526, 2087194.76799999922514, 0.0 ], [ 4877120.3607, 2087203.997600000351667, 0.0 ], [ 4877145.650500000454485, 2087211.692700000479817, 0.0 ], [ 4877172.177899999544024, 2087230.547900000587106, 0.0 ], [ 4877193.165900000371039, 2087251.843299999833107, 0.0 ], [ 4877195.168600000441074, 2087256.260600000619888, 0.0 ], [ 4877200.977300000376999, 2087283.327199999243021, 0.0 ], [ 4877202.023400000296533, 2087313.274900000542402, 0.0 ], [ 4877206.066999999806285, 2087345.759600000455976, 0.0 ], [ 4877206.551199999637902, 2087370.9561, 0.0 ], [ 4877209.0302, 2087395.707299999892712, 0.0 ], [ 4877206.736600000411272, 2087417.150800000876188, 0.0 ], [ 4877207.431800000369549, 2087435.716099999845028, 0.0 ], [ 4877210.012699999846518, 2087454.941400000825524, 0.0 ], [ 4877214.259499999694526, 2087475.932299999520183, 0.0 ], [ 4877216.728699999861419, 2087494.605200000107288, 0.0 ], [ 4877222.4178, 2087516.256799999624491, 0.0 ], [ 4877229.877999999560416, 2087536.247899999842048, 0.0 ], [ 4877240.125300000421703, 2087565.738700000569224, 0.0 ], [ 4877246.5888, 2087586.394400000572205, 0.0 ], [ 4877253.604000000283122, 2087605.39159999974072, 0.0 ], [ 4877261.744400000199676, 2087634.66469999961555, 0.0 ], [ 4877267.547399999573827, 2087658.194900000467896, 0.0 ], [ 4877272.798700000159442, 2087683.38370000012219, 0.0 ], [ 4877286.2506, 2087706.459499999880791, 0.0 ], [ 4877299.362599999643862, 2087725.004699999466538, 0.0 ], [ 4877318.80599999986589, 2087751.054700000211596, 0.0 ], [ 4877328.3849, 2087778.6678, 0.0 ], [ 4877338.6162, 2087798.322799999266863, 0.0 ], [ 4877347.519799999892712, 2087819.637700000777841, 0.0 ], [ 4877356.760099999606609, 2087843.493899999186397, 0.0 ], [ 4877369.439299999736249, 2087868.670700000599027, 0.0 ], [ 4877379.245299999602139, 2087899.598899999633431, 0.0 ], [ 4877386.589999999850988, 2087916.716700000688434, 0.0 ], [ 4877396.6097, 2087942.671399999409914, 0.0 ], [ 4877405.180100000463426, 2087963.655300000682473, 0.0 ], [ 4877417.194299999624491, 2087988.94370000064373, 0.0 ], [ 4877419.425499999895692, 2087997.560200000181794, 0.0 ], [ 4877423.5537, 2088013.799200000241399, 0.0 ], [ 4877434.69550000037998, 2088048.151100000366569, 0.0 ], [ 4877443.831000000238419, 2088075.76490000076592, 0.0 ], [ 4877454.177500000223517, 2088098.182700000703335, 0.0 ], [ 4877467.182, 2088118.8278, 0.0 ], [ 4877479.620799999684095, 2088132.511499999091029, 0.0 ], [ 4877503.061099999584258, 2088162.202099999412894, 0.0 ], [ 4877515.838100000284612, 2088179.311200000345707, 0.0 ], [ 4877530.71860000025481, 2088194.648600000888109, 0.0 ], [ 4877547.265599999576807, 2088212.19370000064373, 0.0 ], [ 4877564.580699999816716, 2088224.764399999752641, 0.0 ], [ 4877580.113599999807775, 2088232.143799999728799, 0.0 ], [ 4877595.301900000311434, 2088232.119400000199676, 0.0 ], [ 4877611.0433, 2088231.32039999961853, 0.0 ], [ 4877630.9972, 2088230.293600000441074, 0.0 ], [ 4877653.38150000013411, 2088223.958200000226498, 0.0 ], [ 4877677.3218, 2088220.051599999889731, 0.0 ], [ 4877694.94400000013411, 2088216.818299999460578, 0.0 ], [ 4877714.003499999642372, 2088211.151399999856949, 0.0 ], [ 4877730.624200000427663, 2088205.598899999633431, 0.0 ], [ 4877746.1332, 2088198.16950000077486, 0.0 ], [ 4877763.41440000012517, 2088189.742599999532104, 0.0 ], [ 4877780.137900000438094, 2088179.216900000348687, 0.0 ], [ 4877783.329300000332296, 2088164.513299999758601, 0.0 ], [ 4877780.08600000012666, 2088146.94679999910295, 0.0 ], [ 4877770.5236, 2088129.501000000163913, 0.0 ], [ 4877760.636199999600649, 2088116.807700000703335, 0.0 ], [ 4877738.312400000169873, 2088091.867499999701977, 0.0 ], [ 4877725.6552, 2088080.283900000154972, 0.0 ], [ 4877711.889600000344217, 2088068.8125, 0.0 ], [ 4877698.458200000226498, 2088058.33530000038445, 0.0 ], [ 4877684.576500000432134, 2088043.659299999475479, 0.0 ], [ 4877659.9392, 2088027.895400000736117, 0.0 ], [ 4877647.5022, 2088015.316800000146031, 0.0 ], [ 4877633.734000000171363, 2088002.2983, 0.0 ], [ 4877624.841699999757111, 2087987.945800000801682, 0.0 ], [ 4877621.6025, 2087972.9211, 0.0 ], [ 4877624.356100000441074, 2087961.754699999466538, 0.0 ], [ 4877630.09499999973923, 2087945.610400000587106, 0.0 ], [ 4877639.945000000298023, 2087935.09569999948144, 0.0 ], [ 4877647.0302, 2087928.785000000149012, 0.0 ], [ 4877651.8902000002563, 2087917.615199999883771, 0.0 ], [ 4877653.551599999889731, 2087916.617900000885129, 0.0 ], [ 4877676.927899999544024, 2087906.63399999961257, 0.0 ], [ 4877689.677299999631941, 2087906.613500000908971, 0.0 ], [ 4877708.302500000223517, 2087906.583499999716878, 0.0 ], [ 4877722.82909999974072, 2087908.659900000318885, 0.0 ], [ 4877733.373599999584258, 2087916.378900000825524, 0.0 ], [ 4877747.144999999552965, 2087931.386700000613928, 0.0 ], [ 4877760.252399999648333, 2087947.169099999591708, 0.0 ], [ 4877775.026600000448525, 2087965.380200000479817, 0.0 ], [ 4877785.14159999974072, 2087981.720000000670552, 0.0 ], [ 4877802.803999999538064, 2088003.462899999693036, 0.0 ], [ 4877818.473000000230968, 2088026.5351, 0.0 ], [ 4877836.034400000236928, 2088054.466900000348687, 0.0 ], [ 4877850.262299999594688, 2088077.652000000700355, 0.0 ], [ 4877858.274400000460446, 2088096.20549999922514, 0.0 ], [ 4877864.50870000012219, 2088112.330600000917912, 0.0 ], [ 4877865.287100000306964, 2088113.766000000759959, 0.0 ], [ 4877866.288200000301003, 2088115.864199999719858, 0.0 ], [ 4877873.407700000330806, 2088130.88260000012815, 0.0 ], [ 4877882.64989999961108, 2088156.064999999478459, 0.0 ], [ 4877891.1212, 2088184.453500000759959, 0.0 ], [ 4877897.591300000436604, 2088209.308800000697374, 0.0 ], [ 4877904.41260000038892, 2088245.7675, 0.0 ], [ 4877910.112300000153482, 2088274.160399999469519, 0.0 ], [ 4877916.818199999630451, 2088307.745999999344349, 0.0 ], [ 4877919.286999999545515, 2088326.308399999514222, 0.0 ], [ 4877926.0806, 2088345.526900000870228, 0.0 ], [ 4877933.190700000151992, 2088354.688100000843406, 0.0 ], [ 4877941.8575, 2088366.830700000748038, 0.0 ], [ 4877954.400899999774992, 2088376.646299999207258, 0.0 ], [ 4877966.389999999664724, 2088386.462799999862909, 0.0 ], [ 4877979.039599999785423, 2088393.404899999499321, 0.0 ], [ 4877993.568900000303984, 2088397.249500000849366, 0.0 ], [ 4878006.653099999763072, 2088398.665200000628829, 0.0 ], [ 4878020.398900000378489, 2088397.8695, 0.0 ], [ 4878034.803899999707937, 2088393.315300000831485, 0.0 ], [ 4878046.771999999880791, 2088390.091099999845028, 0.0 ], [ 4878064.061200000345707, 2088386.637399999424815, 0.0 ], [ 4878082.455400000326335, 2088380.971599999815226, 0.0 ], [ 4878099.96169999986887, 2088374.644200000911951, 0.0 ], [ 4878112.3756, 2088372.856100000441074, 0.0 ], [ 4878127.556099999696016, 2088367.969100000336766, 0.0 ], [ 4878138.07799999974668, 2088361.652899999171495, 0.0 ], [ 4878150.040900000371039, 2088355.223899999633431, 0.0 ], [ 4878169.327200000174344, 2088352.761600000783801, 0.0 ], [ 4878182.071000000461936, 2088349.315199999138713, 0.0 ], [ 4878198.252500000409782, 2088346.415899999439716, 0.0 ], [ 4878211.884200000204146, 2088343.63120000064373, 0.0 ], [ 4878225.0718, 2088340.405099999159575, 0.0 ], [ 4878240.260700000450015, 2088340.712300000712276, 0.0 ], [ 4878256.777200000360608, 2088339.3596, 0.0 ], [ 4878275.0707, 2088339.9934, 0.0 ], [ 4878294.6946, 2088340.625, 0.0 ], [ 4878312.7653, 2088340.596000000834465, 0.0 ], [ 4878332.8328, 2088341.337400000542402, 0.0 ], [ 4878351.240000000223517, 2088343.739199999719858, 0.0 ], [ 4878370.86670000012964, 2088346.13910000026226, 0.0 ], [ 4878389.276200000196695, 2088349.977600000798702, 0.0 ], [ 4878406.242700000293553, 2088352.713300000876188, 0.0 ], [ 4878408.017099999822676, 2088353.041999999433756, 0.0 ], [ 4878418.224499999545515, 2088357.998800000175834, 0.0 ], [ 4878435.197700000368059, 2088364.933900000527501, 0.0 ], [ 4878442.306800000369549, 2088373.542700000107288, 0.0 ], [ 4878454.739199999719858, 2088383.3585, 0.0 ], [ 4878466.063500000163913, 2088393.50760000012815, 0.0 ], [ 4878478.1634, 2088403.323999999091029, 0.0 ], [ 4878491.807300000451505, 2088408.164799999445677, 0.0 ], [ 4878505.99959999974817, 2088409.247199999168515, 0.0 ], [ 4878520.626299999654293, 2088404.692700000479817, 0.0 ], [ 4878531.702499999664724, 2088398.375700000673532, 0.0 ], [ 4878535.56180000025779, 2088385.3289, 0.0 ], [ 4878537.315499999560416, 2088372.72749999910593, 0.0 ], [ 4878539.7292, 2088356.920099999755621, 0.0 ], [ 4878537.5949, 2088339.462300000712276, 0.0 ] ] ] ] } },
{ "type": "Feature", "properties": { "OBJECTID": 8, "Nodo": "Sur Oriente", "Shape_Leng": 89077.406005700002, "Shape_Length": 87148.326787122089, "Shape_Area": 115159917.24922088 }, "geometry": { "type": "MultiPolygon", "coordinates": [ [ [ [ 4875522.066800000146031, 2066786.479299999773502, 0.0 ], [ 4875616.4304, 2066710.518100000917912, 0.0 ], [ 4875634.864099999889731, 2066726.513699999079108, 0.0 ], [ 4875655.619599999859929, 2066737.974600000306964, 0.0 ], [ 4875692.443900000303984, 2066742.44789999909699, 0.0 ], [ 4875715.524500000290573, 2066751.584300000220537, 0.0 ], [ 4875771.033599999733269, 2066861.348300000652671, 0.0 ], [ 4875849.551699999719858, 2067005.446100000292063, 0.0 ], [ 4875905.028199999593198, 2067094.6546, 0.0 ], [ 4875923.034099999815226, 2067120.707699999213219, 0.0 ], [ 4876011.661399999633431, 2066922.748299999162555, 0.0 ], [ 4876045.482699999585748, 2066850.861099999397993, 0.0 ], [ 4876062.519000000320375, 2066824.31110000051558, 0.0 ], [ 4876109.318699999712408, 2066754.72440000064671, 0.0 ], [ 4876232.012000000104308, 2066569.531899999827147, 0.0 ], [ 4876287.756199999712408, 2066475.397299999371171, 0.0 ], [ 4876312.898699999786913, 2066455.686599999666214, 0.0 ], [ 4876356.667000000365078, 2066432.962799999862909, 0.0 ], [ 4876398.775500000454485, 2066412.5625, 0.0 ], [ 4876443.101599999703467, 2066391.93779999949038, 0.0 ], [ 4876489.53249999973923, 2066369.873099999502301, 0.0 ], [ 4876538.1826, 2066348.689099999144673, 0.0 ], [ 4876593.921500000171363, 2066321.968299999833107, 0.0 ], [ 4876643.900399999693036, 2066299.456199999898672, 0.0 ], [ 4876698.3114, 2066274.505799999460578, 0.0 ], [ 4876744.1875, 2066252.221200000494719, 0.0 ], [ 4876791.504300000146031, 2066229.271199999377131, 0.0 ], [ 4876833.831199999898672, 2066206.550000000745058, 0.0 ], [ 4876891.566700000315905, 2066180.047499999403954, 0.0 ], [ 4876897.328599999658763, 2066177.054700000211596, 0.0 ], [ 4876906.858099999837577, 2066172.177300000563264, 0.0 ], [ 4876918.27350000012666, 2066167.739, 0.0 ], [ 4876939.5515, 2066158.754300000146031, 0.0 ], [ 4877024.339100000448525, 2066199.512800000607967, 0.0 ], [ 4877053.5252, 2066212.7292, 0.0 ], [ 4877061.6244, 2066215.147900000214577, 0.0 ], [ 4877071.053399999625981, 2066217.012000000104308, 0.0 ], [ 4877088.690399999730289, 2066219.968499999493361, 0.0 ], [ 4877104.4391, 2066220.938699999824166, 0.0 ], [ 4877177.855100000277162, 2066222.924599999561906, 0.0 ], [ 4877199.8147, 2066224.43779999949038, 0.0 ], [ 4877212.237200000323355, 2066225.855200000107288, 0.0 ], [ 4877227.764000000432134, 2066226.715299999341369, 0.0 ], [ 4877258.772199999541044, 2066199.259800000116229, 0.0 ], [ 4877244.894999999552965, 2066189.445599999278784, 0.0 ], [ 4877215.9221, 2066170.592599999159575, 0.0 ], [ 4877199.607800000347197, 2066162.439899999648333, 0.0 ], [ 4877193.284300000406802, 2066160.902499999850988, 0.0 ], [ 4877187.737999999895692, 2066159.916500000283122, 0.0 ], [ 4877184.743300000205636, 2066159.589600000530481, 0.0 ], [ 4877180.973399999551475, 2066159.926999999210238, 0.0 ], [ 4877176.316800000146031, 2066160.597300000488758, 0.0 ], [ 4877169.333599999547005, 2066162.707900000736117, 0.0 ], [ 4877167.66509999986738, 2066159.394999999552965, 0.0 ], [ 4877160.993700000457466, 2066148.02250000089407, 0.0 ], [ 4877114.477099999785423, 2066114.940400000661612, 0.0 ], [ 4877051.993300000205636, 2066083.098899999633431, 0.0 ], [ 4877094.1705, 2066035.291500000283122, 0.0 ], [ 4877172.283300000242889, 2065990.854399999603629, 0.0 ], [ 4877359.026700000278652, 2065915.747500000521541, 0.0 ], [ 4877573.6733, 2065812.859200000762939, 0.0 ], [ 4877593.3147, 2065821.11739999987185, 0.0 ], [ 4877646.292899999767542, 2065801.585200000554323, 0.0 ], [ 4877688.0152000002563, 2065746.1535, 0.0 ], [ 4877960.028699999675155, 2065448.342800000682473, 0.0 ], [ 4878087.078300000168383, 2065279.393500000238419, 0.0 ], [ 4878128.242499999701977, 2065221.200300000607967, 0.0 ], [ 4878302.9282, 2064947.080299999564886, 0.0 ], [ 4878333.7051, 2064912.774000000208616, 0.0 ], [ 4878463.346099999733269, 2064914.343800000846386, 0.0 ], [ 4878649.481999999843538, 2064802.330399999395013, 0.0 ], [ 4878732.004800000227988, 2064885.089199999347329, 0.0 ], [ 4878739.560499999672174, 2064894.692399999126792, 0.0 ], [ 4878812.44579999987036, 2064984.428300000727177, 0.0 ], [ 4878857.9983, 2065040.057499999180436, 0.0 ], [ 4878884.55420000012964, 2065073.834000000730157, 0.0 ], [ 4878942.997399999760091, 2065147.015100000426173, 0.0 ], [ 4878969.3317, 2065181.012900000438094, 0.0 ], [ 4879001.43790000025183, 2065218.538499999791384, 0.0 ], [ 4879038.7736, 2065267.43889999948442, 0.0 ], [ 4879083.213899999856949, 2065321.08049999922514, 0.0 ], [ 4879145.77489999961108, 2065404.091, 0.0 ], [ 4879181.3235, 2065444.705700000748038, 0.0 ], [ 4879186.7648, 2065449.560000000521541, 0.0 ], [ 4879193.5356, 2065453.638699999079108, 0.0 ], [ 4879228.379599999636412, 2065468.504899999126792, 0.0 ], [ 4879253.235500000417233, 2065478.523800000548363, 0.0 ], [ 4879259.1184, 2065482.051200000569224, 0.0 ], [ 4879699.0652, 2065204.437699999660254, 0.0 ], [ 4879709.36849999986589, 2065197.791400000452995, 0.0 ], [ 4879756.45299999974668, 2065167.218499999493361, 0.0 ], [ 4879822.0384, 2065124.129699999466538, 0.0 ], [ 4879863.8087, 2065099.311599999666214, 0.0 ], [ 4879859.809299999848008, 2065094.565600000321865, 0.0 ], [ 4879850.25800000037998, 2065085.186499999836087, 0.0 ], [ 4879841.822100000455976, 2065080.005200000479817, 0.0 ], [ 4879863.5181, 2065053.780799999833107, 0.0 ], [ 4879875.3629, 2065039.838300000876188, 0.0 ], [ 4879921.7582, 2064993.352700000628829, 0.0 ], [ 4879964.073099999688566, 2064961.903100000694394, 0.0 ], [ 4880045.933899999596179, 2064901.218499999493361, 0.0 ], [ 4880070.087600000202656, 2064886.815400000661612, 0.0 ], [ 4880124.575500000268221, 2064838.328600000590086, 0.0 ], [ 4880163.633399999700487, 2064779.587400000542402, 0.0 ], [ 4880191.075400000438094, 2064739.540400000289083, 0.0 ], [ 4880204.573900000192225, 2064719.075200000777841, 0.0 ], [ 4880213.741899999789894, 2064694.859099999070168, 0.0 ], [ 4880218.6075, 2064685.679199999198318, 0.0 ], [ 4880238.73369999974966, 2064647.85359999909997, 0.0 ], [ 4880253.5537, 2064621.197699999436736, 0.0 ], [ 4880254.770700000226498, 2064619.317099999636412, 0.0 ], [ 4880256.097699999809265, 2064616.773399999365211, 0.0 ], [ 4880282.318599999882281, 2064575.844200000166893, 0.0 ], [ 4880306.771800000220537, 2064539.338199999183416, 0.0 ], [ 4880318.391699999570847, 2064523.185799999162555, 0.0 ], [ 4880342.07079999987036, 2064488.11769999936223, 0.0 ], [ 4880353.460900000296533, 2064466.661100000143051, 0.0 ], [ 4880360.756799999624491, 2064451.178400000557303, 0.0 ], [ 4880364.40500000026077, 2064443.547499999403954, 0.0 ], [ 4880373.910699999891222, 2064422.646299999207258, 0.0 ], [ 4880380.872600000351667, 2064406.279999999329448, 0.0 ], [ 4880395.13150000013411, 2064375.204500000923872, 0.0 ], [ 4880405.734899999573827, 2064346.786800000816584, 0.0 ], [ 4880420.219399999827147, 2064318.142200000584126, 0.0 ], [ 4880440.918399999849498, 2064292.361700000241399, 0.0 ], [ 4880454.539099999703467, 2064279.300699999555945, 0.0 ], [ 4880459.523, 2064274.983200000599027, 0.0 ], [ 4880460.409400000236928, 2064274.429300000891089, 0.0 ], [ 4880468.382500000298023, 2064266.791999999433756, 0.0 ], [ 4880508.64989999961108, 2064274.5779, 0.0 ], [ 4880510.978400000371039, 2064274.353399999439716, 0.0 ], [ 4880495.950000000186265, 2064236.249099999666214, 0.0 ], [ 4880491.1497, 2064215.148399999365211, 0.0 ], [ 4880488.35950000025332, 2064203.3278, 0.0 ], [ 4880483.751199999824166, 2064162.334499999880791, 0.0 ], [ 4880480.28110000025481, 2064140.900299999862909, 0.0 ], [ 4880473.92960000038147, 2064120.686000000685453, 0.0 ], [ 4880464.9134, 2064098.376000000163913, 0.0 ], [ 4880455.675200000405312, 2064075.955900000408292, 0.0 ], [ 4880444.306099999696016, 2064037.625099999830127, 0.0 ], [ 4880438.188, 2064025.146299999207258, 0.0 ], [ 4880427.500799999572337, 2063997.865800000727177, 0.0 ], [ 4880426.3756, 2063987.0373, 0.0 ], [ 4880465.065100000239909, 2063977.917099999263883, 0.0 ], [ 4880514.06290000025183, 2063965.245100000873208, 0.0 ], [ 4880506.504599999636412, 2063953.7631, 0.0 ], [ 4880532.5313, 2063930.958499999716878, 0.0 ], [ 4880554.018199999816716, 2063912.802200000733137, 0.0 ], [ 4880574.513899999670684, 2063899.178400000557303, 0.0 ], [ 4880571.8372, 2063889.125700000673532, 0.0 ], [ 4880563.2505, 2063857.421499999240041, 0.0 ], [ 4880520.4496, 2063861.1327, 0.0 ], [ 4880487.9073, 2063828.359300000593066, 0.0 ], [ 4880468.238599999807775, 2063801.865800000727177, 0.0 ], [ 4880466.785299999639392, 2063794.132099999114871, 0.0 ], [ 4880459.8147, 2063804.751800000667572, 0.0 ], [ 4880448.197499999776483, 2063822.782800000160933, 0.0 ], [ 4880407.01630000025034, 2063797.426699999719858, 0.0 ], [ 4880413.8646, 2063779.181900000199676, 0.0 ], [ 4880415.073099999688566, 2063771.665200000628829, 0.0 ], [ 4880414.841199999675155, 2063764.9243, 0.0 ], [ 4880413.056099999696016, 2063757.743599999696016, 0.0 ], [ 4880408.6036, 2063746.699100000783801, 0.0 ], [ 4880424.541299999691546, 2063725.677699999883771, 0.0 ], [ 4880417.317499999888241, 2063715.410900000482798, 0.0 ], [ 4880415.092400000430644, 2063710.662200000137091, 0.0 ], [ 4880391.282599999569356, 2063658.9781, 0.0 ], [ 4880399.589999999850988, 2063652.334899999201298, 0.0 ], [ 4880405.005199999548495, 2063639.8388, 0.0 ], [ 4880403.545599999837577, 2063627.905600000172853, 0.0 ], [ 4880401.096900000236928, 2063621.941600000485778, 0.0 ], [ 4880383.100700000301003, 2063601.523800000548363, 0.0 ], [ 4880355.087899999693036, 2063557.250399999320507, 0.0 ], [ 4880351.089800000190735, 2063553.388399999588728, 0.0 ], [ 4880334.308299999684095, 2063529.542899999767542, 0.0 ], [ 4880324.763899999670684, 2063524.80519999936223, 0.0 ], [ 4880318.877999999560416, 2063519.2884, 0.0 ], [ 4880314.9781, 2063507.0274, 0.0 ], [ 4880317.1875, 2063501.2774, 0.0 ], [ 4880320.505599999800324, 2063495.415200000628829, 0.0 ], [ 4880331.361999999731779, 2063487.663100000470877, 0.0 ], [ 4880339.784099999815226, 2063483.5614, 0.0 ], [ 4880370.379700000397861, 2063475.337600000202656, 0.0 ], [ 4880386.553600000217557, 2063463.820000000298023, 0.0 ], [ 4880406.048499999567866, 2063448.318900000303984, 0.0 ], [ 4880421.874900000169873, 2063426.966199999675155, 0.0 ], [ 4880453.746399999596179, 2063382.160800000652671, 0.0 ], [ 4880540.086199999786913, 2063274.7237, 0.0 ], [ 4880543.3975, 2063264.33049999922514, 0.0 ], [ 4880602.6705, 2063225.783399999141693, 0.0 ], [ 4880610.318900000303984, 2063223.340600000694394, 0.0 ], [ 4880664.38399999961257, 2063187.674599999561906, 0.0 ], [ 4880677.900899999774992, 2063179.144899999722838, 0.0 ], [ 4880708.369199999608099, 2063159.870200000703335, 0.0 ], [ 4880739.6173, 2063142.91499999910593, 0.0 ], [ 4880749.707999999634922, 2063142.2368, 0.0 ], [ 4880770.654, 2063132.922499999403954, 0.0 ], [ 4880774.97719999961555, 2063131.700400000438094, 0.0 ], [ 4880774.975999999791384, 2063130.926799999549985, 0.0 ], [ 4880963.932300000451505, 2063046.54450000077486, 0.0 ], [ 4880983.777200000360608, 2063042.536399999633431, 0.0 ], [ 4880974.912100000306964, 2063047.080600000917912, 0.0 ], [ 4880971.25789999961853, 2063050.732999999076128, 0.0 ], [ 4880968.935100000351667, 2063054.825400000438094, 0.0 ], [ 4880967.828499999828637, 2063056.374299999326468, 0.0 ], [ 4880965.83530000038445, 2063058.366499999538064, 0.0 ], [ 4880964.616399999707937, 2063059.031300000846386, 0.0 ], [ 4880974.3871, 2063066.863099999725819, 0.0 ], [ 4880980.1601, 2063071.053999999538064, 0.0 ], [ 4880985.270200000144541, 2063076.9035, 0.0 ], [ 4880988.716099999845028, 2063082.313500000163913, 0.0 ], [ 4880992.272699999623001, 2063087.502299999818206, 0.0 ], [ 4880996.16370000038296, 2063093.906199999153614, 0.0 ], [ 4880997.718999999575317, 2063095.782600000500679, 0.0 ], [ 4881000.05420000012964, 2063099.978499999269843, 0.0 ], [ 4881001.721300000324845, 2063102.407299999147654, 0.0 ], [ 4881005.604399999603629, 2063103.5066, 0.0 ], [ 4881007.49129999987781, 2063104.608999999240041, 0.0 ], [ 4881010.269000000320375, 2063108.141200000420213, 0.0 ], [ 4881012.049499999731779, 2063112.22749999910593, 0.0 ], [ 4881014.383500000461936, 2063115.649900000542402, 0.0 ], [ 4881016.935700000263751, 2063116.640699999406934, 0.0 ], [ 4881020.92949999962002, 2063117.6294, 0.0 ], [ 4881023.4803, 2063117.736099999397993, 0.0 ], [ 4881028.4699, 2063117.176100000739098, 0.0 ], [ 4881032.0142, 2063114.186899999156594, 0.0 ], [ 4881034.230499999597669, 2063113.078500000759959, 0.0 ], [ 4881038.441700000315905, 2063111.083000000566244, 0.0 ], [ 4881044.536299999803305, 2063107.869000000879169, 0.0 ], [ 4881050.63289999961853, 2063105.981200000271201, 0.0 ], [ 4881053.848500000312924, 2063105.644899999722838, 0.0 ], [ 4881059.061599999666214, 2063106.1897, 0.0 ], [ 4881063.942099999636412, 2063106.845499999821186, 0.0 ], [ 4881069.155899999663234, 2063107.942800000309944, 0.0 ], [ 4881075.591400000266731, 2063110.143500000238419, 0.0 ], [ 4881081.5817, 2063111.350199999287724, 0.0 ], [ 4881089.015800000168383, 2063113.991399999707937, 0.0 ], [ 4881093.785000000149012, 2063114.3158, 0.0 ], [ 4881098.111499999649823, 2063115.303999999538064, 0.0 ], [ 4881101.107200000435114, 2063116.294099999591708, 0.0 ], [ 4881104.657100000418723, 2063117.062400000169873, 0.0 ], [ 4881107.6524, 2063117.721000000834465, 0.0 ], [ 4881112.870199999772012, 2063121.470599999651313, 0.0 ], [ 4881116.979899999685585, 2063125.77449999935925, 0.0 ], [ 4881119.977099999785423, 2063127.759199999272823, 0.0 ], [ 4881123.639000000432134, 2063129.301000000908971, 0.0 ], [ 4881126.634399999864399, 2063130.07010000012815, 0.0 ], [ 4881130.516200000420213, 2063130.285299999639392, 0.0 ], [ 4881133.17879999987781, 2063130.944399999454618, 0.0 ], [ 4881135.507000000216067, 2063130.4989, 0.0 ], [ 4881136.504099999554455, 2063129.834300000220537, 0.0 ], [ 4881137.501000000163913, 2063129.059299999848008, 0.0 ], [ 4881139.16399999987334, 2063128.725199999287724, 0.0 ], [ 4881142.38150000013411, 2063129.715099999681115, 0.0 ], [ 4881144.601800000295043, 2063131.258899999782443, 0.0 ], [ 4881146.489, 2063132.582299999892712, 0.0 ], [ 4881149.263000000268221, 2063133.572699999436736, 0.0 ], [ 4881153.813299999572337, 2063135.886700000613928, 0.0 ], [ 4881155.367700000293553, 2063137.099999999627471, 0.0 ], [ 4881156.035199999809265, 2063138.535700000822544, 0.0 ], [ 4881156.59499999973923, 2063142.07120000012219, 0.0 ], [ 4881158.1502, 2063143.837099999189377, 0.0 ], [ 4881160.700199999846518, 2063143.39130000025034, 0.0 ], [ 4881162.69469999987632, 2063142.28319999948144, 0.0 ], [ 4881166.6847, 2063140.730100000277162, 0.0 ], [ 4881169.675900000147521, 2063138.625900000333786, 0.0 ], [ 4881173.000300000421703, 2063136.963199999183416, 0.0 ], [ 4881176.212299999780953, 2063134.195599999278784, 0.0 ], [ 4881178.536899999715388, 2063131.318800000473857, 0.0 ], [ 4881181.193799999542534, 2063128.220499999821186, 0.0 ], [ 4881183.5192, 2063125.896299999207258, 0.0 ], [ 4881186.396599999628961, 2063121.913599999621511, 0.0 ], [ 4881189.05420000012964, 2063119.25730000063777, 0.0 ], [ 4881191.935100000351667, 2063117.595300000160933, 0.0 ], [ 4881195.3723, 2063117.148199999704957, 0.0 ], [ 4881198.6957, 2063114.71199999935925, 0.0 ], [ 4881203.458800000138581, 2063111.057900000363588, 0.0 ], [ 4881207.555800000205636, 2063106.852399999275804, 0.0 ], [ 4881209.549999999813735, 2063105.523299999535084, 0.0 ], [ 4881212.984899999573827, 2063103.528899999335408, 0.0 ], [ 4881217.5301, 2063102.416999999433756, 0.0 ], [ 4881223.851099999621511, 2063102.2971, 0.0 ], [ 4881228.506199999712408, 2063100.521999999880791, 0.0 ], [ 4881231.388600000180304, 2063099.854599999263883, 0.0 ], [ 4881234.826299999840558, 2063099.739, 0.0 ], [ 4881239.151499999687076, 2063099.843000000342727, 0.0 ], [ 4881243.251799999736249, 2063097.847699999809265, 0.0 ], [ 4881247.2418, 2063096.294600000604987, 0.0 ], [ 4881250.456000000238419, 2063095.074200000613928, 0.0 ], [ 4881252.673499999567866, 2063094.739299999549985, 0.0 ], [ 4881256.558799999766052, 2063097.275299999862909, 0.0 ], [ 4881258.222199999727309, 2063097.27280000038445, 0.0 ], [ 4881264.205799999646842, 2063093.948599999770522, 0.0 ], [ 4881268.859299999661744, 2063091.068299999460578, 0.0 ], [ 4881273.6234, 2063088.07740000076592, 0.0 ], [ 4881275.175699999555945, 2063087.854000000283122, 0.0 ], [ 4881277.724499999545515, 2063086.634600000455976, 0.0 ], [ 4881279.496600000187755, 2063085.084799999371171, 0.0 ], [ 4881280.38219999987632, 2063083.978399999439716, 0.0 ], [ 4881280.600200000219047, 2063081.436300000175834, 0.0 ], [ 4881282.150299999862909, 2063079.7763, 0.0 ], [ 4881284.477699999697506, 2063078.778200000524521, 0.0 ], [ 4881286.584099999628961, 2063078.333000000566244, 0.0 ], [ 4881288.026200000196695, 2063078.662399999797344, 0.0 ], [ 4881290.134800000116229, 2063079.653899999335408, 0.0 ], [ 4881291.799700000323355, 2063080.645999999716878, 0.0 ], [ 4881297.342199999839067, 2063078.980100000277162, 0.0 ], [ 4881299.338200000114739, 2063078.866599999368191, 0.0 ], [ 4881302.8876, 2063079.303300000727177, 0.0 ], [ 4881305.216799999587238, 2063079.520899999886751, 0.0 ], [ 4881307.7652000002563, 2063077.969900000840425, 0.0 ], [ 4881311.1974, 2063074.207399999722838, 0.0 ], [ 4881315.6283, 2063070.774900000542402, 0.0 ], [ 4881320.1716, 2063068.4474, 0.0 ], [ 4881322.942599999718368, 2063067.448699999600649, 0.0 ], [ 4881327.0439, 2063066.116399999707937, 0.0 ], [ 4881332.364500000141561, 2063064.450799999758601, 0.0 ], [ 4881335.91260000038892, 2063064.003499999642372, 0.0 ], [ 4881337.575299999676645, 2063063.448400000110269, 0.0 ], [ 4881342.891699999570847, 2063058.909499999135733, 0.0 ], [ 4881345.108199999667704, 2063057.911599999293685, 0.0 ], [ 4881348.0981, 2063055.033900000154972, 0.0 ], [ 4881350.093299999833107, 2063054.367799999192357, 0.0 ], [ 4881352.0872, 2063052.817700000479817, 0.0 ], [ 4881355.742200000211596, 2063049.7179000005126, 0.0 ], [ 4881357.398299999535084, 2063044.74239999987185, 0.0 ], [ 4881358.169499999843538, 2063041.315300000831485, 0.0 ], [ 4881361.704400000162423, 2063032.027100000530481, 0.0 ], [ 4881362.9189, 2063028.3783, 0.0 ], [ 4881363.58, 2063025.504000000655651, 0.0 ], [ 4881365.454400000162423, 2063018.207399999722838, 0.0 ], [ 4881366.669700000435114, 2063015.111300000920892, 0.0 ], [ 4881366.7785, 2063013.674499999731779, 0.0 ], [ 4881365.999900000169873, 2063012.128499999642372, 0.0 ], [ 4881365.221099999733269, 2063010.471899999305606, 0.0 ], [ 4881365.219499999657273, 2063009.366800000891089, 0.0 ], [ 4881367.319500000216067, 2063004.611700000241399, 0.0 ], [ 4881369.419599999673665, 2062999.967000000178814, 0.0 ], [ 4881372.8498, 2062994.767799999564886, 0.0 ], [ 4881374.176400000229478, 2062992.003100000321865, 0.0 ], [ 4881377.2752, 2062987.688500000163913, 0.0 ], [ 4881379.598799999803305, 2062984.148600000888109, 0.0 ], [ 4881381.593000000342727, 2062982.819499999284744, 0.0 ], [ 4881383.808299999684095, 2062981.048000000417233, 0.0 ], [ 4881385.2467, 2062978.83559999987483, 0.0 ], [ 4881386.240199999883771, 2062975.739800000563264, 0.0 ], [ 4881388.7851, 2062971.868100000545382, 0.0 ], [ 4881391.21750000026077, 2062966.8914, 0.0 ], [ 4881392.318400000222027, 2062961.474700000137091, 0.0 ], [ 4881392.7577, 2062958.600700000301003, 0.0 ], [ 4881393.19620000012219, 2062955.174200000241399, 0.0 ], [ 4881400.1771, 2062951.29590000025928, 0.0 ], [ 4881411.923000000417233, 2062944.9792, 0.0 ], [ 4881415.576899999752641, 2062941.105900000780821, 0.0 ], [ 4881418.119199999608099, 2062935.466, 0.0 ], [ 4881437.183899999596179, 2062928.806900000199676, 0.0 ], [ 4881442.389700000174344, 2062924.489199999719858, 0.0 ], [ 4881444.379099999554455, 2062919.955199999734759, 0.0 ], [ 4881444.374800000339746, 2062917.081900000572205, 0.0 ], [ 4881443.369699999690056, 2062912.331399999558926, 0.0 ], [ 4881443.701100000180304, 2062911.44679999910295, 0.0 ], [ 4881444.586500000208616, 2062910.229800000786781, 0.0 ], [ 4881446.359000000171363, 2062909.011600000783801, 0.0 ], [ 4881448.465599999763072, 2062908.676899999380112, 0.0 ], [ 4881450.017, 2062907.901000000536442, 0.0 ], [ 4881451.789900000207126, 2062906.903699999675155, 0.0 ], [ 4881454.228400000371039, 2062906.016000000759959, 0.0 ], [ 4881454.781600000336766, 2062905.131100000813603, 0.0 ], [ 4881457.550599999725819, 2062902.806199999526143, 0.0 ], [ 4881459.655799999833107, 2062901.587500000372529, 0.0 ], [ 4881462.091699999757111, 2062898.931600000709295, 0.0 ], [ 4881463.7533, 2062897.713500000536442, 0.0 ], [ 4881466.303000000305474, 2062897.046599999070168, 0.0 ], [ 4881467.8553, 2062896.823300000280142, 0.0 ], [ 4881469.2955, 2062895.826500000432134, 0.0 ], [ 4881470.845599999651313, 2062894.166500000283122, 0.0 ], [ 4881471.731100000441074, 2062893.060100000351667, 0.0 ], [ 4881473.836900000460446, 2062892.172900000587106, 0.0 ], [ 4881475.94400000013411, 2062892.169700000435114, 0.0 ], [ 4881479.160400000400841, 2062892.386, 0.0 ], [ 4881482.486200000159442, 2062891.6074, 0.0 ], [ 4881486.142900000326335, 2062889.612800000235438, 0.0 ], [ 4881488.691700000315905, 2062888.393400000408292, 0.0 ], [ 4881491.4616, 2062886.621099999174476, 0.0 ], [ 4881496.001199999824166, 2062881.751800000667572, 0.0 ], [ 4881498.661399999633431, 2062880.863700000569224, 0.0 ], [ 4881500.6573, 2062880.639699999243021, 0.0 ], [ 4881502.6535, 2062880.636800000444055, 0.0 ], [ 4881505.203499999828637, 2062880.190899999812245, 0.0 ], [ 4881506.20160000026226, 2062880.189400000497699, 0.0 ], [ 4881508.087500000372529, 2062880.628699999302626, 0.0 ], [ 4881510.19469999987632, 2062880.736099999397993, 0.0 ], [ 4881512.412399999797344, 2062880.511800000444055, 0.0 ], [ 4881514.296699999831617, 2062879.845899999141693, 0.0 ], [ 4881516.512500000186265, 2062878.405899999663234, 0.0 ], [ 4881518.617600000463426, 2062877.0767, 0.0 ], [ 4881519.836199999786913, 2062876.1908, 0.0 ], [ 4881521.6086, 2062874.861999999731779, 0.0 ], [ 4881522.827600000426173, 2062874.307600000873208, 0.0 ], [ 4881525.821100000292063, 2062873.750600000843406, 0.0 ], [ 4881527.3733, 2062873.527300000190735, 0.0 ], [ 4881529.035500000230968, 2062872.640699999406934, 0.0 ], [ 4881531.363599999807775, 2062872.084699999541044, 0.0 ], [ 4881533.137799999676645, 2062871.9715, 0.0 ], [ 4881534.911799999885261, 2062871.747899999842048, 0.0 ], [ 4881536.352400000207126, 2062870.972100000828505, 0.0 ], [ 4881537.016099999658763, 2062869.86600000038743, 0.0 ], [ 4881538.1223, 2062867.9857, 0.0 ], [ 4881540.8898, 2062864.666200000792742, 0.0 ], [ 4881541.886099999770522, 2062863.449100000783801, 0.0 ], [ 4881543.104399999603629, 2062862.342199999839067, 0.0 ], [ 4881544.323099999688566, 2062861.566800000146031, 0.0 ], [ 4881545.431599999777973, 2062861.2336, 0.0 ], [ 4881546.761599999852479, 2062860.679099999368191, 0.0 ], [ 4881549.199, 2062859.1283, 0.0 ], [ 4881551.388399999588728, 2062839.895899999886751, 0.0 ], [ 4881554.830199999734759, 2062842.543099999427795, 0.0 ], [ 4881579.216900000348687, 2062835.10249999910593, 0.0 ], [ 4881609.703200000338256, 2062827.763499999418855, 0.0 ], [ 4881638.521300000138581, 2062817.222100000828505, 0.0 ], [ 4881642.703499999828637, 2062795.665999999269843, 0.0 ], [ 4881674.83490000013262, 2062775.947200000286102, 0.0 ], [ 4881688.333100000396371, 2062754.708799999207258, 0.0 ], [ 4881815.962100000120699, 2062594.387599999085069, 0.0 ], [ 4881746.8509, 2062280.746099999174476, 0.0 ], [ 4881670.5811, 2061776.260700000450015, 0.0 ], [ 4881312.622100000269711, 2061122.117000000551343, 0.0 ], [ 4882596.047500000335276, 2060872.456700000911951, 0.0 ], [ 4882615.560399999842048, 2060868.560200000181794, 0.0 ], [ 4881704.4797, 2059498.004100000485778, 0.0 ], [ 4881423.705400000326335, 2058769.038200000301003, 0.0 ], [ 4881545.811200000345707, 2058543.082100000232458, 0.0 ], [ 4881467.030500000342727, 2058517.1173, 0.0 ], [ 4881493.161399999633431, 2058412.865900000557303, 0.0 ], [ 4881317.72690000012517, 2058048.434399999678135, 0.0 ], [ 4881370.006099999882281, 2057926.793999999761581, 0.0 ], [ 4881273.7999, 2057892.234999999403954, 0.0 ], [ 4881098.436099999584258, 2057501.722500000149012, 0.0 ], [ 4881097.693699999712408, 2056998.119599999859929, 0.0 ], [ 4881127.467000000178814, 2056956.854699999094009, 0.0 ], [ 4881143.528099999763072, 2056943.017000000923872, 0.0 ], [ 4881169.256400000303984, 2056941.542500000447035, 0.0 ], [ 4881194.425099999643862, 2056936.642899999395013, 0.0 ], [ 4881226.454800000414252, 2056921.345100000500679, 0.0 ], [ 4881246.606200000271201, 2056898.439400000497699, 0.0 ], [ 4881267.50650000013411, 2056856.856100000441074, 0.0 ], [ 4881279.2747, 2056789.64750000089407, 0.0 ], [ 4881277.768699999898672, 2056745.997400000691414, 0.0 ], [ 4881259.5324, 2056713.644200000911951, 0.0 ], [ 4881248.279900000430644, 2056679.07039999961853, 0.0 ], [ 4881235.707499999552965, 2056652.013499999418855, 0.0 ], [ 4881230.1409, 2056637.544600000604987, 0.0 ], [ 4881233.000900000333786, 2056621.516100000590086, 0.0 ], [ 4881257.364900000393391, 2056597.278100000694394, 0.0 ], [ 4881280.954599999822676, 2056574.36739999987185, 0.0 ], [ 4881287.272199999541044, 2056571.595300000160933, 0.0 ], [ 4881304.00800000037998, 2056563.94539999961853, 0.0 ], [ 4881322.095200000330806, 2056570.218000000342727, 0.0 ], [ 4881369.61739999987185, 2056606.838199999183416, 0.0 ], [ 4881393.942599999718368, 2056631.667700000107288, 0.0 ], [ 4881408.712799999862909, 2056644.907500000670552, 0.0 ], [ 4881419.1381, 2056644.892200000584126, 0.0 ], [ 4881426.101700000464916, 2056628.857699999585748, 0.0 ], [ 4881429.5236, 2056617.8015, 0.0 ], [ 4881430.264399999752641, 2056593.598200000822544, 0.0 ], [ 4881447.170800000429153, 2056551.0263, 0.0 ], [ 4881463.867999999783933, 2056517.0746, 0.0 ], [ 4881461.034400000236928, 2056475.526200000196695, 0.0 ], [ 4881458.8854, 2056447.127800000831485, 0.0 ], [ 4881466.508500000461936, 2056427.003399999812245, 0.0 ], [ 4881481.1453, 2056424.882200000807643, 0.0 ], [ 4881504.8997, 2056438.661399999633431, 0.0 ], [ 4881534.8712, 2056456.630899999290705, 0.0 ], [ 4881558.623700000345707, 2056469.08390000090003, 0.0 ], [ 4881573.263399999588728, 2056469.062400000169873, 0.0 ], [ 4881591.32010000012815, 2056454.558900000527501, 0.0 ], [ 4881594.1793, 2056437.86739999987185, 0.0 ], [ 4881608.133399999700487, 2056424.0329, 0.0 ], [ 4881627.7933, 2056444.006799999624491, 0.0 ], [ 4881650.103000000119209, 2056455.798900000751019, 0.0 ], [ 4881680.857900000177324, 2056478.629799999296665, 0.0 ], [ 4881710.052400000393391, 2056496.268999999389052, 0.0 ], [ 4881712.049200000241399, 2056496.5976, 0.0 ], [ 4881732.024400000460446, 2056504.635700000450015, 0.0 ], [ 4881759.527099999599159, 2056503.0483, 0.0 ], [ 4881783.033599999733269, 2056499.035499999299645, 0.0 ], [ 4881806.661299999803305, 2056501.9847, 0.0 ], [ 4881835.29619999974966, 2056516.198899999260902, 0.0 ], [ 4881871.594100000336766, 2056537.474600000306964, 0.0 ], [ 4881893.5767, 2056553.135099999606609, 0.0 ], [ 4881909.433500000275671, 2056551.122700000181794, 0.0 ], [ 4881922.611399999819696, 2056537.400000000372529, 0.0 ], [ 4881930.6639, 2056507.439500000327826, 0.0 ], [ 4881942.941100000403821, 2056484.5456000007689, 0.0 ], [ 4881951.574799999594688, 2056472.81870000064373, 0.0 ], [ 4881960.891800000332296, 2056473.357699999585748, 0.0 ], [ 4881967.00719999987632, 2056483.957900000736117, 0.0 ], [ 4881984.463399999774992, 2056513.881100000813603, 0.0 ], [ 4881995.7067, 2056542.376700000837445, 0.0 ], [ 4882004.262000000104308, 2056552.973400000482798, 0.0 ], [ 4882013.1414, 2056557.60190000012517, 0.0 ], [ 4882025.332100000232458, 2056551.395400000736117, 0.0 ], [ 4882044.286899999715388, 2056544.295, 0.0 ], [ 4882056.034199999645352, 2056538.199699999764562, 0.0 ], [ 4882064.116399999707937, 2056528.573300000280142, 0.0 ], [ 4882080.951999999582767, 2056513.298100000247359, 0.0 ], [ 4882089.4962, 2056516.269500000402331, 0.0 ], [ 4882097.730200000107288, 2056534.602399999275804, 0.0 ], [ 4882104.205, 2056563.5471, 0.0 ], [ 4882113.5367, 2056574.1426, 0.0 ], [ 4882125.293700000271201, 2056574.677999999374151, 0.0 ], [ 4882137.155600000172853, 2056571.124299999326468, 0.0 ], [ 4882149.8942, 2056560.386099999770522, 0.0 ], [ 4882169.276999999769032, 2056542.565400000661612, 0.0 ], [ 4882177.3755, 2056544.100700000301003, 0.0 ], [ 4882191.2544, 2056554.689600000157952, 0.0 ], [ 4882226.5762, 2056591.217499999329448, 0.0 ], [ 4882251.902900000102818, 2056618.587500000372529, 0.0 ], [ 4882271.0926, 2056620.438200000673532, 0.0 ], [ 4882281.617600000463426, 2056612.79759999923408, 0.0 ], [ 4882303.546900000423193, 2056591.989399999380112, 0.0 ], [ 4882318.705299999564886, 2056567.323200000450015, 0.0 ], [ 4882328.118599999696016, 2056557.805500000715256, 0.0 ], [ 4882347.299999999813735, 2056554.020099999383092, 0.0 ], [ 4882359.706299999728799, 2056543.503499999642372, 0.0 ], [ 4882384.5302, 2056530.205900000408292, 0.0 ], [ 4882405.4874, 2056527.30210000090301, 0.0 ], [ 4882418.99349999986589, 2056510.374099999666214, 0.0 ], [ 4882435.2631, 2056487.14299999922514, 0.0 ], [ 4882469.612599999643862, 2056465.322200000286102, 0.0 ], [ 4882519.032800000160933, 2056434.749099999666214, 0.0 ], [ 4882568.907999999821186, 2056411.9112, 0.0 ], [ 4882593.392099999822676, 2056393.751700000837445, 0.0 ], [ 4882318.732099999673665, 2056204.9551, 0.0 ], [ 4882166.286600000225008, 2056012.886700000613928, 0.0 ], [ 4882068.952399999834597, 2055738.185699999332428, 0.0 ], [ 4881819.492499999701977, 2055340.15430000051856, 0.0 ], [ 4881265.613599999807775, 2055038.714099999517202, 0.0 ], [ 4880947.393899999558926, 2055025.47749999910593, 0.0 ], [ 4879113.5915, 2055016.1469, 0.0 ], [ 4878859.707899999804795, 2055232.357699999585748, 0.0 ], [ 4878723.736100000329316, 2054568.157600000500679, 0.0 ], [ 4878604.7785, 2054156.895999999716878, 0.0 ], [ 4878606.280799999833107, 2053900.614299999549985, 0.0 ], [ 4878448.013399999588728, 2053606.997099999338388, 0.0 ], [ 4878292.1996, 2053471.188799999654293, 0.0 ], [ 4878306.032700000330806, 2053450.5022, 0.0 ], [ 4878326.2824, 2053418.8651, 0.0 ], [ 4878343.1009, 2053391.985300000756979, 0.0 ], [ 4878372.537200000137091, 2053347.515000000596046, 0.0 ], [ 4878571.942599999718368, 2053039.549000000581145, 0.0 ], [ 4878641.6672, 2052938.436200000345707, 0.0 ], [ 4878673.536500000394881, 2052888.989499999210238, 0.0 ], [ 4878698.99309999961406, 2052853.034800000488758, 0.0 ], [ 4878713.386400000192225, 2052835.994400000199676, 0.0 ], [ 4878723.00760000012815, 2052816.971899999305606, 0.0 ], [ 4878758.754999999888241, 2052764.86710000038147, 0.0 ], [ 4878768.827600000426173, 2052751.03800000064075, 0.0 ], [ 4878783.4347, 2052728.582100000232458, 0.0 ], [ 4878795.389899999834597, 2052712.761, 0.0 ], [ 4878804.467000000178814, 2052700.812100000679493, 0.0 ], [ 4878836.2286, 2052653.354800000786781, 0.0 ], [ 4878862.682500000111759, 2052616.7357, 0.0 ], [ 4878898.2094, 2052565.294399999082088, 0.0 ], [ 4878916.691999999806285, 2052538.4123, 0.0 ], [ 4878933.292100000195205, 2052513.522299999371171, 0.0 ], [ 4878949.893199999816716, 2052489.295299999415874, 0.0 ], [ 4878985.862999999895692, 2052437.300899999216199, 0.0 ], [ 4879003.127399999648333, 2052411.636299999430776, 0.0 ], [ 4879018.401200000196695, 2052389.842599999159575, 0.0 ], [ 4879050.826299999840558, 2052340.837300000712276, 0.0 ], [ 4879078.934100000187755, 2052297.474600000306964, 0.0 ], [ 4879108.1431, 2052248.69510000012815, 0.0 ], [ 4879149.738400000147521, 2052175.584499999880791, 0.0 ], [ 4879182.3706, 2052116.522399999201298, 0.0 ], [ 4879209.246899999678135, 2052065.315199999138713, 0.0 ], [ 4879272.9117, 2051915.476199999451637, 0.0 ], [ 4878377.462100000120699, 2052189.774000000208616, 0.0 ], [ 4877982.274799999780953, 2052116.763000000268221, 0.0 ], [ 4877768.099299999885261, 2052043.482200000435114, 0.0 ], [ 4877734.985399999655783, 2052002.642000000923872, 0.0 ], [ 4877627.3997, 2051708.285800000652671, 0.0 ], [ 4877487.167100000195205, 2051463.156899999827147, 0.0 ], [ 4877322.346800000406802, 2051389.802699999883771, 0.0 ], [ 4876960.354600000195205, 2051562.08530000038445, 0.0 ], [ 4876721.367700000293553, 2051439.776100000366569, 0.0 ], [ 4876638.8092, 2051415.366900000721216, 0.0 ], [ 4876634.817599999718368, 2051416.256999999284744, 0.0 ], [ 4876482.467199999839067, 2051448.315300000831485, 0.0 ], [ 4876135.103900000452995, 2051538.910399999469519, 0.0 ], [ 4876030.063299999572337, 2051536.970200000330806, 0.0 ], [ 4875774.180800000205636, 2051537.91190000064671, 0.0 ], [ 4875623.114500000141561, 2051539.136600000783801, 0.0 ], [ 4875398.731100000441074, 2051539.478900000452995, 0.0 ], [ 4875344.3586, 2051741.91300000064075, 0.0 ], [ 4875332.529400000348687, 2051767.349300000816584, 0.0 ], [ 4875316.413200000301003, 2051818.099899999797344, 0.0 ], [ 4875303.025899999774992, 2051840.002100000157952, 0.0 ], [ 4875274.260099999606609, 2051887.346100000664592, 0.0 ], [ 4875195.791500000283122, 2051998.9748, 0.0 ], [ 4875155.144000000320375, 2051964.8882, 0.0 ], [ 4875091.3487, 2051880.332100000232458, 0.0 ], [ 4875093.993800000287592, 2051869.276699999347329, 0.0 ], [ 4875093.9819, 2051861.540699999779463, 0.0 ], [ 4875093.967000000178814, 2051851.815500000491738, 0.0 ], [ 4875095.5088, 2051844.629699999466538, 0.0 ], [ 4875100.683500000275671, 2051819.5351, 0.0 ], [ 4875101.5598, 2051812.350400000810623, 0.0 ], [ 4875095.504999999888241, 2051769.701199999079108, 0.0 ], [ 4875082.359000000171363, 2051731.925499999895692, 0.0 ], [ 4875026.0822, 2051704.383199999108911, 0.0 ], [ 4874980.244599999859929, 2051685.334499999880791, 0.0 ], [ 4874939.9457, 2051661.746300000697374, 0.0 ], [ 4874882.6853, 2051643.820299999788404, 0.0 ], [ 4874858.272599999792874, 2051636.563799999654293, 0.0 ], [ 4874816.8745, 2051619.497600000351667, 0.0 ], [ 4874820.330500000156462, 2051630.9858, 0.0 ], [ 4874822.010599999688566, 2051641.592599999159575, 0.0 ], [ 4874822.026700000278652, 2051652.091399999335408, 0.0 ], [ 4874818.724600000306964, 2051668.673599999397993, 0.0 ], [ 4874814.423499999567866, 2051684.704700000584126, 0.0 ], [ 4874812.675800000317395, 2051702.279200000688434, 0.0 ], [ 4874814.475200000219047, 2051718.411499999463558, 0.0 ], [ 4874820.519100000150502, 2051753.8772, 0.0 ], [ 4874824.6793, 2051790.561499999836087, 0.0 ], [ 4874831.491399999707937, 2051820.61089999973774, 0.0 ], [ 4874814.660799999721348, 2051839.3136, 0.0 ], [ 4874786.8602, 2051864.9956, 0.0 ], [ 4874766.584800000302494, 2051879.504100000485778, 0.0 ], [ 4874748.74210000038147, 2051889.146199999377131, 0.0 ], [ 4874735.116399999707937, 2051900.218599999323487, 0.0 ], [ 4874704.0044, 2051936.293999999761581, 0.0 ], [ 4874666.817499999888241, 2051988.955900000408292, 0.0 ], [ 4874659.956899999640882, 2051999.465299999341369, 0.0 ], [ 4874651.648699999786913, 2052006.33, 0.0 ], [ 4874640.56969999987632, 2052014.525000000372529, 0.0 ], [ 4874605.8229, 2052067.072699999436736, 0.0 ], [ 4874597.531600000336766, 2052084.8783, 0.0 ], [ 4874588.236600000411272, 2052099.148900000378489, 0.0 ], [ 4874580.593500000424683, 2052105.68099999986589, 0.0 ], [ 4874570.620699999853969, 2052111.995699999853969, 0.0 ], [ 4874556.8772, 2052118.537200000137091, 0.0 ], [ 4874554.442499999888241, 2052122.07740000076592, 0.0 ], [ 4874553.453099999576807, 2052127.8256, 0.0 ], [ 4874553.467400000430644, 2052137.108799999579787, 0.0 ], [ 4874552.696100000292063, 2052140.4254, 0.0 ], [ 4874549.483799999579787, 2052143.193199999630451, 0.0 ], [ 4874544.166000000201166, 2052147.17989999987185, 0.0 ], [ 4874528.21999999973923, 2052164.002599999308586, 0.0 ], [ 4874519.9156, 2052173.298599999397993, 0.0 ], [ 4874506.408900000154972, 2052189.564999999478459, 0.0 ], [ 4874496.107300000265241, 2052198.42200000025332, 0.0 ], [ 4874473.397900000214577, 2052216.802400000393391, 0.0 ], [ 4874435.401999999769032, 2052248.136399999260902, 0.0 ], [ 4874389.64809999987483, 2052283.35050000064075, 0.0 ], [ 4874370.143299999646842, 2052293.990000000223517, 0.0 ], [ 4874361.0559, 2052298.977099999785423, 0.0 ], [ 4874345.6502, 2052306.515799999237061, 0.0 ], [ 4874371.353199999779463, 2052359.301999999210238, 0.0 ], [ 4874422.436599999666214, 2052399.671499999240041, 0.0 ], [ 4874478.0471, 2052426.772299999371171, 0.0 ], [ 4874425.435999999754131, 2052618.485200000926852, 0.0 ], [ 4874762.74199999962002, 2052698.751499999314547, 0.0 ], [ 4874866.8926, 2052555.254499999806285, 0.0 ], [ 4874793.5159, 2052515.1402000002563, 0.0 ], [ 4874948.0483, 2052388.474600000306964, 0.0 ], [ 4874975.487800000235438, 2052416.724099999293685, 0.0 ], [ 4874988.7259, 2052442.2325, 0.0 ], [ 4874995.732900000177324, 2052454.82039999961853, 0.0 ], [ 4874989.908300000242889, 2052489.972799999639392, 0.0 ], [ 4875045.905799999833107, 2052552.658900000154972, 0.0 ], [ 4874927.6343, 2052673.742900000885129, 0.0 ], [ 4875038.197599999606609, 2052805.8585, 0.0 ], [ 4875083.986399999819696, 2052865.686799999326468, 0.0 ], [ 4875213.712600000202656, 2052764.588500000536442, 0.0 ], [ 4875293.245799999684095, 2052696.942500000819564, 0.0 ], [ 4875301.6689, 2052692.730100000277162, 0.0 ], [ 4875342.239699999801815, 2052676.974999999627471, 0.0 ], [ 4875348.361100000329316, 2052690.779799999669194, 0.0 ], [ 4875388.450400000438094, 2052722.7675, 0.0 ], [ 4875438.956299999728799, 2052748.661000000312924, 0.0 ], [ 4875466.2845, 2052704.413599999621511, 0.0 ], [ 4875486.120699999853969, 2052692.889799999073148, 0.0 ], [ 4875494.261599999852479, 2052721.7215, 0.0 ], [ 4875511.609400000423193, 2052751.202199999243021, 0.0 ], [ 4875497.205699999816716, 2052761.170499999076128, 0.0 ], [ 4875468.490500000305474, 2052768.8399, 0.0 ], [ 4875452.099499999545515, 2052784.778899999335408, 0.0 ], [ 4875429.168800000101328, 2052803.490900000557303, 0.0 ], [ 4875411.660000000149012, 2052813.795499999076128, 0.0 ], [ 4875374.516699999570847, 2052822.3619, 0.0 ], [ 4875377.254300000146031, 2052871.757500000298023, 0.0 ], [ 4875369.603400000371039, 2052873.205900000408292, 0.0 ], [ 4875318.103900000452995, 2052922.684499999508262, 0.0 ], [ 4875334.2166, 2052942.331299999728799, 0.0 ], [ 4875340.223600000143051, 2052953.815600000321865, 0.0 ], [ 4875354.56319999974221, 2052974.459699999541044, 0.0 ], [ 4875368.1294, 2052997.0943, 0.0 ], [ 4875369.804999999701977, 2053004.8277000002563, 0.0 ], [ 4875380.810499999672174, 2053021.166899999603629, 0.0 ], [ 4875391.824099999852479, 2053042.700300000607967, 0.0 ], [ 4875406.276700000278652, 2053064.780999999493361, 0.0 ], [ 4875419.838700000196695, 2053084.652699999511242, 0.0 ], [ 4875444.309100000187755, 2053057.42879999987781, 0.0 ], [ 4875446.9704, 2053056.982699999585748, 0.0 ], [ 4875459.612599999643862, 2053055.6371, 0.0 ], [ 4875486.665500000119209, 2053048.9649, 0.0 ], [ 4875515.224299999885261, 2053011.677999999374151, 0.0 ], [ 4875557.808799999766052, 2053007.302799999713898, 0.0 ], [ 4875565.348600000143051, 2053005.744100000709295, 0.0 ], [ 4875588.738800000399351, 2052997.419700000435114, 0.0 ], [ 4875603.653300000354648, 2053031.435200000181794, 0.0 ], [ 4875654.407100000418723, 2053147.065700000151992, 0.0 ], [ 4875656.087799999862909, 2053158.224999999627471, 0.0 ], [ 4875624.119, 2053286.58049999922514, 0.0 ], [ 4875624.1508, 2053307.357100000604987, 0.0 ], [ 4875625.827399999834597, 2053315.753599999472499, 0.0 ], [ 4875635.982200000435114, 2053356.0756, 0.0 ], [ 4875653.004200000315905, 2053390.198400000110269, 0.0 ], [ 4875662.350599999539554, 2053409.524000000208616, 0.0 ], [ 4875684.9145, 2053441.207000000402331, 0.0 ], [ 4875732.845700000412762, 2053524.461200000718236, 0.0 ], [ 4875771.893699999898672, 2053601.208599999547005, 0.0 ], [ 4875782.037100000306964, 2053634.126199999824166, 0.0 ], [ 4875787.105600000359118, 2053684.733799999579787, 0.0 ], [ 4875789.807699999772012, 2053711.031999999657273, 0.0 ], [ 4875787.229500000365078, 2053765.740299999713898, 0.0 ], [ 4875772.252399999648333, 2053835.829, 0.0 ], [ 4875753.74930000025779, 2053920.95299999974668, 0.0 ], [ 4875754.567599999718368, 2053948.359200000762939, 0.0 ], [ 4875760.6157, 2053986.808700000867248, 0.0 ], [ 4875778.3586, 2054057.178899999707937, 0.0 ], [ 4875813.972500000149012, 2054136.80489999987185, 0.0 ], [ 4875846.8004, 2054207.815099999308586, 0.0 ], [ 4875853.817499999888241, 2054227.144300000742078, 0.0 ], [ 4875861.059899999760091, 2054248.7939, 0.0 ], [ 4875878.0959, 2054292.199799999594688, 0.0 ], [ 4875882.7801, 2054309.101299999281764, 0.0 ], [ 4875892.480899999849498, 2054342.682600000873208, 0.0 ], [ 4875838.184100000187755, 2054375.588300000876188, 0.0 ], [ 4875809.154400000348687, 2054394.751700000837445, 0.0 ], [ 4875803.504300000146031, 2054398.959799999371171, 0.0 ], [ 4875796.190700000151992, 2054403.281099999323487, 0.0 ], [ 4875789.870699999853969, 2054404.616900000721216, 0.0 ], [ 4875775.677000000141561, 2054406.627900000661612, 0.0 ], [ 4875761.037899999879301, 2054407.534399999305606, 0.0 ], [ 4875750.057799999602139, 2054407.661800000816584, 0.0 ], [ 4875731.426599999889731, 2054409.0165, 0.0 ], [ 4875707.134800000116229, 2054407.72749999910593, 0.0 ], [ 4875681.946999999694526, 2054400.8037, 0.0 ], [ 4875617.481300000101328, 2054384.104399999603629, 0.0 ], [ 4875597.842000000178814, 2054379.050899999216199, 0.0 ], [ 4875558.1403, 2054382.316700000315905, 0.0 ], [ 4875548.2813, 2054390.288799999281764, 0.0 ], [ 4875547.843299999833107, 2054393.9364, 0.0 ], [ 4875548.300499999895692, 2054402.776900000870228, 0.0 ], [ 4875548.200899999588728, 2054410.181399999186397, 0.0 ], [ 4875548.215200000442564, 2054419.464600000530481, 0.0 ], [ 4875549.7801, 2054427.419199999421835, 0.0 ], [ 4875553.559600000269711, 2054432.939099999144673, 0.0 ], [ 4875558.229500000365078, 2054440.446900000795722, 0.0 ], [ 4875565.226099999621511, 2054446.403899999335408, 0.0 ], [ 4875587.2067, 2054459.410800000652671, 0.0 ], [ 4875614.730000000447035, 2054470.530500000342727, 0.0 ], [ 4875626.493900000117719, 2054475.154100000858307, 0.0 ], [ 4875658.227400000207126, 2054483.393999999389052, 0.0 ], [ 4875676.439899999648333, 2054498.285399999469519, 0.0 ], [ 4875680.215800000354648, 2054501.4846, 0.0 ], [ 4875687.2324, 2054520.482200000435114, 0.0 ], [ 4875689.137199999764562, 2054533.0779, 0.0 ], [ 4875696.201399999670684, 2054583.129799999296665, 0.0 ], [ 4875697.238699999637902, 2054608.656999999657273, 0.0 ], [ 4875697.849899999797344, 2054645.567700000479817, 0.0 ], [ 4875695.435600000433624, 2054662.3695, 0.0 ], [ 4875687.262299999594688, 2054684.705800000578165, 0.0 ], [ 4875683.289800000376999, 2054697.973600000143051, 0.0 ], [ 4875657.3744, 2054722.768400000408292, 0.0 ], [ 4875634.137000000104308, 2054758.058000000193715, 0.0 ], [ 4875629.513000000268221, 2054780.388900000602007, 0.0 ], [ 4875630.870900000445545, 2054797.958599999547005, 0.0 ], [ 4875581.299499999731779, 2054802.0132, 0.0 ], [ 4875545.71100000012666, 2054811.350999999791384, 0.0 ], [ 4875514.1402000002563, 2054836.817600000649691, 0.0 ], [ 4875494.885599999688566, 2054865.470300000160933, 0.0 ], [ 4875483.2648, 2054881.733799999579787, 0.0 ], [ 4875459.323200000450015, 2054891.71680000051856, 0.0 ], [ 4875437.7144, 2054904.127599999308586, 0.0 ], [ 4875430.850999999791384, 2054912.647700000554323, 0.0 ], [ 4875419.230200000107288, 2054928.911100000143051, 0.0 ], [ 4875419.027099999599159, 2054941.068, 0.0 ], [ 4875347.457299999892712, 2054920.511900000274181, 0.0 ], [ 4875264.6853, 2054899.862600000575185, 0.0 ], [ 4875260.60840000025928, 2054917.3301, 0.0 ], [ 4875253.44510000012815, 2054947.17989999987185, 0.0 ], [ 4875246.71860000025481, 2054972.6085, 0.0 ], [ 4875328.059500000439584, 2055000.222400000318885, 0.0 ], [ 4875400.068799999542534, 2055018.125399999320507, 0.0 ], [ 4875473.965900000184774, 2055037.572799999266863, 0.0 ], [ 4875476.3026, 2055042.542300000786781, 0.0 ], [ 4875504.816599999554455, 2055048.797800000756979, 0.0 ], [ 4875538.670300000347197, 2055065.5439, 0.0 ], [ 4875601.616600000299513, 2055104.237600000575185, 0.0 ], [ 4875644.024400000460446, 2055057.756699999794364, 0.0 ], [ 4875674.32660000026226, 2055072.961100000888109, 0.0 ], [ 4875711.259399999864399, 2055072.462400000542402, 0.0 ], [ 4875753.2834, 2055064.99349999986589, 0.0 ], [ 4875787.669800000265241, 2055067.482599999755621, 0.0 ], [ 4875800.58600000012666, 2055100.395899999886751, 0.0 ], [ 4875808.704699999652803, 2055114.8608, 0.0 ], [ 4875816.0422, 2055126.121999999508262, 0.0 ], [ 4875826.82799999974668, 2055144.00870000012219, 0.0 ], [ 4875830.270100000314415, 2055146.545199999585748, 0.0 ], [ 4875859.451299999840558, 2055154.0154, 0.0 ], [ 4875880.761099999770522, 2055163.708000000566244, 0.0 ], [ 4875894.536100000143051, 2055178.0537, 0.0 ], [ 4875906.215599999763072, 2055200.138599999248981, 0.0 ], [ 4875911.4369, 2055205.656300000846386, 0.0 ], [ 4875929.416500000283122, 2055213.475199999287724, 0.0 ], [ 4875947.396599999628961, 2055221.625700000673532, 0.0 ], [ 4875963.052899999544024, 2055233.205700000748038, 0.0 ], [ 4875981.148400000296533, 2055244.339800000190735, 0.0 ], [ 4876019.885800000280142, 2055263.5099, 0.0 ], [ 4876036.536299999803305, 2055272.546599999070168, 0.0 ], [ 4875998.931800000369549, 2055268.846699999645352, 0.0 ], [ 4875962.437800000421703, 2055266.139699999243021, 0.0 ], [ 4875904.508100000210106, 2055243.904699999839067, 0.0 ], [ 4875874.565000000409782, 2055245.829299999400973, 0.0 ], [ 4875866.137299999594688, 2055246.836799999698997, 0.0 ], [ 4875838.056699999608099, 2055306.115299999713898, 0.0 ], [ 4875834.192599999718368, 2055317.725199999287724, 0.0 ], [ 4875829.225200000219047, 2055333.0943, 0.0 ], [ 4875824.6146, 2055364.1557, 0.0 ], [ 4875826.087100000120699, 2055384.156500000506639, 0.0 ], [ 4875824.225700000301003, 2055399.852299999445677, 0.0 ], [ 4875819.5959, 2055418.425699999555945, 0.0 ], [ 4875813.965200000442564, 2055435.2325, 0.0 ], [ 4875804.6721, 2055450.497700000181794, 0.0 ], [ 4875798.1519, 2055465.869100000709295, 0.0 ], [ 4875792.065399999730289, 2055474.7195999994874, 0.0 ], [ 4875782.7774, 2055493.300100000575185, 0.0 ], [ 4875762.305200000293553, 2055523.501900000497699, 0.0 ], [ 4875737.176199999637902, 2055554.594799999147654, 0.0 ], [ 4875720.787200000137091, 2055571.418099999427795, 0.0 ], [ 4875704.063799999654293, 2055587.136800000444055, 0.0 ], [ 4875686.786000000312924, 2055602.96680000051856, 0.0 ], [ 4875674.160699999891222, 2055615.032199999317527, 0.0 ], [ 4875662.094399999827147, 2055629.970200000330806, 0.0 ], [ 4875661.339200000278652, 2055643.785599999129772, 0.0 ], [ 4875313.942800000309944, 2055772.405899999663234, 0.0 ], [ 4875324.509800000116229, 2055792.171599999070168, 0.0 ], [ 4875424.7187, 2055756.873800000175834, 0.0 ], [ 4875489.89879999961704, 2055733.897099999710917, 0.0 ], [ 4875502.3756, 2055769.463400000706315, 0.0 ], [ 4875431.975399999879301, 2055787.696000000461936, 0.0 ], [ 4875431.537200000137091, 2055791.233200000599027, 0.0 ], [ 4875428.3306, 2055797.647900000214577, 0.0 ], [ 4875431.666799999773502, 2055803.389499999582767, 0.0 ], [ 4875435.5543, 2055807.030500000342727, 0.0 ], [ 4875444.987300000153482, 2055810.662900000810623, 0.0 ], [ 4875452.426599999889731, 2055816.066600000485778, 0.0 ], [ 4875457.421799999661744, 2055818.82179999910295, 0.0 ], [ 4875468.960400000214577, 2055821.345899999141693, 0.0 ], [ 4875474.072200000286102, 2055827.7478, 0.0 ], [ 4875475.080699999816716, 2055834.487600000575185, 0.0 ], [ 4875482.845800000242889, 2055835.3597999997437, 0.0 ], [ 4875492.494199999608099, 2055834.792400000616908, 0.0 ], [ 4875504.471800000406802, 2055834.331900000572205, 0.0 ], [ 4875510.0131, 2055831.560499999672174, 0.0 ], [ 4875516.0022, 2055831.551300000399351, 0.0 ], [ 4875523.428299999795854, 2055828.334899999201298, 0.0 ], [ 4875530.4134, 2055826.887499999254942, 0.0 ], [ 4875542.83490000013262, 2055826.53690000064671, 0.0 ], [ 4875550.93059999961406, 2055826.082299999892712, 0.0 ], [ 4875553.2582, 2055825.084100000560284, 0.0 ], [ 4875553.5768, 2055815.911000000312924, 0.0 ], [ 4875562.107900000177324, 2055810.0406, 0.0 ], [ 4875567.211799999698997, 2055811.358899999409914, 0.0 ], [ 4875569.547899999655783, 2055815.886399999260902, 0.0 ], [ 4875570.441700000315905, 2055820.084599999710917, 0.0 ], [ 4875575.999800000339746, 2055828.254100000485778, 0.0 ], [ 4875576.449199999682605, 2055832.010800000280142, 0.0 ], [ 4875584.339999999850988, 2055842.497500000521541, 0.0 ], [ 4875589.4468, 2055845.694599999114871, 0.0 ], [ 4875600.882399999536574, 2055853.41300000064075, 0.0 ], [ 4875605.877600000239909, 2055856.168099999427795, 0.0 ], [ 4875617.536000000312924, 2055864.438799999654293, 0.0 ], [ 4875620.7566, 2055867.196699999272823, 0.0 ], [ 4875626.748499999754131, 2055868.955700000748038, 0.0 ], [ 4875632.852800000458956, 2055871.709100000560284, 0.0 ], [ 4875636.0806, 2055879.1086, 0.0 ], [ 4875635.64809999987483, 2055886.403200000524521, 0.0 ], [ 4875637.659, 2055895.793800000101328, 0.0 ], [ 4875636.114400000311434, 2055901.10080000013113, 0.0 ], [ 4875636.1256, 2055908.3947, 0.0 ], [ 4875636.137500000186265, 2055916.130699999630451, 0.0 ], [ 4875642.135099999606609, 2055921.647199999541044, 0.0 ], [ 4875645.355100000277162, 2055923.962999999523163, 0.0 ], [ 4875651.347099999897182, 2055925.832499999552965, 0.0 ], [ 4875661.886300000362098, 2055927.584599999710917, 0.0 ], [ 4875665.6573, 2055927.57880000025034, 0.0 ], [ 4875673.981800000183284, 2055931.654999999329448, 0.0 ], [ 4875679.089499999769032, 2055935.4046, 0.0 ], [ 4875688.752600000239909, 2055944.451899999752641, 0.0 ], [ 4875689.650500000454485, 2055951.412900000810623, 0.0 ], [ 4875687.3355, 2055960.589099999517202, 0.0 ], [ 4875687.3454, 2055966.9989, 0.0 ], [ 4875689.68709999974817, 2055975.1733, 0.0 ], [ 4875690.578599999658763, 2055977.934800000861287, 0.0 ], [ 4875697.125199999660254, 2055979.80350000038743, 0.0 ], [ 4875707.549200000241399, 2055978.7928, 0.0 ], [ 4875721.523900000378489, 2055978.77140000090003, 0.0 ], [ 4875736.718500000424683, 2055978.747999999672174, 0.0 ], [ 4875746.039200000464916, 2055981.496500000357628, 0.0 ], [ 4875770.7807, 2055986.984200000762939, 0.0 ], [ 4875776.883600000292063, 2055988.85359999909997, 0.0 ], [ 4875791.864400000311434, 2055994.024700000882149, 0.0 ], [ 4875810.837500000372529, 2055998.858200000599027, 0.0 ], [ 4875809.736700000241399, 2056004.275100000202656, 0.0 ], [ 4875797.308400000445545, 2056000.0945999994874, 0.0 ], [ 4875785.21169999986887, 2055995.250600000843406, 0.0 ], [ 4875770.788499999791384, 2055992.067900000140071, 0.0 ], [ 4875759.135800000280142, 2055987.444199999794364, 0.0 ], [ 4875756.398900000378489, 2056010.766799999400973, 0.0 ], [ 4875744.944899999536574, 2056063.2785, 0.0 ], [ 4875738.8827, 2056087.932499999180436, 0.0 ], [ 4875731.056200000457466, 2056119.219900000840425, 0.0 ], [ 4875721.567699999548495, 2056151.6151, 0.0 ], [ 4875711.1886, 2056181.801400000229478, 0.0 ], [ 4875701.485299999825656, 2056218.728000000119209, 0.0 ], [ 4875698.404799999669194, 2056234.97829999960959, 0.0 ], [ 4875697.203499999828637, 2056247.136600000783801, 0.0 ], [ 4875694.582399999722838, 2056273.664000000804663, 0.0 ], [ 4875692.07039999961853, 2056298.975600000470877, 0.0 ], [ 4875689.669200000353158, 2056324.1765, 0.0 ], [ 4875685.957399999722838, 2056362.641000000759959, 0.0 ], [ 4875676.2264, 2056453.608999999240041, 0.0 ], [ 4875668.574199999682605, 2056526.007400000467896, 0.0 ], [ 4875657.546500000171363, 2056567.135600000619888, 0.0 ], [ 4875635.25870000012219, 2056570.374800000339746, 0.0 ], [ 4875616.41330000013113, 2056576.371600000187755, 0.0 ], [ 4875596.240199999883771, 2056584.470200000330806, 0.0 ], [ 4875576.0345, 2056571.350099999457598, 0.0 ], [ 4875561.3849, 2056565.183900000527501, 0.0 ], [ 4875545.967899999581277, 2056564.765599999576807, 0.0 ], [ 4875531.3317, 2056567.33, 0.0 ], [ 4875522.573099999688566, 2056569.443299999460578, 0.0 ], [ 4875515.14780000038445, 2056573.101700000464916, 0.0 ], [ 4875480.217899999581277, 2056577.355000000447035, 0.0 ], [ 4875458.483099999837577, 2056579.598799999803305, 0.0 ], [ 4875440.744699999690056, 2056584.267799999564886, 0.0 ], [ 4875438.526499999687076, 2056584.271199999377131, 0.0 ], [ 4875420.002600000239909, 2056582.973600000143051, 0.0 ], [ 4875406.913099999539554, 2056581.557099999859929, 0.0 ], [ 4875391.05379999987781, 2056582.023600000888109, 0.0 ], [ 4875378.0789, 2056583.03830000013113, 0.0 ], [ 4875368.097400000318885, 2056583.274700000882149, 0.0 ], [ 4875365.764399999752641, 2056580.736500000581145, 0.0 ], [ 4875362.651100000366569, 2056575.657600000500679, 0.0 ], [ 4875358.538200000301003, 2056569.69620000012219, 0.0 ], [ 4875355.978799999691546, 2056564.174499999731779, 0.0 ], [ 4875352.1985, 2056558.102, 0.0 ], [ 4875350.862300000153482, 2056554.678099999204278, 0.0 ], [ 4875347.088499999605119, 2056552.80519999936223, 0.0 ], [ 4875342.761300000362098, 2056551.706800000742078, 0.0 ], [ 4875339.434000000357628, 2056551.711899999529123, 0.0 ], [ 4875334.333499999716878, 2056552.603900000452995, 0.0 ], [ 4875330.899299999698997, 2056555.151000000536442, 0.0 ], [ 4875326.69620000012219, 2056562.561899999156594, 0.0 ], [ 4875319.618599999696016, 2056575.94510000012815, 0.0 ], [ 4875314.32799999974668, 2056597.39299999922514, 0.0 ], [ 4875314.018899999558926, 2056612.644400000572205, 0.0 ], [ 4875314.27309999987483, 2056633.641699999570847, 0.0 ], [ 4875313.398299999535084, 2056641.71059999987483, 0.0 ], [ 4875315.204599999822676, 2056662.263399999588728, 0.0 ], [ 4875316.22759999986738, 2056678.3969, 0.0 ], [ 4875317.7922, 2056686.019899999722838, 0.0 ], [ 4875323.6864, 2056696.39919999986887, 0.0 ], [ 4875330.135200000368059, 2056706.777499999850988, 0.0 ], [ 4875340.026399999856949, 2056719.9134, 0.0 ], [ 4875352.5855, 2056737.023700000718236, 0.0 ], [ 4875361.800200000405312, 2056742.977299999445677, 0.0 ], [ 4875375.787200000137091, 2056751.023199999704957, 0.0 ], [ 4875393.1025, 2056759.727099999785423, 0.0 ], [ 4875406.308899999596179, 2056765.011399999260902, 0.0 ], [ 4875423.181699999608099, 2056774.48960000090301, 0.0 ], [ 4875421.85869999974966, 2056779.575300000607967, 0.0 ], [ 4875414.220599999651313, 2056789.091199999675155, 0.0 ], [ 4875408.687599999830127, 2056797.167300000786781, 0.0 ], [ 4875401.714499999769032, 2056806.350700000301003, 0.0 ], [ 4875396.400899999774992, 2056812.879300000146031, 0.0 ], [ 4875391.968500000424683, 2056815.427899999544024, 0.0 ], [ 4875380.768400000408292, 2056816.5504, 0.0 ], [ 4875367.341199999675155, 2056811.929500000551343, 0.0 ], [ 4875345.474100000225008, 2056800.248800000175834, 0.0 ], [ 4875327.495299999602139, 2056792.872099999338388, 0.0 ], [ 4875310.85080000013113, 2056787.593100000172853, 0.0 ], [ 4875301.522699999623001, 2056779.98200000077486, 0.0 ], [ 4875283.3103, 2056764.9803, 0.0 ], [ 4875264.0981, 2056748.874900000169873, 0.0 ], [ 4875252.21239999961108, 2056736.957699999213219, 0.0 ], [ 4875244.542100000195205, 2056725.5866, 0.0 ], [ 4875238.198300000280142, 2056711.340099999681115, 0.0 ], [ 4875233.9605, 2056696.316700000315905, 0.0 ], [ 4875230.0537, 2056680.187699999660254, 0.0 ], [ 4875226.793499999679625, 2056651.7906, 0.0 ], [ 4875221.9013, 2056643.95160000026226, 0.0 ], [ 4875212.0236, 2056639.546299999579787, 0.0 ], [ 4875197.161000000312924, 2056639.1272, 0.0 ], [ 4875181.64130000025034, 2056644.013900000602007, 0.0 ], [ 4875173.88219999987632, 2056647.009700000286102, 0.0 ], [ 4875166.019100000150502, 2056654.426300000399351, 0.0 ], [ 4875161.9254, 2056660.842499999329448, 0.0 ], [ 4875158.940600000321865, 2056667.14640000090003, 0.0 ], [ 4875154.072300000116229, 2056674.779400000348687, 0.0 ], [ 4875148.53899999987334, 2056682.634500000625849, 0.0 ], [ 4875140.342000000178814, 2056689.278000000864267, 0.0 ], [ 4875128.704300000332296, 2056694.379599999636412, 0.0 ], [ 4875122.165, 2056697.152599999681115, 0.0 ], [ 4875112.745500000193715, 2056702.250800000503659, 0.0 ], [ 4875103.218500000424683, 2056709.448999999091029, 0.0 ], [ 4875098.015800000168383, 2056715.977399999275804, 0.0 ], [ 4875096.026800000108778, 2056720.7325, 0.0 ], [ 4875093.5959, 2056726.593599999323487, 0.0 ], [ 4875093.055200000293553, 2056735.546, 0.0 ], [ 4875093.067300000227988, 2056743.3925, 0.0 ], [ 4875093.082700000144541, 2056753.3388, 0.0 ], [ 4875094.9803, 2056761.182399999350309, 0.0 ], [ 4875098.6606, 2056774.3278, 0.0 ], [ 4875095.891800000332296, 2056776.873999999836087, 0.0 ], [ 4875094.566599999554455, 2056780.523, 0.0 ], [ 4875092.255800000391901, 2056792.351600000634789, 0.0 ], [ 4875092.0488, 2056801.966600000858307, 0.0 ], [ 4875093.298600000329316, 2056821.194199999794364, 0.0 ], [ 4875097.7467, 2056828.81279999949038, 0.0 ], [ 4875104.193599999882281, 2056837.97550000064075, 0.0 ], [ 4875113.638000000268221, 2056849.012299999594688, 0.0 ], [ 4875123.639499999582767, 2056861.705900000408292, 0.0 ], [ 4875131.419499999843538, 2056872.30320000089705, 0.0 ], [ 4875147.871299999766052, 2056896.369899999350309, 0.0 ], [ 4875153.765100000426173, 2056906.417600000277162, 0.0 ], [ 4875166.3268, 2056925.185499999672174, 0.0 ], [ 4875171.221699999645352, 2056934.792700000107288, 0.0 ], [ 4875173.78110000025481, 2056940.314500000327826, 0.0 ], [ 4875175.8975, 2056946.168400000780821, 0.0 ], [ 4875179.473199999891222, 2056963.403100000694394, 0.0 ], [ 4875182.7231, 2056985.058900000527501, 0.0 ], [ 4875183.847900000400841, 2056995.22440000064671, 0.0 ], [ 4875185.311599999666214, 2057009.368000000715256, 0.0 ], [ 4875187.555700000375509, 2057026.162599999457598, 0.0 ], [ 4875191.030299999751151, 2057049.69679999910295, 0.0 ], [ 4875193.1595, 2057063.839299999177456, 0.0 ], [ 4875194.514600000344217, 2057079.530200000852346, 0.0 ], [ 4875195.971, 2057088.921700000762939, 0.0 ], [ 4875197.539099999703467, 2057098.865499999374151, 0.0 ], [ 4875199.886800000444055, 2057110.9079, 0.0 ], [ 4875199.910199999809265, 2057126.0483, 0.0 ], [ 4875201.0954, 2057175.225299999117851, 0.0 ], [ 4875203.108799999579787, 2057186.273600000888109, 0.0 ], [ 4875203.454900000244379, 2057194.893200000748038, 0.0 ], [ 4875207.13329999987036, 2057206.823000000789762, 0.0 ], [ 4875212.365399999544024, 2057219.302999999374151, 0.0 ], [ 4875217.034300000406802, 2057226.258199999108911, 0.0 ], [ 4875221.366399999707937, 2057230.561499999836087, 0.0 ], [ 4875236.239199999719858, 2057237.721999999135733, 0.0 ], [ 4875245.3383, 2057240.691800000146031, 0.0 ], [ 4875251.772099999710917, 2057241.344900000840425, 0.0 ], [ 4875269.960699999704957, 2057241.09569999948144, 0.0 ], [ 4875288.150600000284612, 2057241.620200000703335, 0.0 ], [ 4875331.862700000405312, 2057250.725299999117851, 0.0 ], [ 4875329.407999999821186, 2057241.224899999797344, 0.0 ], [ 4875423.349000000394881, 2057242.074400000274181, 0.0 ], [ 4875425.877299999818206, 2057227.482599999755621, 0.0 ], [ 4875427.868700000457466, 2057224.274599999189377, 0.0 ], [ 4875429.970700000412762, 2057220.8454, 0.0 ], [ 4875432.7369, 2057216.64159999974072, 0.0 ], [ 4875456.758899999782443, 2057187.318299999460578, 0.0 ], [ 4875502.455199999734759, 2057188.573899999260902, 0.0 ], [ 4875499.8459, 2057222.61629999987781, 0.0 ], [ 4875506.162899999879301, 2057219.5121, 0.0 ], [ 4875584.471800000406802, 2057224.254000000655651, 0.0 ], [ 4875581.942499999888241, 2057238.293099999427795, 0.0 ], [ 4875579.196899999864399, 2057255.869100000709295, 0.0 ], [ 4875577.342799999751151, 2057276.206499999389052, 0.0 ], [ 4875572.501199999824166, 2057301.079700000584126, 0.0 ], [ 4875614.197999999858439, 2057297.921, 0.0 ], [ 4875509.691499999724329, 2057565.415699999779463, 0.0 ], [ 4875489.446899999864399, 2057598.822200000286102, 0.0 ], [ 4875460.6711, 2057637.878100000321865, 0.0 ], [ 4875403.7632, 2057701.8432, 0.0 ], [ 4875358.480700000189245, 2057752.860300000756979, 0.0 ], [ 4875314.637500000186265, 2057802.217399999499321, 0.0 ], [ 4875282.532100000418723, 2057839.620899999514222, 0.0 ], [ 4875215.766200000420213, 2057911.668999999761581, 0.0 ], [ 4875177.118800000287592, 2058021.58, 0.0 ], [ 4875194.006400000303984, 2058040.672700000926852, 0.0 ], [ 4875214.542899999767542, 2058052.687000000849366, 0.0 ], [ 4875225.212100000120699, 2058066.926799999549985, 0.0 ], [ 4875242.6458, 2058080.603499999269843, 0.0 ], [ 4875256.419700000435114, 2058094.39640000090003, 0.0 ], [ 4875272.52309999987483, 2058108.517300000414252, 0.0 ], [ 4875291.733, 2058123.296399999409914, 0.0 ], [ 4875313.820899999700487, 2058134.424200000241399, 0.0 ], [ 4875338.7983, 2058149.415400000289083, 0.0 ], [ 4875373.991899999789894, 2058172.679400000721216, 0.0 ], [ 4875406.2988, 2058193.848099999129772, 0.0 ], [ 4875422.178299999795854, 2058206.643200000748038, 0.0 ], [ 4875538.715699999593198, 2058261.388399999588728, 0.0 ], [ 4875576.442300000227988, 2058273.155099999159575, 0.0 ], [ 4875599.325500000268221, 2058296.659199999645352, 0.0 ], [ 4875612.856700000353158, 2058296.969900000840425, 0.0 ], [ 4875673.007799999788404, 2058322.516200000420213, 0.0 ], [ 4875674.358199999667704, 2058335.112700000405312, 0.0 ], [ 4875708.7725, 2058356.6097999997437, 0.0 ], [ 4875702.659099999815226, 2058419.612199999392033, 0.0 ], [ 4875714.317099999636412, 2058427.882799999788404, 0.0 ], [ 4875655.739400000311434, 2058559.263900000602007, 0.0 ], [ 4875656.9655, 2058563.240499999374151, 0.0 ], [ 4875648.6711, 2058578.504300000146031, 0.0 ], [ 4875644.0554, 2058605.9189, 0.0 ], [ 4875643.5291, 2058624.1546, 0.0 ], [ 4875638.3235, 2058700.417300000786781, 0.0 ], [ 4875641.188400000333786, 2058760.090500000864267, 0.0 ], [ 4875641.802199999801815, 2058798.437899999320507, 0.0 ], [ 4875643.395899999886751, 2058824.958799999207258, 0.0 ], [ 4875645.8574, 2058838.879699999466538, 0.0 ], [ 4875659.09389999974519, 2058863.8355, 0.0 ], [ 4875665.87430000025779, 2058873.660700000822544, 0.0 ], [ 4875683.755199999548495, 2058889.768100000917912, 0.0 ], [ 4875708.289300000295043, 2058905.202099999412894, 0.0 ], [ 4875737.055800000205636, 2058932.2336, 0.0 ], [ 4875754.8416, 2058958.619000000879169, 0.0 ], [ 4875767.4309, 2058995.400699999183416, 0.0 ], [ 4875771.100700000301003, 2059001.8048, 0.0 ], [ 4875775.799200000241399, 2059027.989399999380112, 0.0 ], [ 4875776.262299999594688, 2059040.587300000712276, 0.0 ], [ 4875772.842799999751151, 2059052.638599999248981, 0.0 ], [ 4875768.767799999564886, 2059071.100700000301003, 0.0 ], [ 4875716.755400000140071, 2059144.451899999752641, 0.0 ], [ 4875714.26630000025034, 2059184.351399999111891, 0.0 ], [ 4875743.781899999827147, 2059265.533500000834465, 0.0 ], [ 4875774.61739999987185, 2059339.640699999406934, 0.0 ], [ 4875779.464800000190735, 2059390.359200000762939, 0.0 ], [ 4875748.1245, 2059491.748999999836087, 0.0 ], [ 4875739.597799999639392, 2059643.497999999672174, 0.0 ], [ 4875731.23450000025332, 2059829.063999999314547, 0.0 ], [ 4875725.824699999764562, 2059916.489, 0.0 ], [ 4875724.075000000186265, 2059932.51630000025034, 0.0 ], [ 4875721.727099999785423, 2059991.865900000557303, 0.0 ], [ 4875700.571600000374019, 2060224.199300000444055, 0.0 ], [ 4875690.957000000402331, 2060389.21169999986887, 0.0 ], [ 4875680.036100000143051, 2060712.9244, 0.0 ], [ 4875656.001199999824166, 2061232.930600000545382, 0.0 ], [ 4875649.3481, 2061304.996099999174476, 0.0 ], [ 4875645.464499999769032, 2061303.676000000908971, 0.0 ], [ 4875385.585799999535084, 2061211.358899999409914, 0.0 ], [ 4875239.779, 2061160.086400000378489, 0.0 ], [ 4874982.006699999794364, 2061068.0987, 0.0 ], [ 4874973.474899999797344, 2061073.085200000554323, 0.0 ], [ 4874966.385599999688566, 2061078.511399999260902, 0.0 ], [ 4874960.959800000302494, 2061083.935100000351667, 0.0 ], [ 4874461.085199999623001, 2060922.150699999183416, 0.0 ], [ 4874001.2736, 2060990.397399999201298, 0.0 ], [ 4874000.3514, 2060968.185399999842048, 0.0 ], [ 4874000.328099999576807, 2060953.376499999314547, 0.0 ], [ 4873998.643000000156462, 2060939.675300000235438, 0.0 ], [ 4873995.16440000012517, 2060913.930800000205636, 0.0 ], [ 4873990.138799999840558, 2060891.725299999117851, 0.0 ], [ 4873967.136300000362098, 2060792.408800000324845, 0.0 ], [ 4873959.434500000439584, 2060761.034700000658631, 0.0 ], [ 4873942.35120000038296, 2060688.011399999260902, 0.0 ], [ 4873937.306800000369549, 2060653.870300000533462, 0.0 ], [ 4873933.838999999687076, 2060634.977800000458956, 0.0 ], [ 4873933.824799999594688, 2060625.9156, 0.0 ], [ 4873933.7637, 2060587.125, 0.0 ], [ 4873940.470300000160933, 2060549.870999999344349, 0.0 ], [ 4873951.395899999886751, 2060515.5943, 0.0 ], [ 4873966.640599999576807, 2060477.3322, 0.0 ], [ 4873980.913200000301003, 2060455.648900000378489, 0.0 ], [ 4873986.876000000163913, 2060439.062300000339746, 0.0 ], [ 4874001.132500000298023, 2060407.101199999451637, 0.0 ], [ 4874027.235999999567866, 2060362.522700000554323, 0.0 ], [ 4874111.001400000415742, 2060312.438500000163913, 0.0 ], [ 4874125.375799999572337, 2060284.89780000038445, 0.0 ], [ 4874141.418100000359118, 2060260.11739999987185, 0.0 ], [ 4874157.346699999645352, 2060233.568900000303984, 0.0 ], [ 4874185.3361, 2060189.208599999547005, 0.0 ], [ 4874201.266900000162423, 2060163.986300000920892, 0.0 ], [ 4874220.745000000111759, 2060137.76380000077188, 0.0 ], [ 4874238.004200000315905, 2060110.992200000211596, 0.0 ], [ 4874245.085900000296533, 2060100.592700000852346, 0.0 ], [ 4874199.393500000238419, 2060030.26659999974072, 0.0 ], [ 4874261.865399999544024, 2059909.265699999406934, 0.0 ], [ 4874286.302000000141561, 2059862.369200000539422, 0.0 ], [ 4874302.338100000284612, 2059833.499800000339746, 0.0 ], [ 4874331.774500000290573, 2059792.342299999669194, 0.0 ], [ 4874280.318900000303984, 2059795.296299999579787, 0.0 ], [ 4874363.238199999555945, 2059700.1239, 0.0 ], [ 4874379.518799999728799, 2059685.731599999591708, 0.0 ], [ 4874364.503999999724329, 2059658.568499999120831, 0.0 ], [ 4874348.489299999549985, 2059630.301799999549985, 0.0 ], [ 4874308.8947, 2059558.63990000076592, 0.0 ], [ 4874294.2719, 2059569.3827, 0.0 ], [ 4874285.043600000441074, 2059554.588199999183416, 0.0 ], [ 4874286.6952, 2059546.960100000724196, 0.0 ], [ 4874288.340099999681115, 2059535.021999999880791, 0.0 ], [ 4874292.53830000013113, 2059524.627000000327826, 0.0 ], [ 4874298.468000000342727, 2059486.82179999910295, 0.0 ], [ 4874296.786299999803305, 2059475.2204, 0.0 ], [ 4874289.864099999889731, 2059445.834300000220537, 0.0 ], [ 4874289.806300000287592, 2059408.92259999923408, 0.0 ], [ 4874282.103000000119209, 2059376.443399999290705, 0.0 ], [ 4874270.3037, 2059348.833200000226498, 0.0 ], [ 4874162.913099999539554, 2059398.290899999439716, 0.0 ], [ 4874072.2418, 2059359.421299999579787, 0.0 ], [ 4874056.9983, 2059327.948599999770522, 0.0 ], [ 4874041.755800000391901, 2059297.138900000602007, 0.0 ], [ 4874026.515700000338256, 2059267.87639999948442, 0.0 ], [ 4874012.8301, 2059239.716600000858307, 0.0 ], [ 4873997.480899999849498, 2059211.559499999508262, 0.0 ], [ 4873983.130099999718368, 2059183.621799999848008, 0.0 ], [ 4873967.111399999819696, 2059152.923800000920892, 0.0 ], [ 4874037.908599999733269, 2059106.949300000444055, 0.0 ], [ 4874048.512199999764562, 2059079.193499999120831, 0.0 ], [ 4874072.1639, 2059026.662000000476837, 0.0 ], [ 4874086.089300000108778, 2058995.474999999627471, 0.0 ], [ 4874090.85080000013113, 2058990.715500000864267, 0.0 ], [ 4874093.485399999655783, 2058973.360500000417233, 0.0 ], [ 4874092.129800000227988, 2058957.559100000187755, 0.0 ], [ 4874085.892799999564886, 2058940.881100000813603, 0.0 ], [ 4874082.988699999637902, 2058927.73450000025332, 0.0 ], [ 4874074.2911, 2058897.798599999397993, 0.0 ], [ 4874074.2374, 2058863.539200000464916, 0.0 ], [ 4874062.799499999731779, 2058854.273900000378489, 0.0 ], [ 4874006.655399999581277, 2058838.226700000464916, 0.0 ], [ 4873967.601300000213087, 2058828.783700000494719, 0.0 ], [ 4873947.626199999824166, 2058821.189500000327826, 0.0 ], [ 4873917.467199999839067, 2058826.09940000064671, 0.0 ], [ 4873874.798700000159442, 2058845.727399999275804, 0.0 ], [ 4873857.415900000371039, 2058864.542199999094009, 0.0 ], [ 4873838.844200000166893, 2058903.25139999948442, 0.0 ], [ 4873832.1129, 2058924.922900000587106, 0.0 ], [ 4873805.2445, 2058977.128000000491738, 0.0 ], [ 4873801.602099999785423, 2058988.295700000599027, 0.0 ], [ 4873791.958100000396371, 2058991.405200000852346, 0.0 ], [ 4873749.451899999752641, 2058973.016000000759959, 0.0 ], [ 4873735.916199999861419, 2058969.832399999722838, 0.0 ], [ 4873724.280399999581277, 2058975.818399999290705, 0.0 ], [ 4873686.144600000232458, 2058915.5373, 0.0 ], [ 4873683.6996, 2058912.336200000718236, 0.0 ], [ 4873682.969100000336766, 2058941.513299999758601, 0.0 ], [ 4873673.791799999773502, 2058959.320599999278784, 0.0 ], [ 4873639.150299999862909, 2059005.349099999293685, 0.0 ], [ 4873558.835699999704957, 2059064.379799999296665, 0.0 ], [ 4873539.585900000296533, 2059094.912200000137091, 0.0 ], [ 4873507.477699999697506, 2059129.66440000012517, 0.0 ], [ 4873484.763399999588728, 2059143.403899999335408, 0.0 ], [ 4873468.6623, 2059130.941099999472499, 0.0 ], [ 4873458.426199999637902, 2059110.180500000715256, 0.0 ], [ 4873455.740299999713898, 2059094.823100000619888, 0.0 ], [ 4873450.7324, 2059084.000600000843406, 0.0 ], [ 4873443.957000000402331, 2059077.601399999111891, 0.0 ], [ 4873439.727900000289083, 2059068.324799999594688, 0.0 ], [ 4873435.818400000222027, 2059050.648600000888109, 0.0 ], [ 4873463.072499999776483, 2058891.353800000622869, 0.0 ], [ 4873489.096300000324845, 2058795.828099999576807, 0.0 ], [ 4873541.323099999688566, 2058648.098200000822544, 0.0 ], [ 4873637.2067, 2058474.218299999833107, 0.0 ], [ 4873637.015999999828637, 2058352.763000000268221, 0.0 ], [ 4873610.596300000324845, 2058196.426100000739098, 0.0 ], [ 4873549.116100000217557, 2058031.5241, 0.0 ], [ 4873400.089999999850988, 2057771.274800000712276, 0.0 ], [ 4873312.6124, 2057719.3597999997437, 0.0 ], [ 4873260.9527000002563, 2057663.962600000202656, 0.0 ], [ 4873207.5154, 2057606.689500000327826, 0.0 ], [ 4873128.77170000039041, 2057537.299499999731779, 0.0 ], [ 4873041.225200000219047, 2057441.95240000076592, 0.0 ], [ 4873014.679999999701977, 2057276.995500000193715, 0.0 ], [ 4873093.261599999852479, 2057172.656199999153614, 0.0 ], [ 4873189.172500000335276, 2057085.640799999237061, 0.0 ], [ 4873136.6321, 2056964.156999999657273, 0.0 ], [ 4873057.736100000329316, 2056868.79619999974966, 0.0 ], [ 4873013.8602, 2056756.029500000178814, 0.0 ], [ 4872961.030899999663234, 2056521.599899999797344, 0.0 ], [ 4872960.929100000299513, 2056456.838300000876188, 0.0 ], [ 4872963.701500000432134, 2056456.6129, 0.0 ], [ 4872981.561599999666214, 2056458.795199999585748, 0.0 ], [ 4872995.094200000166893, 2056459.768500000238419, 0.0 ], [ 4873004.964800000190735, 2056459.531999999657273, 0.0 ], [ 4873014.8322, 2056457.195699999108911, 0.0 ], [ 4873035.782800000160933, 2056449.868699999526143, 0.0 ], [ 4873045.645100000314415, 2056444.327500000596046, 0.0 ], [ 4873055.947300000116229, 2056436.3542, 0.0 ], [ 4873062.81319999974221, 2056429.602, 0.0 ], [ 4873070.674100000411272, 2056420.858999999240041, 0.0 ], [ 4873083.282999999821186, 2056398.625700000673532, 0.0 ], [ 4873101.012000000104308, 2056387.988500000908971, 0.0 ], [ 4873196.639499999582767, 2056331.69679999910295, 0.0 ], [ 4873229.992499999701977, 2056311.862299999222159, 0.0 ], [ 4873238.064899999648333, 2056296.488099999725819, 0.0 ], [ 4873238.35259999986738, 2056267.753799999132752, 0.0 ], [ 4873239.958700000308454, 2056231.060399999842048, 0.0 ], [ 4873239.7906, 2056194.590700000524521, 0.0 ], [ 4873233.849600000306964, 2056154.593699999153614, 0.0 ], [ 4873228.8969, 2056108.295800000429153, 0.0 ], [ 4873139.787700000219047, 2056077.933399999514222, 0.0 ], [ 4873055.117999999783933, 2056049.55350000038743, 0.0 ], [ 4872996.082100000232458, 2056029.753499999642372, 0.0 ], [ 4872966.231999999843538, 2056020.185599999502301, 0.0 ], [ 4872955.803600000217557, 2056018.433800000697374, 0.0 ], [ 4872968.298700000159442, 2055923.7029, 0.0 ], [ 4872982.182699999772012, 2055795.262700000777841, 0.0 ], [ 4872963.103400000371039, 2055793.634999999776483, 0.0 ], [ 4872932.7083, 2055790.256799999624491, 0.0 ], [ 4872902.7571, 2055786.988399999216199, 0.0 ], [ 4872872.9183, 2055784.714400000870228, 0.0 ], [ 4872854.949799999594688, 2055784.190099999308586, 0.0 ], [ 4872845.978199999779463, 2055862.559299999848008, 0.0 ], [ 4872729.25870000012219, 2055836.771800000220537, 0.0 ], [ 4872727.497000000439584, 2055844.9527000002563, 0.0 ], [ 4872718.8854, 2055870.05320000089705, 0.0 ], [ 4872717.114500000141561, 2055872.376800000667572, 0.0 ], [ 4872711.232200000435114, 2055869.844200000166893, 0.0 ], [ 4872705.79079999960959, 2055865.542600000277162, 0.0 ], [ 4872700.905500000342727, 2055862.234899999573827, 0.0 ], [ 4872690.4671, 2055854.183700000867248, 0.0 ], [ 4872680.698900000192225, 2055849.115399999544024, 0.0 ], [ 4872659.9649, 2055853.237099999561906, 0.0 ], [ 4872649.438299999572337, 2055859.552999999374151, 0.0 ], [ 4872637.583499999716878, 2055867.6393, 0.0 ], [ 4872633.494199999608099, 2055876.818499999120831, 0.0 ], [ 4872630.625300000421703, 2055886.21680000051856, 0.0 ], [ 4872629.983300000429153, 2055901.137299999594688, 0.0 ], [ 4872629.010200000368059, 2055917.052999999374151, 0.0 ], [ 4872604.085099999792874, 2055936.10080000013113, 0.0 ], [ 4872597.997499999590218, 2055944.067500000819564, 0.0 ], [ 4872595.791299999691546, 2055951.69649999961257, 0.0 ], [ 4872594.474499999545515, 2055960.650299999862909, 0.0 ], [ 4872595.151100000366569, 2055967.722200000658631, 0.0 ], [ 4872600.937599999830127, 2055979.869699999690056, 0.0 ], [ 4872609.933400000445545, 2055987.481100000441074, 0.0 ], [ 4872621.7027000002563, 2055995.530200000852346, 0.0 ], [ 4872629.701500000432134, 2056003.9167, 0.0 ], [ 4872631.9293, 2056009.991499999538064, 0.0 ], [ 4872627.620900000445545, 2056020.82880000025034, 0.0 ], [ 4872617.769500000402331, 2056033.332499999552965, 0.0 ], [ 4872606.924200000241399, 2056048.600700000301003, 0.0 ], [ 4872555.1782, 2056080.068499999120831, 0.0 ], [ 4872563.628899999894202, 2056093.648499999195337, 0.0 ], [ 4872557.2061, 2056100.068499999120831, 0.0 ], [ 4872550.003200000151992, 2056104.058399999514222, 0.0 ], [ 4872530.275899999774992, 2056113.483300000429153, 0.0 ], [ 4872504.790400000289083, 2056128.77449999935925, 0.0 ], [ 4872476.641800000332296, 2056143.296399999409914, 0.0 ], [ 4872449.046400000341237, 2056156.933299999684095, 0.0 ], [ 4872501.143699999898672, 2056207.577500000596046, 0.0 ], [ 4872575.791299999691546, 2056280.731300000101328, 0.0 ], [ 4872563.393500000238419, 2056296.112400000914931, 0.0 ], [ 4872563.208800000138581, 2056319.6524, 0.0 ], [ 4872562.7034, 2056350.818499999120831, 0.0 ], [ 4872562.750099999830127, 2056380.4364, 0.0 ], [ 4872563.35120000038296, 2056409.943, 0.0 ], [ 4872576.547500000335276, 2056408.596000000834465, 0.0 ], [ 4872583.563500000163913, 2056497.1075, 0.0 ], [ 4872620.602400000207126, 2056493.7336, 0.0 ], [ 4872647.7714, 2056491.149000000208616, 0.0 ], [ 4872712.9775, 2056485.18889999948442, 0.0 ], [ 4872763.323699999600649, 2056480.578500000759959, 0.0 ], [ 4872742.619800000451505, 2056574.106799999251962, 0.0 ], [ 4872707.970499999821186, 2056756.511099999770522, 0.0 ], [ 4872795.5318, 2056860.5888, 0.0 ], [ 4872795.75069999974221, 2056999.505699999630451, 0.0 ], [ 4872909.499900000169873, 2057112.1623, 0.0 ], [ 4872839.7774, 2057207.757099999114871, 0.0 ], [ 4872787.50899999961257, 2057329.405999999493361, 0.0 ], [ 4872787.796699999831617, 2057511.755300000309944, 0.0 ], [ 4872866.650299999862909, 2057650.5482, 0.0 ], [ 4873059.1985, 2057797.892699999734759, 0.0 ], [ 4873155.4929, 2057884.605699999257922, 0.0 ], [ 4873173.94440000038594, 2057910.437100000679493, 0.0 ], [ 4873260.644299999810755, 2058031.97749999910593, 0.0 ], [ 4873365.781999999657273, 2058170.839800000190735, 0.0 ], [ 4873400.963700000196695, 2058327.052400000393391, 0.0 ], [ 4873401.0866, 2058405.186200000345707, 0.0 ], [ 4873348.900600000284612, 2058578.8871, 0.0 ], [ 4873305.463100000284612, 2058743.954199999570847, 0.0 ], [ 4873206.512500000186265, 2058941.489700000733137, 0.0 ], [ 4873199.298999999649823, 2058938.627699999138713, 0.0 ], [ 4873092.557500000111759, 2058907.741499999538064, 0.0 ], [ 4873064.7681, 2058938.287499999627471, 0.0 ], [ 4873060.416500000283122, 2058921.7171, 0.0 ], [ 4873053.74129999987781, 2058908.57630000077188, 0.0 ], [ 4873041.843100000172853, 2058888.812999999150634, 0.0 ], [ 4873042.5855, 2058867.371899999678135, 0.0 ], [ 4873049.323800000362098, 2058850.2314, 0.0 ], [ 4873059.497600000351667, 2058831.427799999713898, 0.0 ], [ 4873061.1426, 2058819.600099999457598, 0.0 ], [ 4873015.541400000452995, 2058806.180600000545382, 0.0 ], [ 4873096.894799999892712, 2058563.81220000050962, 0.0 ], [ 4872652.1952, 2058379.181099999696016, 0.0 ], [ 4872641.5559, 2058384.1711, 0.0 ], [ 4872622.2665, 2058389.616900000721216, 0.0 ], [ 4872601.637799999676645, 2058389.759999999776483, 0.0 ], [ 4872580.803100000135601, 2058399.849899999797344, 0.0 ], [ 4872560.731499999761581, 2058401.649900000542402, 0.0 ], [ 4872539.112200000323355, 2058406.546800000593066, 0.0 ], [ 4872521.710400000214577, 2058413.3158, 0.0 ], [ 4872483.799700000323355, 2058425.864099999889731, 0.0 ], [ 4872437.293399999849498, 2058473.238299999386072, 0.0 ], [ 4872416.47690000012517, 2058494.821699999272823, 0.0 ], [ 4872405.840599999763072, 2058501.690500000491738, 0.0 ], [ 4872394.200400000438094, 2058504.913899999111891, 0.0 ], [ 4872370.020100000314415, 2058503.405099999159575, 0.0 ], [ 4872363.594399999827147, 2058507.835899999365211, 0.0 ], [ 4872358.0653, 2058518.122500000521541, 0.0 ], [ 4872361.373700000345707, 2058576.137800000607967, 0.0 ], [ 4872358.423700000159442, 2058604.213300000876188, 0.0 ], [ 4872353.006299999542534, 2058614.9419, 0.0 ], [ 4872336.5044, 2058629.666600000113249, 0.0 ], [ 4872302.709099999628961, 2058649.612999999895692, 0.0 ], [ 4872289.184000000357628, 2058653.17090000025928, 0.0 ], [ 4872265.675099999643862, 2058655.418600000441074, 0.0 ], [ 4872252.8081, 2058654.333799999207258, 0.0 ], [ 4872242.599999999627471, 2058651.476700000464916, 0.0 ], [ 4872228.9644, 2058655.255799999460578, 0.0 ], [ 4872223.5378, 2058660.237600000575185, 0.0 ], [ 4872223.770499999634922, 2058667.089199999347329, 0.0 ], [ 4872231.579, 2058695.368699999526143, 0.0 ], [ 4872237.600599999539554, 2058715.91499999910593, 0.0 ], [ 4872235.002100000157952, 2058755.704600000753999, 0.0 ], [ 4872216.009499999694526, 2058738.494400000199676, 0.0 ], [ 4872198.033200000412762, 2058732.6656, 0.0 ], [ 4872181.9403, 2058725.618200000375509, 0.0 ], [ 4872174.400600000284612, 2058726.845899999141693, 0.0 ], [ 4872171.748599999584258, 2058733.039000000804663, 0.0 ], [ 4872174.21, 2058746.517899999395013, 0.0 ], [ 4872176.669700000435114, 2058758.891699999570847, 0.0 ], [ 4872164.696899999864399, 2058762.226199999451637, 0.0 ], [ 4872123.523400000296533, 2058745.382799999788404, 0.0 ], [ 4872108.328200000338256, 2058744.854399999603629, 0.0 ], [ 4872072.9611, 2058752.757200000807643, 0.0 ], [ 4872025.852, 2058769.519999999552965, 0.0 ], [ 4872005.451399999670684, 2058773.530999999493361, 0.0 ], [ 4871967.644000000320375, 2058781.21680000051856, 0.0 ], [ 4871957.979299999773502, 2058771.285800000652671, 0.0 ], [ 4871938.772199999541044, 2058758.717599999159575, 0.0 ], [ 4871899.703499999828637, 2058740.434299999848008, 0.0 ], [ 4871892.599999999627471, 2058737.019600000232458, 0.0 ], [ 4871853.7522, 2058718.183399999514222, 0.0 ], [ 4871801.871799999848008, 2058524.753599999472499, 0.0 ], [ 4871768.836799999698997, 2058395.392799999564886, 0.0 ], [ 4871707.1244, 2058435.276699999347329, 0.0 ], [ 4871606.93790000025183, 2058482.073999999091029, 0.0 ], [ 4871576.257799999788404, 2058508.094100000336766, 0.0 ], [ 4871591.697499999776483, 2058522.76799999922514, 0.0 ], [ 4871592.60010000038892, 2058532.381400000303984, 0.0 ], [ 4871577.402700000442564, 2058530.526900000870228, 0.0 ], [ 4871551.122600000351667, 2058533.773800000548363, 0.0 ], [ 4871519.089599999599159, 2058545.981599999591708, 0.0 ], [ 4871497.372499999590218, 2058559.057099999859929, 0.0 ], [ 4871483.07079999987036, 2058562.505999999120831, 0.0 ], [ 4871466.323699999600649, 2058562.532700000330806, 0.0 ], [ 4871433.15749999973923, 2058559.601800000295043, 0.0 ], [ 4871356.1672, 2058547.1261, 0.0 ], [ 4871257.080500000156462, 2058518.661100000143051, 0.0 ], [ 4871097.8251, 2058455.148499999195337, 0.0 ], [ 4870995.059399999678135, 2058414.974999999627471, 0.0 ], [ 4870864.6699, 2058370.204199999570847, 0.0 ], [ 4870773.5636, 2058338.963999999687076, 0.0 ], [ 4870711.198599999770522, 2058317.624099999666214, 0.0 ], [ 4870629.746399999596179, 2058289.573400000110269, 0.0 ], [ 4870563.8322, 2058268.239299999549985, 0.0 ], [ 4870550.519000000320375, 2058265.718900000676513, 0.0 ], [ 4870548.325000000186265, 2058280.752599999308586, 0.0 ], [ 4870597.216400000266731, 2058337.589600000530481, 0.0 ], [ 4870614.117600000463426, 2058364.4178, 0.0 ], [ 4870622.583599999547005, 2058387.3914, 0.0 ], [ 4870602.833700000308454, 2058382.339500000700355, 0.0 ], [ 4870565.220300000160933, 2058372.7851, 0.0 ], [ 4870551.9041, 2058368.385800000280142, 0.0 ], [ 4870540.0417, 2058371.388900000602007, 0.0 ], [ 4870529.751199999824166, 2058386.324999999254942, 0.0 ], [ 4870524.0005, 2058396.612299999222159, 0.0 ], [ 4870507.934299999848008, 2058406.253000000491738, 0.0 ], [ 4870485.77280000038445, 2058418.887499999254942, 0.0 ], [ 4870468.703599999658763, 2058425.54590000025928, 0.0 ], [ 4870457.73340000025928, 2058431.6418999992311, 0.0 ], [ 4870453.3097, 2058439.495699999853969, 0.0 ], [ 4870451.442200000397861, 2058450.660800000652671, 0.0 ], [ 4870447.1919, 2058497.305299999192357, 0.0 ], [ 4870442.3301, 2058508.585799999535084, 0.0 ], [ 4870437.021200000308454, 2058517.767100000753999, 0.0 ], [ 4870436.24930000025779, 2058520.531300000846386, 0.0 ], [ 4870438.704400000162423, 2058529.92119999974966, 0.0 ], [ 4870444.479899999685585, 2058534.9956, 0.0 ], [ 4870452.903, 2058531.33500000089407, 0.0 ], [ 4870472.389499999582767, 2058510.526599999517202, 0.0 ], [ 4870496.756, 2058489.821000000461936, 0.0 ], [ 4870514.379499999806285, 2058482.940600000321865, 0.0 ], [ 4870524.92090000025928, 2058486.128599999472499, 0.0 ], [ 4870534.471300000324845, 2058493.738800000399351, 0.0 ], [ 4870573.167299999855459, 2058555.786499999463558, 0.0 ], [ 4870581.185999999754131, 2058576.439999999478459, 0.0 ], [ 4870583.791600000113249, 2058610.474700000137091, 0.0 ], [ 4870579.165300000458956, 2058630.264499999582767, 0.0 ], [ 4870559.418399999849498, 2058695.942700000479817, 0.0 ], [ 4870524.7807, 2058743.520199999213219, 0.0 ], [ 4870477.393500000238419, 2058794.212799999862909, 0.0 ], [ 4870477.746899999678135, 2058807.0320999994874, 0.0 ], [ 4870502.88289999961853, 2058850.97690000012517, 0.0 ], [ 4870522.668999999761581, 2058878.573999999091029, 0.0 ], [ 4870545.553399999625981, 2058901.745400000363588, 0.0 ], [ 4870539.900299999862909, 2058903.74379999935627, 0.0 ], [ 4870532.36629999987781, 2058908.508099999278784, 0.0 ], [ 4870530.8301, 2058918.788599999621511, 0.0 ], [ 4870538.786100000143051, 2058969.392000000923872, 0.0 ], [ 4870538.032700000330806, 2058983.649800000712276, 0.0 ], [ 4870533.7199, 2058991.503399999812245, 0.0 ], [ 4870506.239, 2059006.5778, 0.0 ], [ 4870458.295199999585748, 2059055.834599999710917, 0.0 ], [ 4870420.368800000287592, 2059127.17850000038743, 0.0 ], [ 4870411.4655, 2059176.925000000745058, 0.0 ], [ 4870384.867700000293553, 2059326.827500000596046, 0.0 ], [ 4870368.931699999608099, 2059417.034199999645352, 0.0 ], [ 4870356.6349, 2059494.415200000628829, 0.0 ], [ 4870354.339300000108778, 2059515.08530000038445, 0.0 ], [ 4870345.857800000347197, 2059551.237700000405312, 0.0 ], [ 4870313.268699999898672, 2059630.8618, 0.0 ], [ 4870302.092299999669194, 2059646.462600000202656, 0.0 ], [ 4870293.45299999974668, 2059653.549599999561906, 0.0 ], [ 4870277.277700000442564, 2059664.1853, 0.0 ], [ 4870269.887299999594688, 2059689.173800000920892, 0.0 ], [ 4870244.202200000174344, 2059717.175899999216199, 0.0 ], [ 4870237.244699999690056, 2059735.532800000160933, 0.0 ], [ 4870232.637199999764562, 2059766.816299999132752, 0.0 ], [ 4870218.36739999987185, 2059789.8267, 0.0 ], [ 4870210.525700000114739, 2059810.063799999654293, 0.0 ], [ 4870160.0932, 2059897.23200000077486, 0.0 ], [ 4870153.547899999655783, 2059896.137399999424815, 0.0 ], [ 4870137.250099999830127, 2059899.589800000190735, 0.0 ], [ 4870122.9441, 2059900.165500000119209, 0.0 ], [ 4870107.183400000445545, 2059892.786399999633431, 0.0 ], [ 4870034.83629999961704, 2059870.689899999648333, 0.0 ], [ 4870018.855700000189245, 2059864.526900000870228, 0.0 ], [ 4869980.9139, 2059857.404799999669194, 0.0 ], [ 4869920.322999999858439, 2059835.399800000712276, 0.0 ], [ 4869912.768299999646842, 2059827.3443, 0.0 ], [ 4869908.2922, 2059802.816999999806285, 0.0 ], [ 4869903.831799999810755, 2059787.9046, 0.0 ], [ 4869893.844600000418723, 2059784.494799999520183, 0.0 ], [ 4869870.66579999960959, 2059784.97440000064671, 0.0 ], [ 4869845.819299999624491, 2059782.914899999275804, 0.0 ], [ 4869854.025100000202656, 2059850.537399999797344, 0.0 ], [ 4869852.07039999961853, 2059876.180400000885129, 0.0 ], [ 4869841.470700000412762, 2059905.373800000175834, 0.0 ], [ 4869828.081600000150502, 2059992.592700000852346, 0.0 ], [ 4869819.046, 2060028.856699999421835, 0.0 ], [ 4869774.208200000226498, 2060146.07660000026226, 0.0 ], [ 4869979.9786, 2060238.244699999690056, 0.0 ], [ 4869972.901399999856949, 2060319.485500000417233, 0.0 ], [ 4869961.662700000219047, 2060433.33530000038445, 0.0 ], [ 4869947.245699999853969, 2060433.800699999555945, 0.0 ], [ 4869943.0471, 2060511.942399999126792, 0.0 ], [ 4869761.8153, 2060709.729100000113249, 0.0 ], [ 4869786.961900000460446, 2061032.948000000789762, 0.0 ], [ 4869713.258500000461936, 2061130.985300000756979, 0.0 ], [ 4869462.029299999587238, 2061317.504100000485778, 0.0 ], [ 4869452.582499999552965, 2061577.122300000861287, 0.0 ], [ 4869597.713200000114739, 2061754.374600000679493, 0.0 ], [ 4869663.11780000012368, 2061804.552799999713898, 0.0 ], [ 4869783.944199999794364, 2061836.184499999508262, 0.0 ], [ 4869918.463499999605119, 2061899.6228, 0.0 ], [ 4869985.103500000201166, 2061959.524599999189377, 0.0 ], [ 4870051.825000000186265, 2062069.600600000470877, 0.0 ], [ 4869617.982800000347197, 2062282.167099999263883, 0.0 ], [ 4869666.402300000190735, 2062593.964999999850988, 0.0 ], [ 4869691.32079999987036, 2062708.5296, 0.0 ], [ 4869707.912100000306964, 2062749.393500000238419, 0.0 ], [ 4869757.530899999663234, 2062912.876499999314547, 0.0 ], [ 4869683.640100000426173, 2063301.903999999165535, 0.0 ], [ 4869650.237800000235438, 2063289.249199999496341, 0.0 ], [ 4869625.269500000402331, 2063279.896199999377131, 0.0 ], [ 4869626.3991, 2063292.493200000375509, 0.0 ], [ 4869642.8805, 2063401.766799999400973, 0.0 ], [ 4869643.443, 2063406.628599999472499, 0.0 ], [ 4869656.576299999840558, 2063503.087799999862909, 0.0 ], [ 4869659.824500000104308, 2063522.643899999558926, 0.0 ], [ 4869676.335400000214577, 2063649.931600000709295, 0.0 ], [ 4869678.570899999700487, 2063660.64809999987483, 0.0 ], [ 4869682.261800000444055, 2063679.650800000876188, 0.0 ], [ 4869682.373599999584258, 2063680.203199999406934, 0.0 ], [ 4869650.533300000242889, 2063673.182299999520183, 0.0 ], [ 4869650.425499999895692, 2063675.061300000175834, 0.0 ], [ 4869658.577200000174344, 2063709.1974, 0.0 ], [ 4869657.1403, 2063712.183700000867248, 0.0 ], [ 4869657.5839, 2063712.183000000193715, 0.0 ], [ 4869632.861399999819696, 2063717.417700000107288, 0.0 ], [ 4869632.4178, 2063717.418500000610948, 0.0 ], [ 4869634.957499999552965, 2063710.672800000756979, 0.0 ], [ 4869634.817699999548495, 2063692.990399999544024, 0.0 ], [ 4869635.134100000374019, 2063683.043500000610948, 0.0 ], [ 4869607.069500000216067, 2063679.1108, 0.0 ], [ 4869606.072800000198185, 2063679.996600000187755, 0.0 ], [ 4869602.451999999582767, 2063703.763499999418855, 0.0 ], [ 4869603.343299999833107, 2063706.303899999707937, 0.0 ], [ 4869601.90610000025481, 2063709.069199999794364, 0.0 ], [ 4869596.848799999803305, 2063736.043500000610948, 0.0 ], [ 4869591.135200000368059, 2063768.544600000604987, 0.0 ], [ 4869597.138299999758601, 2063777.3761, 0.0 ], [ 4869597.581899999640882, 2063777.375399999320507, 0.0 ], [ 4869573.437300000339746, 2063796.865800000727177, 0.0 ], [ 4869551.0647, 2063814.916600000113249, 0.0 ], [ 4869538.32880000025034, 2063825.768100000917912, 0.0 ], [ 4869520.273400000296533, 2063838.949100000783801, 0.0 ], [ 4869495.904500000178814, 2063856.892699999734759, 0.0 ], [ 4869475.9649, 2063870.739900000393391, 0.0 ], [ 4869461.455900000408292, 2063882.367900000885129, 0.0 ], [ 4869441.63190000038594, 2063899.088400000706315, 0.0 ], [ 4869422.583200000226498, 2063915.144500000402331, 0.0 ], [ 4869397.678999999538064, 2063944.80379999987781, 0.0 ], [ 4869378.035299999639392, 2063936.215700000524521, 0.0 ], [ 4869369.5981, 2063930.924799999222159, 0.0 ], [ 4869351.395399999804795, 2063921.892300000414252, 0.0 ], [ 4869343.619599999859929, 2063914.168999999761581, 0.0 ], [ 4869341.177199999801815, 2063912.625700000673532, 0.0 ], [ 4869318.750300000421703, 2063897.521800000220537, 0.0 ], [ 4869314.310600000433624, 2063895.318800000473857, 0.0 ], [ 4869308.08530000038445, 2063886.26659999974072, 0.0 ], [ 4869284.439500000327826, 2063871.8278, 0.0 ], [ 4869269.0142, 2063865.774700000882149, 0.0 ], [ 4869259.477400000207126, 2063866.2325, 0.0 ], [ 4869249.045800000429153, 2063862.050000000745058, 0.0 ], [ 4869236.7319, 2063859.749399999156594, 0.0 ], [ 4869227.0888, 2063862.970200000330806, 0.0 ], [ 4869211.6354, 2063907.312699999660254, 0.0 ], [ 4869210.3235, 2063918.808499999344349, 0.0 ], [ 4869206.606599999591708, 2063951.527499999850988, 0.0 ], [ 4869193.190499999560416, 2064020.843399999663234, 0.0 ], [ 4869188.676799999549985, 2064041.075300000607967, 0.0 ], [ 4869186.700000000186265, 2064052.903799999505281, 0.0 ], [ 4869181.528900000266731, 2064077.999600000679493, 0.0 ], [ 4869176.579599999822676, 2064103.094900000840425, 0.0 ], [ 4869171.410000000149012, 2064129.074799999594688, 0.0 ], [ 4869169.427000000141561, 2064137.1458, 0.0 ], [ 4869166.802799999713898, 2064159.916500000283122, 0.0 ], [ 4869166.587899999693036, 2064164.116499999538064, 0.0 ], [ 4869161.862599999643862, 2064190.537699999287724, 0.0 ], [ 4869163.8734, 2064199.375700000673532, 0.0 ], [ 4869160.1327, 2064217.61710000038147, 0.0 ], [ 4869161.806599999777973, 2064223.913699999451637, 0.0 ], [ 4869158.864099999889731, 2064255.41579999960959, 0.0 ], [ 4869154.110399999655783, 2064264.5965, 0.0 ], [ 4869152.1244, 2064270.788699999451637, 0.0 ], [ 4869151.581899999640882, 2064278.083599999547005, 0.0 ], [ 4869155.595099999569356, 2064290.675899999216199, 0.0 ], [ 4869153.5285, 2064315.324500000104308, 0.0 ], [ 4869153.0932, 2064320.409, 0.0 ], [ 4869152.457499999552965, 2064338.424200000241399, 0.0 ], [ 4869152.032999999821186, 2064350.029100000858307, 0.0 ], [ 4869150.2856, 2064366.498999999836087, 0.0 ], [ 4869148.53760000038892, 2064382.526699999347329, 0.0 ], [ 4869144.467400000430644, 2064402.647399999201298, 0.0 ], [ 4869142.707899999804795, 2064411.7127, 0.0 ], [ 4869139.855700000189245, 2064430.726199999451637, 0.0 ], [ 4869137.441800000146031, 2064446.423499999567866, 0.0 ], [ 4869135.1414, 2064463.778400000184774, 0.0 ], [ 4869132.949900000356138, 2064479.917400000616908, 0.0 ], [ 4869130.426300000399351, 2064496.388499999418855, 0.0 ], [ 4869128.455400000326335, 2064511.753599999472499, 0.0 ], [ 4869119.964599999599159, 2064541.275499999523163, 0.0 ], [ 4869114.797399999573827, 2064568.692099999636412, 0.0 ], [ 4869110.286899999715388, 2064590.802799999713898, 0.0 ], [ 4869105.016699999570847, 2064622.971799999475479, 0.0 ], [ 4869105.0165, 2064622.86119999922812, 0.0 ], [ 4869104.352900000289083, 2064623.967499999329448, 0.0 ], [ 4869104.137799999676645, 2064628.057, 0.0 ], [ 4869104.028400000184774, 2064628.941299999132752, 0.0 ], [ 4869102.847799999639392, 2064652.814799999818206, 0.0 ], [ 4869102.189899999648333, 2064657.347100000828505, 0.0 ], [ 4869101.537200000137091, 2064665.084300000220537, 0.0 ], [ 4869098.905299999751151, 2064683.102800000458956, 0.0 ], [ 4869097.585, 2064689.51490000076592, 0.0 ], [ 4869094.64130000025034, 2064720.2434, 0.0 ], [ 4869091.261300000362098, 2064755.393200000748038, 0.0 ], [ 4869091.3777, 2064758.708499999716878, 0.0 ], [ 4869088.4309, 2064787.558199999853969, 0.0 ], [ 4869087.660799999721348, 2064791.316999999806285, 0.0 ], [ 4869084.170800000429153, 2064827.019600000232458, 0.0 ], [ 4869080.671699999831617, 2064857.196399999782443, 0.0 ], [ 4869079.273299999535084, 2064883.501599999144673, 0.0 ], [ 4869078.074199999682605, 2064896.10249999910593, 0.0 ], [ 4869076.087500000372529, 2064901.852600000798702, 0.0 ], [ 4869076.54839999973774, 2064912.3509, 0.0 ], [ 4869076.2209, 2064915.556399999186397, 0.0 ], [ 4869073.50690000038594, 2064951.036699999123812, 0.0 ], [ 4869068.4518, 2064979.11629999987781, 0.0 ], [ 4869056.519399999640882, 2065006.323000000789762, 0.0 ], [ 4869056.190399999730289, 2065008.533900000154972, 0.0 ], [ 4869055.858799999579787, 2065009.197499999776483, 0.0 ], [ 4869054.982300000265241, 2065015.719399999827147, 0.0 ], [ 4869051.2511, 2065039.597200000658631, 0.0 ], [ 4869044.189600000157952, 2065061.491100000217557, 0.0 ], [ 4869041.3136, 2065066.027000000700355, 0.0 ], [ 4869025.339700000360608, 2065063.400900000706315, 0.0 ], [ 4869023.904199999757111, 2065067.160900000482798, 0.0 ], [ 4869022.795, 2065067.052200000733137, 0.0 ], [ 4869014.846300000324845, 2065088.947599999606609, 0.0 ], [ 4869015.900000000372529, 2065122.653400000184774, 0.0 ], [ 4869016.34360000025481, 2065122.652699999511242, 0.0 ], [ 4869012.846199999563396, 2065153.824100000783801, 0.0 ], [ 4869010.7823, 2065180.019899999722838, 0.0 ], [ 4868986.557, 2065217.4145, 0.0 ], [ 4868975.729799999855459, 2065242.298599999397993, 0.0 ], [ 4868970.579400000162423, 2065279.772199999541044, 0.0 ], [ 4868967.706799999810755, 2065286.297399999573827, 0.0 ], [ 4868951.216199999675155, 2065373.743300000205636, 0.0 ], [ 4868943.340099999681115, 2065372.430099999532104, 0.0 ], [ 4868922.707499999552965, 2065369.259199999272823, 0.0 ], [ 4868918.169200000353158, 2065374.460999999195337, 0.0 ], [ 4868903.667899999767542, 2065390.509800000116229, 0.0 ], [ 4868886.621899999678135, 2065410.209899999201298, 0.0 ], [ 4868874.143699999898672, 2065442.6119, 0.0 ], [ 4868856.236100000329316, 2065477.785800000652671, 0.0 ], [ 4868853.0186, 2065476.906999999657273, 0.0 ], [ 4868856.125199999660254, 2065477.786000000312924, 0.0 ], [ 4868855.904500000178814, 2065478.449500000104308, 0.0 ], [ 4868865.004099999554455, 2065481.970899999141693, 0.0 ], [ 4869073.6074, 2065549.925699999555945, 0.0 ], [ 4869137.730600000359118, 2065564.076500000432134, 0.0 ], [ 4869177.79619999974966, 2065582.7983, 0.0 ], [ 4869218.309999999590218, 2065604.392699999734759, 0.0 ], [ 4869261.921900000423193, 2065621.671900000423193, 0.0 ], [ 4869278.73450000025332, 2065662.20380000025034, 0.0 ], [ 4869309.702100000344217, 2065678.398700000718236, 0.0 ], [ 4869317.783300000242889, 2065736.959100000560284, 0.0 ], [ 4869321.00899999961257, 2065810.11570000089705, 0.0 ], [ 4869320.5631, 2065875.984200000762939, 0.0 ], [ 4869313.6902, 2065944.957800000905991, 0.0 ], [ 4869299.387900000438094, 2066081.690300000831485, 0.0 ], [ 4869358.6074, 2066081.482100000604987, 0.0 ], [ 4869424.4819, 2066081.926200000569224, 0.0 ], [ 4869427.143400000408292, 2066081.921800000593066, 0.0 ], [ 4869430.9134, 2066081.584000000730157, 0.0 ], [ 4869502.5504, 2066079.476700000464916, 0.0 ], [ 4869547.458200000226498, 2066075.755799999460578, 0.0 ], [ 4869600.78969999961555, 2066069.257999999448657, 0.0 ], [ 4869641.921299999579787, 2066062.1173, 0.0 ], [ 4869681.722299999557436, 2066055.089400000870228, 0.0 ], [ 4869712.879099999554455, 2066051.612099999561906, 0.0 ], [ 4869760.114400000311434, 2066047.113800000399351, 0.0 ], [ 4869808.7895, 2066041.39750000089407, 0.0 ], [ 4869837.059100000187755, 2066035.604299999773502, 0.0 ], [ 4869860.878200000151992, 2066020.977, 0.0 ], [ 4869978.055700000375509, 2065995.2555, 0.0 ], [ 4869999.453599999658763, 2065991.904899999499321, 0.0 ], [ 4870016.288599999621511, 2065978.72580000013113, 0.0 ], [ 4870026.255099999718368, 2065969.978700000792742, 0.0 ], [ 4870052.418600000441074, 2065964.741599999368191, 0.0 ], [ 4870082.2467, 2065962.5929000005126, 0.0 ], [ 4870113.402099999599159, 2065958.231699999421835, 0.0 ], [ 4870245.898400000296533, 2065941.547800000756979, 0.0 ], [ 4870278.623700000345707, 2065947.793700000271201, 0.0 ], [ 4870289.3794, 2065946.8918999992311, 0.0 ], [ 4870347.914099999703467, 2065934.860400000587106, 0.0 ], [ 4870391.492999999783933, 2065932.357799999415874, 0.0 ], [ 4870497.1782, 2065931.743100000545382, 0.0 ], [ 4870529.565700000151992, 2065934.895099999383092, 0.0 ], [ 4870558.065999999642372, 2065934.517000000923872, 0.0 ], [ 4870595.6705, 2065940.644500000402331, 0.0 ], [ 4870628.511599999852479, 2065949.9847999997437, 0.0 ], [ 4870633.6113, 2065948.981799999251962, 0.0 ], [ 4870703.462500000372529, 2065939.91609999909997, 0.0 ], [ 4871089.721199999563396, 2065940.060699999332428, 0.0 ], [ 4871089.839300000108778, 2065944.481100000441074, 0.0 ], [ 4871090.2906, 2065949.232599999755621, 0.0 ], [ 4871091.074699999764562, 2065953.9835, 0.0 ], [ 4871091.410400000400841, 2065955.861700000241399, 0.0 ], [ 4871223.173700000159442, 2065965.925499999895692, 0.0 ], [ 4871427.695000000298023, 2065981.507799999788404, 0.0 ], [ 4871449.301400000229478, 2065969.979100000113249, 0.0 ], [ 4871580.731800000183284, 2065980.044099999591708, 0.0 ], [ 4871674.563, 2065987.18610000051558, 0.0 ], [ 4871726.469700000248849, 2065991.191199999302626, 0.0 ], [ 4871770.501299999654293, 2065994.435399999842048, 0.0 ], [ 4871821.188, 2065998.332000000402331, 0.0 ], [ 4871878.750900000333786, 2066002.659600000828505, 0.0 ], [ 4871902.829199999570847, 2066011.019899999722838, 0.0 ], [ 4871930.786999999545515, 2066018.15819999948144, 0.0 ], [ 4871946.7571, 2066018.685000000521541, 0.0 ], [ 4871993.55350000038743, 2066017.172700000926852, 0.0 ], [ 4872021.715400000102818, 2066013.369699999690056, 0.0 ], [ 4872056.635599999688566, 2066005.577199999243021, 0.0 ], [ 4872076.035500000230968, 2066001.12529999949038, 0.0 ], [ 4872130.668800000101328, 2065976.7237, 0.0 ], [ 4872213.33, 2065934.263000000268221, 0.0 ], [ 4872222.0861, 2065931.265000000596046, 0.0 ], [ 4872231.50719999987632, 2065928.0449, 0.0 ], [ 4872270.632799999788404, 2065914.83049999922514, 0.0 ], [ 4872278.391699999570847, 2065912.386600000783801, 0.0 ], [ 4872305.111499999649823, 2065908.254499999806285, 0.0 ], [ 4872337.49170000012964, 2065907.097200000658631, 0.0 ], [ 4872367.543700000271201, 2065906.2752, 0.0 ], [ 4872398.814799999818206, 2065905.009199999272823, 0.0 ], [ 4872436.2955, 2065903.291200000792742, 0.0 ], [ 4872481.759200000204146, 2065900.565700000151992, 0.0 ], [ 4872509.3673, 2065897.205800000578165, 0.0 ], [ 4872544.070000000298023, 2065892.066299999132752, 0.0 ], [ 4872565.581799999810755, 2065890.595000000670552, 0.0 ], [ 4872648.8443, 2065877.088899999856949, 0.0 ], [ 4872674.23340000025928, 2065873.069599999114871, 0.0 ], [ 4872769.1327, 2065854.903300000354648, 0.0 ], [ 4872776.5614, 2065854.007200000807643, 0.0 ], [ 4872801.177400000393391, 2065851.978499999269843, 0.0 ], [ 4872834.11710000038147, 2065853.914899999275804, 0.0 ], [ 4872872.601300000213087, 2065855.621400000527501, 0.0 ], [ 4872901.5482, 2065857.232699999585748, 0.0 ], [ 4872903.534300000406802, 2065850.93019999936223, 0.0 ], [ 4872978.950299999676645, 2065854.456299999728799, 0.0 ], [ 4872989.26549999974668, 2065855.545, 0.0 ], [ 4873010.894000000320375, 2065857.720599999651313, 0.0 ], [ 4873009.378600000403821, 2065880.931199999526143, 0.0 ], [ 4873067.162100000306964, 2065884.596200000494719, 0.0 ], [ 4873101.775899999774992, 2065893.161000000312924, 0.0 ], [ 4873154.576000000350177, 2065901.254599999636412, 0.0 ], [ 4873221.5751, 2065911.86739999987185, 0.0 ], [ 4873266.942200000397861, 2065918.204800000414252, 0.0 ], [ 4873298.995400000363588, 2065920.584899999201298, 0.0 ], [ 4873336.151200000196695, 2065923.841, 0.0 ], [ 4873368.2023, 2065924.894899999722838, 0.0 ], [ 4873410.5641, 2065924.274700000882149, 0.0 ], [ 4873438.730499999597669, 2065923.345599999651313, 0.0 ], [ 4873458.133399999700487, 2065920.77280000038445, 0.0 ], [ 4873536.409099999815226, 2065909.596400000154972, 0.0 ], [ 4873539.2796, 2065901.52419999986887, 0.0 ], [ 4873543.041299999691546, 2065895.99239999987185, 0.0 ], [ 4873639.057, 2065882.577600000426173, 0.0 ], [ 4873670.9019, 2065893.467800000682473, 0.0 ], [ 4873685.100399999879301, 2065895.766000000759959, 0.0 ], [ 4873725.3662, 2065902.111700000241399, 0.0 ], [ 4873769.270700000226498, 2065895.3004, 0.0 ], [ 4873815.142400000244379, 2065870.361500000581145, 0.0 ], [ 4873988.9101, 2066144.16190000064671, 0.0 ], [ 4874148.426400000229478, 2066382.951899999752641, 0.0 ], [ 4874266.039300000295043, 2066562.1305, 0.0 ], [ 4874456.790500000119209, 2066848.060900000855327, 0.0 ], [ 4874507.374699999578297, 2066927.882799999788404, 0.0 ], [ 4874745.588100000284612, 2067284.246400000527501, 0.0 ], [ 4874787.38219999987632, 2067345.847400000318885, 0.0 ], [ 4874842.75829999987036, 2067370.8465, 0.0 ], [ 4874872.71, 2067377.20890000090003, 0.0 ], [ 4874887.878899999894202, 2067362.2654, 0.0 ], [ 4874940.371299999766052, 2067316.871400000527501, 0.0 ], [ 4874988.313299999572337, 2067269.163799999281764, 0.0 ], [ 4875023.626299999654293, 2067229.65430000051856, 0.0 ], [ 4875059.164900000207126, 2067192.465299999341369, 0.0 ], [ 4875126.148, 2067123.840500000864267, 0.0 ], [ 4875197.780799999833107, 2067050.124900000169873, 0.0 ], [ 4875256.900500000454485, 2066987.812000000849366, 0.0 ], [ 4875313.1425, 2066928.929700000211596, 0.0 ], [ 4875349.800200000405312, 2066898.0384, 0.0 ], [ 4875389.902200000360608, 2066871.341299999505281, 0.0 ], [ 4875461.911799999885261, 2066825.364499999210238, 0.0 ], [ 4875508.994400000199676, 2066794.898900000378489, 0.0 ], [ 4875522.066800000146031, 2066786.479299999773502, 0.0 ] ], [ [ 4875680.105399999767542, 2060829.0746, 0.0 ], [ 4875680.3322, 2060832.279200000688434, 0.0 ], [ 4875675.7845, 2060831.844200000166893, 0.0 ], [ 4875676.2237, 2060828.970100000500679, 0.0 ], [ 4875680.105399999767542, 2060829.0746, 0.0 ] ] ] ] } },
{ "type": "Feature", "properties": { "OBJECTID": 9, "Nodo": "Toberín", "Shape_Leng": 58784.585627, "Shape_Length": 58761.9008444883, "Shape_Area": 95969872.752236024 }, "geometry": { "type": "MultiPolygon", "coordinates": [ [ [ [ 4881315.103799999691546, 2091626.700400000438094, 0.0 ], [ 4881319.085099999792874, 2091620.615900000557303, 0.0 ], [ 4881324.406999999657273, 2091621.049599999561906, 0.0 ], [ 4881333.498999999836087, 2091622.1404, 0.0 ], [ 4881343.700899999588728, 2091624.003100000321865, 0.0 ], [ 4881355.2308, 2091624.426999999210238, 0.0 ], [ 4881366.428100000135601, 2091624.851500000804663, 0.0 ], [ 4881382.393299999646842, 2091625.931500000879169, 0.0 ], [ 4881393.925200000405312, 2091627.681600000709295, 0.0 ], [ 4881406.014600000344217, 2091631.42, 0.0 ], [ 4881417.3273, 2091634.717599999159575, 0.0 ], [ 4881426.752600000239909, 2091636.25, 0.0 ], [ 4881436.846699999645352, 2091640.102099999785423, 0.0 ], [ 4881450.262900000438094, 2091641.628200000151992, 0.0 ], [ 4881460.025999999605119, 2091646.475400000810623, 0.0 ], [ 4881468.78830000013113, 2091649.33500000089407, 0.0 ], [ 4881481.982699999585748, 2091650.861400000751019, 0.0 ], [ 4881492.851800000295043, 2091654.049200000241399, 0.0 ], [ 4881503.494800000451505, 2091654.474600000306964, 0.0 ], [ 4881515.357900000177324, 2091655.339999999850988, 0.0 ], [ 4881524.4496, 2091656.209899999201298, 0.0 ], [ 4881538.416600000113249, 2091655.524900000542402, 0.0 ], [ 4881552.826000000350177, 2091654.176100000739098, 0.0 ], [ 4881563.573800000362098, 2091650.733300000429153, 0.0 ], [ 4881581.302500000223517, 2091645.290300000458956, 0.0 ], [ 4881596.147300000302494, 2091638.857300000265241, 0.0 ], [ 4881608.775700000114739, 2091632.869699999690056, 0.0 ], [ 4881627.385700000450015, 2091623.889000000432134, 0.0 ], [ 4881640.56319999974221, 2091614.585200000554323, 0.0 ], [ 4881657.1743, 2091603.397399999201298, 0.0 ], [ 4881669.686099999584258, 2091593.7631, 0.0 ], [ 4881677.437, 2091587.893799999728799, 0.0 ], [ 4881683.9633, 2091578.82149999961257, 0.0 ], [ 4881692.601599999703467, 2091573.282299999147654, 0.0 ], [ 4881699.134399999864399, 2091568.298900000751019, 0.0 ], [ 4881707.2242, 2091566.51799999922514, 0.0 ], [ 4881720.743599999696016, 2091563.181500000879169, 0.0 ], [ 4881728.836199999786913, 2091563.168800000101328, 0.0 ], [ 4881735.0515, 2091567.800599999725819, 0.0 ], [ 4881739.275299999862909, 2091574.977299999445677, 0.0 ], [ 4881743.278300000354648, 2091582.706900000572205, 0.0 ], [ 4881746.843299999833107, 2091593.863199999555945, 0.0 ], [ 4881751.294700000435114, 2091604.79700000025332, 0.0 ], [ 4881754.411500000394881, 2091612.970000000670552, 0.0 ], [ 4881753.8772, 2091625.67989999987185, 0.0 ], [ 4881752.232699999585748, 2091637.396800000220537, 0.0 ], [ 4881749.593000000342727, 2091650.773, 0.0 ], [ 4881745.958100000396371, 2091665.698000000789762, 0.0 ], [ 4881740.768799999728799, 2091679.078199999406934, 0.0 ], [ 4881735.0318, 2091696.658700000494719, 0.0 ], [ 4881730.838100000284612, 2091708.711200000718236, 0.0 ], [ 4881728.636, 2091718.329299999400973, 0.0 ], [ 4881726.658800000324845, 2091729.936300000175834, 0.0 ], [ 4881722.801099999807775, 2091744.1985, 0.0 ], [ 4881716.613900000229478, 2091757.469699999317527, 0.0 ], [ 4881713.087500000372529, 2091770.847300000488758, 0.0 ], [ 4881710.778699999675155, 2091783.117900000885129, 0.0 ], [ 4881708.910400000400841, 2091793.509099999442697, 0.0 ], [ 4881706.9337, 2091805.447599999606609, 0.0 ], [ 4881704.2955, 2091819.707900000736117, 0.0 ], [ 4881699.550699999555945, 2091833.750499999150634, 0.0 ], [ 4881697.578499999828637, 2091848.562300000339746, 0.0 ], [ 4881697.35869999974966, 2091849.778300000354648, 0.0 ], [ 4881695.9359, 2091861.494899999350309, 0.0 ], [ 4881693.850200000219047, 2091874.64919999986887, 0.0 ], [ 4881691.762299999594688, 2091886.366900000721216, 0.0 ], [ 4881691.7823, 2091899.075799999758601, 0.0 ], [ 4881691.024500000290573, 2091910.6809, 0.0 ], [ 4881690.267699999734759, 2091922.948999999091029, 0.0 ], [ 4881688.628100000321865, 2091937.760299999266863, 0.0 ], [ 4881687.762900000438094, 2091951.575799999758601, 0.0 ], [ 4881688.0055, 2091964.83699999935925, 0.0 ], [ 4881688.027800000272691, 2091979.093100000172853, 0.0 ], [ 4881687.273199999704957, 2091992.687400000169873, 0.0 ], [ 4881687.520399999804795, 2092008.932399999350309, 0.0 ], [ 4881688.311599999666214, 2092018.656300000846386, 0.0 ], [ 4881687.996899999678135, 2092030.03969999961555, 0.0 ], [ 4881687.019000000320375, 2092042.639699999243021, 0.0 ], [ 4881687.039800000376999, 2092055.901200000196695, 0.0 ], [ 4881687.285299999639392, 2092071.04109999909997, 0.0 ], [ 4881687.7473, 2092082.865299999713898, 0.0 ], [ 4881690.201399999670684, 2092092.586500000208616, 0.0 ], [ 4881690.8821, 2092102.531600000336766, 0.0 ], [ 4881694.668800000101328, 2092113.6875, 0.0 ], [ 4881698.7911, 2092126.832100000232458, 0.0 ], [ 4881704.579300000332296, 2092141.852800000458956, 0.0 ], [ 4881709.364299999549985, 2092153.449100000783801, 0.0 ], [ 4881715.7017, 2092165.26410000026226, 0.0 ], [ 4881718.272199999541044, 2092178.521600000560284, 0.0 ], [ 4881722.7259, 2092190.892100000753999, 0.0 ], [ 4881727.406700000166893, 2092206.688100000843406, 0.0 ], [ 4881732.751199999824166, 2092221.598899999633431, 0.0 ], [ 4881737.644299999810755, 2092231.426899999380112, 0.0 ], [ 4881743.20380000025034, 2092242.0274, 0.0 ], [ 4881747.091199999675155, 2092246.773399999365211, 0.0 ], [ 4881752.421699999831617, 2092252.732699999585748, 0.0 ], [ 4881756.3109, 2092258.583799999207258, 0.0 ], [ 4881759.755900000222027, 2092263.99349999986589, 0.0 ], [ 4881765.200000000186265, 2092271.720899999141693, 0.0 ], [ 4881769.092000000178814, 2092279.340199999511242, 0.0 ], [ 4881774.315700000151992, 2092287.951999999582767, 0.0 ], [ 4881778.7632, 2092296.344000000506639, 0.0 ], [ 4881783.325500000268221, 2092307.277599999681115, 0.0 ], [ 4881786.333800000138581, 2092316.998099999502301, 0.0 ], [ 4881789.8986, 2092328.043800000101328, 0.0 ], [ 4881793.464200000278652, 2092339.642000000923872, 0.0 ], [ 4881796.921, 2092352.566600000485778, 0.0 ], [ 4881799.595300000160933, 2092361.292999999597669, 0.0 ], [ 4881803.4858, 2092368.028100000694394, 0.0 ], [ 4881808.263399999588728, 2092374.872500000521541, 0.0 ], [ 4881813.2571, 2092378.179999999701977, 0.0 ], [ 4881820.691999999806285, 2092382.920399999246001, 0.0 ], [ 4881826.573400000110269, 2092386.779100000858307, 0.0 ], [ 4881831.122000000439584, 2092388.982300000265241, 0.0 ], [ 4881836.005900000222027, 2092392.953099999576807, 0.0 ], [ 4881841.001899999566376, 2092397.697300000116229, 0.0 ], [ 4881846.770600000396371, 2092400.340500000864267, 0.0 ], [ 4881855.3103, 2092402.758400000631809, 0.0 ], [ 4881863.072800000198185, 2092404.403999999165535, 0.0 ], [ 4881871.9419, 2092404.721599999815226, 0.0 ], [ 4881881.254099999554455, 2092404.927999999374151, 0.0 ], [ 4881887.9057, 2092405.028100000694394, 0.0 ], [ 4881893.779699999839067, 2092404.134800000116229, 0.0 ], [ 4881902.7549, 2092401.468399999663234, 0.0 ], [ 4881911.9507, 2092398.138599999248981, 0.0 ], [ 4881917.931200000457466, 2092394.482300000265241, 0.0 ], [ 4881922.025500000454485, 2092389.723799999803305, 0.0 ], [ 4881926.117999999783933, 2092383.860200000926852, 0.0 ], [ 4881931.535899999551475, 2092374.9002, 0.0 ], [ 4881936.178399999625981, 2092366.272900000214577, 0.0 ], [ 4881942.144000000320375, 2092353.112500000745058, 0.0 ], [ 4881947.7769, 2092339.8421, 0.0 ], [ 4881952.635499999858439, 2092327.678099999204278, 0.0 ], [ 4881955.942499999888241, 2092315.737500000745058, 0.0 ], [ 4881960.254599999636412, 2092308.547399999573827, 0.0 ], [ 4881965.675200000405312, 2092301.245100000873208, 0.0 ], [ 4881967.876899999566376, 2092291.405999999493361, 0.0 ], [ 4881968.1941, 2092281.56980000063777, 0.0 ], [ 4881968.415199999697506, 2092281.237999999895692, 0.0 ], [ 4881969.9567, 2092274.494300000369549, 0.0 ], [ 4881973.830400000326335, 2092270.509700000286102, 0.0 ], [ 4881976.588000000454485, 2092261.66440000012517, 0.0 ], [ 4881976.803100000135601, 2092257.464500000700355, 0.0 ], [ 4881976.572100000455976, 2092251.497199999168515, 0.0 ], [ 4881976.349000000394881, 2092250.613500000908971, 0.0 ], [ 4881973.236999999731779, 2092245.534700000658631, 0.0 ], [ 4881970.89740000013262, 2092238.13399999961257, 0.0 ], [ 4881970.895200000144541, 2092236.6974, 0.0 ], [ 4881970.874099999666214, 2092223.214800000190735, 0.0 ], [ 4881968.198300000280142, 2092213.493899999186397, 0.0 ], [ 4881966.9676, 2092206.3125, 0.0 ], [ 4881964.946700000204146, 2092190.0702, 0.0 ], [ 4881963.2642, 2092177.47440000064671, 0.0 ], [ 4881963.0411, 2092176.590700000524521, 0.0 ], [ 4881961.2506, 2092165.873700000345707, 0.0 ], [ 4881958.902700000442564, 2092153.168400000780821, 0.0 ], [ 4881959.11699999962002, 2092148.415999999269843, 0.0 ], [ 4881955.989299999549985, 2092133.280600000172853, 0.0 ], [ 4881953.760700000450015, 2092125.990299999713898, 0.0 ], [ 4881953.315700000151992, 2092124.996400000527501, 0.0 ], [ 4881950.8629, 2092116.04869999922812, 0.0 ], [ 4881948.07660000026226, 2092106.548900000751019, 0.0 ], [ 4881946.2835, 2092094.1743, 0.0 ], [ 4881942.492200000211596, 2092080.034600000828505, 0.0 ], [ 4881939.927899999544024, 2092070.7555, 0.0 ], [ 4881938.025700000114739, 2092059.48619999922812, 0.0 ], [ 4881936.569199999794364, 2092049.652799999341369, 0.0 ], [ 4881936.99930000025779, 2092041.1426, 0.0 ], [ 4881939.206000000238419, 2092034.508400000631809, 0.0 ], [ 4881941.074, 2092023.896199999377131, 0.0 ], [ 4881943.938900000415742, 2092012.840399999171495, 0.0 ], [ 4881946.8043, 2092002.005699999630451, 0.0 ], [ 4881948.566700000315905, 2091994.819599999114871, 0.0 ], [ 4881950.768299999646842, 2091984.869999999180436, 0.0 ], [ 4881952.193699999712408, 2091974.81110000051558, 0.0 ], [ 4881955.724299999885261, 2091964.085799999535084, 0.0 ], [ 4881958.373599999584258, 2091956.898299999535084, 0.0 ], [ 4881962.902700000442564, 2091946.613500000908971, 0.0 ], [ 4881965.214700000360608, 2091936.442700000479817, 0.0 ], [ 4881967.196000000461936, 2091927.377599999308586, 0.0 ], [ 4881969.729600000195205, 2091917.095899999141693, 0.0 ], [ 4881971.82079999987036, 2091907.478000000119209, 0.0 ], [ 4881972.692300000227988, 2091897.641000000759959, 0.0 ], [ 4881973.233300000429153, 2091889.130599999800324, 0.0 ], [ 4881972.667899999767542, 2091882.058700000867248, 0.0 ], [ 4881973.761400000192225, 2091872.442399999126792, 0.0 ], [ 4881977.074500000104308, 2091864.369699999690056, 0.0 ], [ 4881977.617700000293553, 2091857.2961, 0.0 ], [ 4881979.382799999788404, 2091851.767699999734759, 0.0 ], [ 4881980.485100000165403, 2091847.787499999627471, 0.0 ], [ 4881982.805700000375509, 2091843.0318, 0.0 ], [ 4881984.462500000372529, 2091839.1612, 0.0 ], [ 4881988.4463, 2091834.623999999836087, 0.0 ], [ 4881992.4304, 2091830.307700000703335, 0.0 ], [ 4881996.6376, 2091826.87529999949038, 0.0 ], [ 4882002.954199999570847, 2091825.4287, 0.0 ], [ 4882008.8279, 2091824.314400000497699, 0.0 ], [ 4882015.368800000287592, 2091824.5252, 0.0 ], [ 4882022.575500000268221, 2091825.176999999210238, 0.0 ], [ 4882028.676300000399351, 2091827.488199999555945, 0.0 ], [ 4882034.777599999681115, 2091830.130999999120831, 0.0 ], [ 4882040.54839999973774, 2091834.100400000810623, 0.0 ], [ 4882046.540699999779463, 2091837.959000000730157, 0.0 ], [ 4882050.983300000429153, 2091843.256699999794364, 0.0 ], [ 4882054.539300000295043, 2091848.776699999347329, 0.0 ], [ 4882057.433899999596179, 2091856.618599999696016, 0.0 ], [ 4882059.8838, 2091863.687599999830127, 0.0 ], [ 4882063.3295, 2091869.53940000012517, 0.0 ], [ 4882067.220800000242889, 2091876.716700000688434, 0.0 ], [ 4882071.785400000400841, 2091889.197499999776483, 0.0 ], [ 4882076.012500000186265, 2091898.473899999633431, 0.0 ], [ 4882080.241100000217557, 2091908.744999999180436, 0.0 ], [ 4882084.027599999681115, 2091919.790400000289083, 0.0 ], [ 4882086.813, 2091928.737600000575185, 0.0 ], [ 4882087.715900000184774, 2091939.013900000602007, 0.0 ], [ 4882087.949699999764562, 2091946.749399999156594, 0.0 ], [ 4882087.187199999578297, 2091955.3706, 0.0 ], [ 4882087.200199999846518, 2091963.659, 0.0 ], [ 4882087.214700000360608, 2091972.942099999636412, 0.0 ], [ 4882087.232300000265241, 2091984.214400000870228, 0.0 ], [ 4882087.248599999584258, 2091994.602600000798702, 0.0 ], [ 4882086.046799999661744, 2092005.876800000667572, 0.0 ], [ 4882085.068400000222027, 2092018.255699999630451, 0.0 ], [ 4882083.098399999551475, 2092034.504200000315905, 0.0 ], [ 4882081.563500000163913, 2092045.4474, 0.0 ], [ 4882078.8087, 2092056.060900000855327, 0.0 ], [ 4882076.056800000369549, 2092068.55320000089705, 0.0 ], [ 4882072.431400000117719, 2092089.55629999935627, 0.0 ], [ 4882072.8755, 2092089.997600000351667, 0.0 ], [ 4882071.440899999812245, 2092094.199400000274181, 0.0 ], [ 4882071.115500000305474, 2092098.730900000780821, 0.0 ], [ 4882069.018899999558926, 2092104.922900000587106, 0.0 ], [ 4882067.6979, 2092110.892699999734759, 0.0 ], [ 4882066.155299999751151, 2092116.862800000235438, 0.0 ], [ 4882065.054999999701977, 2092122.169099999591708, 0.0 ], [ 4882063.178399999625981, 2092127.255699999630451, 0.0 ], [ 4882060.972199999727309, 2092134.221400000154972, 0.0 ], [ 4882059.21059999987483, 2092141.960100000724196, 0.0 ], [ 4882059.22510000038892, 2092151.243100000545382, 0.0 ], [ 4882057.4649, 2092159.865900000557303, 0.0 ], [ 4882057.4759, 2092166.938699999824166, 0.0 ], [ 4882056.267799999564886, 2092174.1239, 0.0 ], [ 4882054.835799999535084, 2092179.98340000025928, 0.0 ], [ 4882053.073300000280142, 2092187.16950000077486, 0.0 ], [ 4882052.1957, 2092193.028000000864267, 0.0 ], [ 4882051.3169, 2092198.223500000312924, 0.0 ], [ 4882050.662899999879301, 2092205.2972999997437, 0.0 ], [ 4882050.6732, 2092211.928099999204278, 0.0 ], [ 4882050.685499999672174, 2092219.77449999935925, 0.0 ], [ 4882051.5817, 2092225.740800000727177, 0.0 ], [ 4882054.252600000239909, 2092232.36739999987185, 0.0 ], [ 4882056.921, 2092237.336300000548363, 0.0 ], [ 4882059.92339999973774, 2092243.2993, 0.0 ], [ 4882062.7028, 2092248.378499999642372, 0.0 ], [ 4882064.816200000233948, 2092252.906199999153614, 0.0 ], [ 4882067.152599999681115, 2092258.317700000479817, 0.0 ], [ 4882071.151800000108778, 2092263.616100000217557, 0.0 ], [ 4882075.924599999561906, 2092267.476500000804663, 0.0 ], [ 4882079.918200000189245, 2092269.238500000908971, 0.0 ], [ 4882084.579199999570847, 2092272.43610000051558, 0.0 ], [ 4882089.5724, 2092275.412100000306964, 0.0 ], [ 4882096.11809999961406, 2092278.717299999669194, 0.0 ], [ 4882099.337500000372529, 2092281.58559999987483, 0.0 ], [ 4882103.22759999986738, 2092288.099700000137091, 0.0 ], [ 4882105.5658, 2092294.61629999987781, 0.0 ], [ 4882107.3509, 2092301.907400000840425, 0.0 ], [ 4882108.582999999634922, 2092309.972899999469519, 0.0 ], [ 4882109.704, 2092317.928099999204278, 0.0 ], [ 4882112.266800000332296, 2092326.323000000789762, 0.0 ], [ 4882114.16330000013113, 2092333.945499999448657, 0.0 ], [ 4882116.278900000266731, 2092339.909800000488758, 0.0 ], [ 4882118.7281, 2092346.536800000816584, 0.0 ], [ 4882120.732900000177324, 2092352.501299999654293, 0.0 ], [ 4882123.8476, 2092359.348300000652671, 0.0 ], [ 4882125.965900000184774, 2092367.080800000578165, 0.0 ], [ 4882128.193799999542534, 2092373.929199999198318, 0.0 ], [ 4882128.756199999712408, 2092379.122400000691414, 0.0 ], [ 4882128.5411, 2092383.322200000286102, 0.0 ], [ 4882130.875900000333786, 2092387.739099999889731, 0.0 ], [ 4882137.4249, 2092393.143999999389052, 0.0 ], [ 4882142.422600000165403, 2092398.993300000205636, 0.0 ], [ 4882146.8657, 2092404.622500000521541, 0.0 ], [ 4882150.196700000204146, 2092408.043199999257922, 0.0 ], [ 4882156.07660000026226, 2092410.907299999147654, 0.0 ], [ 4882162.620699999853969, 2092413.2179000005126, 0.0 ], [ 4882168.4989, 2092414.97690000012517, 0.0 ], [ 4882175.926199999637902, 2092414.965299999341369, 0.0 ], [ 4882182.575500000268221, 2092413.628699999302626, 0.0 ], [ 4882187.7823, 2092411.410299999639392, 0.0 ], [ 4882193.0948, 2092405.87639999948442, 0.0 ], [ 4882197.076100000180304, 2092399.791899999603629, 0.0 ], [ 4882200.170400000177324, 2092393.598400000482798, 0.0 ], [ 4882202.154699999839067, 2092386.52250000089407, 0.0 ], [ 4882204.5778, 2092376.46199999935925, 0.0 ], [ 4882204.678000000305474, 2092369.609999999403954, 0.0 ], [ 4882206.102, 2092358.666999999433756, 0.0 ], [ 4882206.087100000120699, 2092349.16300000064075, 0.0 ], [ 4882206.4062, 2092340.542500000447035, 0.0 ], [ 4882206.841400000266731, 2092335.237199999392033, 0.0 ], [ 4882205.5011, 2092328.829500000923872, 0.0 ], [ 4882203.938, 2092321.759099999442697, 0.0 ], [ 4882202.706000000238419, 2092313.693600000813603, 0.0 ], [ 4882200.697599999606609, 2092305.408299999311566, 0.0 ], [ 4882199.356599999591708, 2092298.558599999174476, 0.0 ], [ 4882197.6705, 2092283.642000000923872, 0.0 ], [ 4882196.214999999850988, 2092274.471699999645352, 0.0 ], [ 4882196.10190000012517, 2092273.035199999809265, 0.0 ], [ 4882194.09250000026077, 2092264.086799999698997, 0.0 ], [ 4882189.853900000452995, 2092247.405999999493361, 0.0 ], [ 4882186.280500000342727, 2092230.834699999541044, 0.0 ], [ 4882183.710799999535084, 2092218.019200000911951, 0.0 ], [ 4882183.2489, 2092206.19510000012815, 0.0 ], [ 4882180.001199999824166, 2092185.2027000002563, 0.0 ], [ 4882179.321000000461936, 2092175.589199999347329, 0.0 ], [ 4882178.752100000157952, 2092166.196399999782443, 0.0 ], [ 4882178.402200000360608, 2092155.145700000226498, 0.0 ], [ 4882179.270899999886751, 2092143.540500000119209, 0.0 ], [ 4882180.254700000397861, 2092134.587400000542402, 0.0 ], [ 4882180.4265, 2092102.649000000208616, 0.0 ], [ 4882182.174200000241399, 2092086.069299999624491, 0.0 ], [ 4882184.372899999842048, 2092074.24100000038743, 0.0 ], [ 4882186.019899999722838, 2092064.07120000012219, 0.0 ], [ 4882189.544300000183284, 2092049.367499999701977, 0.0 ], [ 4882191.966199999675155, 2092038.533500000834465, 0.0 ], [ 4882196.159799999557436, 2092026.370500000193715, 0.0 ], [ 4882200.024600000120699, 2092016.6393, 0.0 ], [ 4882204.1119, 2092007.460400000214577, 0.0 ], [ 4882211.07909999974072, 2091996.729800000786781, 0.0 ], [ 4882216.939399999566376, 2091986.995500000193715, 0.0 ], [ 4882219.483199999667704, 2091983.234099999070168, 0.0 ], [ 4882222.135800000280142, 2091978.146299999207258, 0.0 ], [ 4882222.903, 2091972.50899999961257, 0.0 ], [ 4882228.326899999752641, 2091967.306399999186397, 0.0 ], [ 4882232.4298, 2091968.073599999770522, 0.0 ], [ 4882230.994300000369549, 2091971.722799999639392, 0.0 ], [ 4882231.664800000376999, 2091975.147600000724196, 0.0 ], [ 4882234.215599999763072, 2091975.806700000539422, 0.0 ], [ 4882237.759200000204146, 2091973.369899999350309, 0.0 ], [ 4882242.298999999649823, 2091969.936899999156594, 0.0 ], [ 4882245.1722999997437, 2091964.185699999332428, 0.0 ], [ 4882247.9337, 2091957.77170000039041, 0.0 ], [ 4882252.0252, 2091951.244999999180436, 0.0 ], [ 4882254.344700000248849, 2091945.82630000077188, 0.0 ], [ 4882257.330799999646842, 2091941.2906, 0.0 ], [ 4882258.984299999661744, 2091935.320299999788404, 0.0 ], [ 4882258.97829999960959, 2091931.45240000076592, 0.0 ], [ 4882260.296500000171363, 2091923.714400000870228, 0.0 ], [ 4882263.1694, 2091917.7423, 0.0 ], [ 4882267.592799999751151, 2091910.773, 0.0 ], [ 4882268.581600000150502, 2091905.024800000712276, 0.0 ], [ 4882268.57880000025034, 2091903.2566, 0.0 ], [ 4882268.56969999987632, 2091897.39949999935925, 0.0 ], [ 4882271.110600000247359, 2091891.75929999910295, 0.0 ], [ 4882273.209300000220537, 2091886.893500000238419, 0.0 ], [ 4882276.966, 2091878.930700000375509, 0.0 ], [ 4882279.834099999628961, 2091869.864199999719858, 0.0 ], [ 4882283.037200000137091, 2091862.3443, 0.0 ], [ 4882287.456299999728799, 2091852.612299999222159, 0.0 ], [ 4882289.661899999715388, 2091845.204500000923872, 0.0 ], [ 4882294.073200000450015, 2091830.499399999156594, 0.0 ], [ 4882297.605100000277162, 2091820.547700000926852, 0.0 ], [ 4882300.472099999897182, 2091810.707599999383092, 0.0 ], [ 4882301.451999999582767, 2091799.323300000280142, 0.0 ], [ 4882303.322800000198185, 2091790.479299999773502, 0.0 ], [ 4882304.086400000378489, 2091782.521199999377131, 0.0 ], [ 4882304.0757, 2091775.66950000077486, 0.0 ], [ 4882304.84389999974519, 2091770.6952, 0.0 ], [ 4882305.05530000012368, 2091764.064099999144673, 0.0 ], [ 4882309.707499999552965, 2091761.625499999150634, 0.0 ], [ 4882314.245199999772012, 2091756.866399999707937, 0.0 ], [ 4882318.669099999591708, 2091750.228700000792742, 0.0 ], [ 4882323.981100000441074, 2091744.363299999386072, 0.0 ], [ 4882329.509200000204146, 2091734.850600000470877, 0.0 ], [ 4882333.377100000157952, 2091727.1086, 0.0 ], [ 4882331.371500000357628, 2091720.591499999165535, 0.0 ], [ 4882333.358, 2091714.841700000688434, 0.0 ], [ 4882338.451000000350177, 2091710.744799999520183, 0.0 ], [ 4882341.8871, 2091710.4079, 0.0 ], [ 4882346.651999999769032, 2091709.184900000691414, 0.0 ], [ 4882348.750199999660254, 2091703.987500000745058, 0.0 ], [ 4882349.075199999846518, 2091699.124399999156594, 0.0 ], [ 4882350.183799999766052, 2091699.122700000181794, 0.0 ], [ 4882352.397300000302494, 2091696.798499999567866, 0.0 ], [ 4882356.047799999825656, 2091691.819700000807643, 0.0 ], [ 4882356.588999999687076, 2091683.4199, 0.0 ], [ 4882354.472900000400841, 2091677.123999999836087, 0.0 ], [ 4882354.572700000368059, 2091670.051000000908971, 0.0 ], [ 4882360.660199999809265, 2091663.852800000458956, 0.0 ], [ 4882364.423000000417233, 2091659.75789999961853, 0.0 ], [ 4882367.517199999652803, 2091653.4539, 0.0 ], [ 4882367.50719999987632, 2091647.044199999421835, 0.0 ], [ 4882371.371000000275671, 2091636.649900000542402, 0.0 ], [ 4882374.2407, 2091628.57799999974668, 0.0 ], [ 4882374.461900000460446, 2091628.246099999174476, 0.0 ], [ 4882376.888799999840558, 2091620.617000000551343, 0.0 ], [ 4882381.644799999892712, 2091613.647299999371171, 0.0 ], [ 4882384.0778, 2091609.886, 0.0 ], [ 4882386.39879999961704, 2091605.351399999111891, 0.0 ], [ 4882391.706500000320375, 2091596.723099999129772, 0.0 ], [ 4882394.466699999757111, 2091589.535499999299645, 0.0 ], [ 4882394.449199999682605, 2091578.2632, 0.0 ], [ 4882395.096699999645352, 2091566.989900000393391, 0.0 ], [ 4882398.182799999602139, 2091555.491800000891089, 0.0 ], [ 4882403.161100000143051, 2091548.85329999960959, 0.0 ], [ 4882411.345599999651313, 2091536.684100000187755, 0.0 ], [ 4882418.431800000369549, 2091531.147399999201298, 0.0 ], [ 4882429.287899999879301, 2091526.046900000423193, 0.0 ], [ 4882437.818400000222027, 2091522.497199999168515, 0.0 ], [ 4882450.787700000219047, 2091521.81389999948442, 0.0 ], [ 4882461.76410000026226, 2091522.791400000452995, 0.0 ], [ 4882468.974499999545515, 2091525.76410000026226, 0.0 ], [ 4882478.069299999624491, 2091528.623199999332428, 0.0 ], [ 4882485.505099999718368, 2091534.026799999177456, 0.0 ], [ 4882485.839100000448525, 2091534.910399999469519, 0.0 ], [ 4882486.6168, 2091536.0143, 0.0 ], [ 4882490.064899999648333, 2091543.413200000301003, 0.0 ], [ 4882490.067699999548495, 2091545.181399999186397, 0.0 ], [ 4882490.634499999694526, 2091553.247999999672174, 0.0 ], [ 4882494.520899999886751, 2091557.330900000408292, 0.0 ], [ 4882496.08490000013262, 2091565.064400000497699, 0.0 ], [ 4882491.102400000207126, 2091568.940099999308586, 0.0 ], [ 4882490.659300000406802, 2091569.161800000816584, 0.0 ], [ 4882484.459699999541044, 2091574.5866, 0.0 ], [ 4882483.796, 2091575.471699999645352, 0.0 ], [ 4882479.03940000012517, 2091582.109899999573827, 0.0 ], [ 4882478.597400000318885, 2091582.994699999690056, 0.0 ], [ 4882474.836500000208616, 2091588.305099999532104, 0.0 ], [ 4882473.730200000107288, 2091589.74349999986589, 0.0 ], [ 4882468.4183, 2091595.719499999657273, 0.0 ], [ 4882467.755099999718368, 2091596.936200000345707, 0.0 ], [ 4882465.330299999564886, 2091606.002000000327826, 0.0 ], [ 4882465.330799999646842, 2091606.333499999716878, 0.0 ], [ 4882465.343399999663234, 2091614.400900000706315, 0.0 ], [ 4882464.799499999731779, 2091621.032500000670552, 0.0 ], [ 4882468.4775, 2091633.7358, 0.0 ], [ 4882470.705, 2091640.363099999725819, 0.0 ], [ 4882471.03899999987334, 2091641.246600000187755, 0.0 ], [ 4882476.482300000265241, 2091648.531999999657273, 0.0 ], [ 4882483.253899999894202, 2091654.489099999889731, 0.0 ], [ 4882489.248499999754131, 2091659.784399999305606, 0.0 ], [ 4882497.457600000314415, 2091663.418500000610948, 0.0 ], [ 4882499.563699999824166, 2091663.3048, 0.0 ], [ 4882503.442800000309944, 2091662.746099999174476, 0.0 ], [ 4882507.549999999813735, 2091666.276200000196695, 0.0 ], [ 4882507.772599999792874, 2091666.828400000929832, 0.0 ], [ 4882511.770200000144541, 2091671.132099999114871, 0.0 ], [ 4882517.869599999859929, 2091672.559299999848008, 0.0 ], [ 4882523.852, 2091670.118699999526143, 0.0 ], [ 4882526.1787, 2091669.231000000610948, 0.0 ], [ 4882526.733, 2091669.230100000277162, 0.0 ], [ 4882533.829699999652803, 2091670.434699999168515, 0.0 ], [ 4882541.261300000362098, 2091673.075400000438094, 0.0 ], [ 4882549.356100000441074, 2091674.499500000849366, 0.0 ], [ 4882557.337899999693036, 2091674.5976, 0.0 ], [ 4882564.322800000198185, 2091675.1393, 0.0 ], [ 4882569.755300000309944, 2091675.462400000542402, 0.0 ], [ 4882569.541500000283122, 2091680.546299999579787, 0.0 ], [ 4882576.529299999587238, 2091682.966700000688434, 0.0 ], [ 4882579.633600000292063, 2091683.182900000363588, 0.0 ], [ 4882592.162399999797344, 2091684.379000000655651, 0.0 ], [ 4882602.474299999885261, 2091685.799599999561906, 0.0 ], [ 4882616.443799999542534, 2091686.77250000089407, 0.0 ], [ 4882627.086500000208616, 2091686.977, 0.0 ], [ 4882662.450400000438094, 2091687.253499999642372, 0.0 ], [ 4882668.325799999758601, 2091687.244400000199676, 0.0 ], [ 4882676.307799999602139, 2091687.45299999974668, 0.0 ], [ 4882684.8443, 2091687.771199999377131, 0.0 ], [ 4882685.8426, 2091688.101199999451637, 0.0 ], [ 4882688.8366, 2091688.6491, 0.0 ], [ 4882698.70299999974668, 2091688.744300000369549, 0.0 ], [ 4882707.7988, 2091692.2665, 0.0 ], [ 4882720.991600000299513, 2091692.798599999397993, 0.0 ], [ 4882733.075899999588728, 2091693.332399999722838, 0.0 ], [ 4882744.603799999691546, 2091692.540899999439716, 0.0 ], [ 4882750.478699999861419, 2091692.200200000777841, 0.0 ], [ 4882762.4496, 2091691.076500000432134, 0.0 ], [ 4882775.088000000454485, 2091691.4989, 0.0 ], [ 4882785.2823, 2091688.6097, 0.0 ], [ 4882798.918600000441074, 2091689.141100000590086, 0.0 ], [ 4882812.551799999549985, 2091687.683199999853969, 0.0 ], [ 4882826.963200000114739, 2091687.660800000652671, 0.0 ], [ 4882834.9435, 2091686.764399999752641, 0.0 ], [ 4882844.146300000138581, 2091687.855200000107288, 0.0 ], [ 4882851.572599999606609, 2091687.07010000012815, 0.0 ], [ 4882864.539099999703467, 2091684.618699999526143, 0.0 ], [ 4882874.848199999891222, 2091684.271099999547005, 0.0 ], [ 4882882.826999999582767, 2091682.380000000819564, 0.0 ], [ 4882891.910799999721348, 2091678.166400000452995, 0.0 ], [ 4882899.664800000376999, 2091674.286399999633431, 0.0 ], [ 4882908.750900000333786, 2091671.619999999180436, 0.0 ], [ 4882919.501299999654293, 2091669.835200000554323, 0.0 ], [ 4882928.369300000369549, 2091669.489900000393391, 0.0 ], [ 4882936.247000000439584, 2091673.89809999987483, 0.0 ], [ 4882942.237599999643862, 2091676.651599999517202, 0.0 ], [ 4882950.2155, 2091674.208000000566244, 0.0 ], [ 4882950.2111, 2091671.334699999541044, 0.0 ], [ 4882957.641099999658763, 2091672.980799999088049, 0.0 ], [ 4882962.399299999698997, 2091667.447799999266863, 0.0 ], [ 4882965.957700000144541, 2091674.515100000426173, 0.0 ], [ 4882970.510700000450015, 2091679.591600000858307, 0.0 ], [ 4882974.9605, 2091689.530799999833107, 0.0 ], [ 4882978.963000000454485, 2091697.0395, 0.0 ], [ 4882981.744800000451505, 2091703.776399999856949, 0.0 ], [ 4882985.969700000248849, 2091711.726800000295043, 0.0 ], [ 4882991.964800000190735, 2091717.35359999909997, 0.0 ], [ 4882998.619900000281632, 2091719.774599999189377, 0.0 ], [ 4882999.619, 2091720.6570999994874, 0.0 ], [ 4883004.621000000275671, 2091729.269400000572205, 0.0 ], [ 4883004.8432, 2091729.600600000470877, 0.0 ], [ 4883010.6201, 2091737.548499999567866, 0.0 ], [ 4883017.61710000038147, 2091745.936599999666214, 0.0 ], [ 4883023.614699999801815, 2091753.221100000664592, 0.0 ], [ 4883029.388000000268221, 2091758.848300000652671, 0.0 ], [ 4883038.0472999997437, 2091766.902300000190735, 0.0 ], [ 4883046.3734, 2091774.514799999073148, 0.0 ], [ 4883056.699300000444055, 2091784.997400000691414, 0.0 ], [ 4883068.022300000302494, 2091795.036499999463558, 0.0 ], [ 4883075.348500000312924, 2091801.213899999856949, 0.0 ], [ 4883082.674100000411272, 2091807.059699999168515, 0.0 ], [ 4883089.890599999576807, 2091814.010800000280142, 0.0 ], [ 4883102.210400000214577, 2091823.495699999853969, 0.0 ], [ 4883113.089100000448525, 2091832.982999999076128, 0.0 ], [ 4883124.411399999633431, 2091842.58, 0.0 ], [ 4883132.848399999551475, 2091850.302799999713898, 0.0 ], [ 4883144.842000000178814, 2091863.877299999818206, 0.0 ], [ 4883156.392199999652803, 2091877.45240000076592, 0.0 ], [ 4883167.943, 2091891.4695999994874, 0.0 ], [ 4883176.943599999882281, 2091905.159199999645352, 0.0 ], [ 4883186.166500000283122, 2091919.179999999701977, 0.0 ], [ 4883192.943099999800324, 2091928.452500000596046, 0.0 ], [ 4883197.838600000366569, 2091939.938300000503659, 0.0 ], [ 4883203.839499999769032, 2091949.433000000193715, 0.0 ], [ 4883207.735600000247359, 2091959.815199999138713, 0.0 ], [ 4883211.630300000309944, 2091969.313200000673532, 0.0 ], [ 4883213.638600000180304, 2091977.598600000143051, 0.0 ], [ 4883215.091199999675155, 2091985.000600000843406, 0.0 ], [ 4883218.1014, 2091996.0472, 0.0 ], [ 4883219.006199999712408, 2092007.649599999189377, 0.0 ], [ 4883221.134399999864399, 2092021.791899999603629, 0.0 ], [ 4883223.152599999681115, 2092036.486999999731779, 0.0 ], [ 4883223.169499999843538, 2092047.427699999883771, 0.0 ], [ 4883221.409, 2092055.939899999648333, 0.0 ], [ 4883219.427299999631941, 2092064.783900000154972, 0.0 ], [ 4883219.113699999637902, 2092077.051300000399351, 0.0 ], [ 4883219.128499999642372, 2092086.555400000885129, 0.0 ], [ 4883220.700000000186265, 2092099.151399999856949, 0.0 ], [ 4883224.818300000391901, 2092109.864700000733137, 0.0 ], [ 4883229.598399999551475, 2092118.477299999445677, 0.0 ], [ 4883234.818799999542534, 2092124.989399999380112, 0.0 ], [ 4883242.58420000039041, 2092128.51380000077188, 0.0 ], [ 4883245.134399999864399, 2092128.841399999335408, 0.0 ], [ 4883255.226599999703467, 2092131.588500000536442, 0.0 ], [ 4883260.105499999597669, 2092132.354599999263883, 0.0 ], [ 4883270.30559999961406, 2092133.222899999469519, 0.0 ], [ 4883278.395899999886751, 2092131.773700000718236, 0.0 ], [ 4883288.5921, 2092130.100199999287724, 0.0 ], [ 4883296.348199999891222, 2092127.656899999827147, 0.0 ], [ 4883305.5428, 2092123.443199999630451, 0.0 ], [ 4883314.515599999576807, 2092119.229900000616908, 0.0 ], [ 4883323.26659999974072, 2092114.906300000846386, 0.0 ], [ 4883333.014600000344217, 2092110.1392, 0.0 ], [ 4883342.53899999987334, 2092104.1568, 0.0 ], [ 4883352.2851, 2092098.174000000581145, 0.0 ], [ 4883361.3657, 2092091.971300000324845, 0.0 ], [ 4883386.05420000012964, 2092070.935699999332428, 0.0 ], [ 4883418.595099999569356, 2092038.063200000673532, 0.0 ], [ 4883452.572999999858439, 2092002.425599999725819, 0.0 ], [ 4883495.522599999792874, 2091961.801200000569224, 0.0 ], [ 4883514.219600000418723, 2091937.349099999293685, 0.0 ], [ 4883524.620799999684095, 2091924.845100000500679, 0.0 ], [ 4883532.9123, 2091910.134199999272823, 0.0 ], [ 4883548.1847, 2091893.4232, 0.0 ], [ 4883564.129599999636412, 2091881.463199999183416, 0.0 ], [ 4883582.8427, 2091867.399299999698997, 0.0 ], [ 4883603.117499999701977, 2091859.632099999114871, 0.0 ], [ 4883628.155799999833107, 2091849.75789999961853, 0.0 ], [ 4883648.3218, 2091843.316999999806285, 0.0 ], [ 4883673.486100000329316, 2091843.167700000107288, 0.0 ], [ 4883699.980600000359118, 2091843.01630000025034, 0.0 ], [ 4883728.692099999636412, 2091842.751000000163913, 0.0 ], [ 4883766.509800000116229, 2091852.859899999573827, 0.0 ], [ 4883801.442200000397861, 2091860.983899999409914, 0.0 ], [ 4883827.050900000147521, 2091861.496999999508262, 0.0 ], [ 4883849.437199999578297, 2091857.152599999681115, 0.0 ], [ 4883866.830900000408292, 2091850.163499999791384, 0.0 ], [ 4883886.329599999822676, 2091842.287100000306964, 0.0 ], [ 4883903.063500000163913, 2091838.724999999627471, 0.0 ], [ 4883923.881799999624491, 2091823.994799999520183, 0.0 ], [ 4883951.024299999698997, 2091812.680800000205636, 0.0 ], [ 4883976.8355, 2091800.705700000748038, 0.0 ], [ 4883994.124699999578297, 2091797.805800000205636, 0.0 ], [ 4884014.513600000180304, 2091792.138299999758601, 0.0 ], [ 4884034.686099999584258, 2091789.897099999710917, 0.0 ], [ 4884061.291299999691546, 2091789.635099999606609, 0.0 ], [ 4884079.487499999813735, 2091799.884800000116229, 0.0 ], [ 4884101.901700000278652, 2091813.66440000012517, 0.0 ], [ 4884123.102800000458956, 2091831.534800000488758, 0.0 ], [ 4884146.963399999774992, 2091848.737999999895692, 0.0 ], [ 4884166.048899999819696, 2091860.533500000834465, 0.0 ], [ 4884180.149799999780953, 2091874.988900000229478, 0.0 ], [ 4884195.698200000450015, 2091893.531099999323487, 0.0 ], [ 4884211.260700000450015, 2091921.245799999684095, 0.0 ], [ 4884219.1793, 2091952.398, 0.0 ], [ 4884227.767400000244379, 2091986.312100000679493, 0.0 ], [ 4884241.355600000359118, 2092027.843800000846386, 0.0 ], [ 4884247.278800000436604, 2092058.999099999666214, 0.0 ], [ 4884259.96, 2092087.381300000473857, 0.0 ], [ 4884269.971, 2092109.468299999833107, 0.0 ], [ 4884282.643699999898672, 2092132.324899999424815, 0.0 ], [ 4884302.793100000359118, 2092115.164599999785423, 0.0 ], [ 4884313.839200000278652, 2092089.398299999535084, 0.0 ], [ 4884421.1436, 2091941.921, 0.0 ], [ 4884586.311700000427663, 2091719.538799999281764, 0.0 ], [ 4884619.6009, 2091668.0998, 0.0 ], [ 4884645.2017, 2091445.931500000879169, 0.0 ], [ 4884803.240299999713898, 2091417.509500000625849, 0.0 ], [ 4885103.986600000411272, 2091339.029699999839067, 0.0 ], [ 4885290.613900000229478, 2091302.276900000870228, 0.0 ], [ 4885329.9424, 2091285.308900000527501, 0.0 ], [ 4885363.623499999754131, 2091272.548900000751019, 0.0 ], [ 4885394.303299999795854, 2091254.378399999812245, 0.0 ], [ 4885396.186200000345707, 2091253.270400000736117, 0.0 ], [ 4885422.755800000391901, 2091229.470000000670552, 0.0 ], [ 4885439.3503, 2091207.011, 0.0 ], [ 4885456.608900000341237, 2091183.887800000607967, 0.0 ], [ 4885474.536500000394881, 2091163.305400000885129, 0.0 ], [ 4885489.0378, 2091149.469499999657273, 0.0 ], [ 4885510.4161, 2091138.164899999275804, 0.0 ], [ 4885534.362200000323355, 2091138.791600000113249, 0.0 ], [ 4885546.3257, 2091132.8059, 0.0 ], [ 4885564.8279, 2091125.5945999994874, 0.0 ], [ 4885590.207100000232458, 2091120.914599999785423, 0.0 ], [ 4885618.6743, 2091105.620899999514222, 0.0 ], [ 4885633.959099999628961, 2091096.756799999624491, 0.0 ], [ 4885651.788499999791384, 2091084.462999999523163, 0.0 ], [ 4885664.6299, 2091072.508300000801682, 0.0 ], [ 4885676.8087, 2091062.322799999266863, 0.0 ], [ 4885693.754499999806285, 2091052.130000000819564, 0.0 ], [ 4885723.4474, 2091041.033900000154972, 0.0 ], [ 4885755.574400000274181, 2091026.729299999773502, 0.0 ], [ 4885792.580400000326335, 2091013.3015, 0.0 ], [ 4885818.8465, 2091008.620300000533462, 0.0 ], [ 4885842.018500000238419, 2091010.463899999856949, 0.0 ], [ 4885856.8805, 2091015.193499999120831, 0.0 ], [ 4885881.2835, 2091024.771099999547005, 0.0 ], [ 4885907.9024, 2091033.461300000548363, 0.0 ], [ 4885946.1562, 2091038.818600000813603, 0.0 ], [ 4885974.431699999608099, 2091043.417400000616908, 0.0 ], [ 4886019.989799999631941, 2091040.585799999535084, 0.0 ], [ 4886046.14850000012666, 2091038.225600000470877, 0.0 ], [ 4886086.600599999539554, 2091031.091900000348687, 0.0 ], [ 4886135.137400000356138, 2091018.751900000497699, 0.0 ], [ 4886178.358799999579787, 2091010.177300000563264, 0.0 ], [ 4886214.709499999880791, 2091003.270899999886751, 0.0 ], [ 4886262.364500000141561, 2090994.247700000181794, 0.0 ], [ 4886309.014999999664724, 2090980.695000000298023, 0.0 ], [ 4886349.563799999654293, 2090964.1678, 0.0 ], [ 4886393.878100000321865, 2090945.203700000420213, 0.0 ], [ 4886427.884800000116229, 2090927.581199999898672, 0.0 ], [ 4886452.900899999774992, 2090902.568, 0.0 ], [ 4886478.148900000378489, 2090884.295700000599027, 0.0 ], [ 4886493.897199999541044, 2090888.692500000819564, 0.0 ], [ 4886528.25829999987036, 2090885.546499999240041, 0.0 ], [ 4886550.419200000353158, 2090878.551000000908971, 0.0 ], [ 4886590.32010000012815, 2090873.407600000500679, 0.0 ], [ 4886639.806699999608099, 2090902.950400000438094, 0.0 ], [ 4886699.152800000272691, 2090927.9474, 0.0 ], [ 4886782.147199999541044, 2090976.890000000596046, 0.0 ], [ 4886820.1946, 2090992.52559999935329, 0.0 ], [ 4886912.503899999894202, 2090969.401000000536442, 0.0 ], [ 4887003.920300000347197, 2090942.299499999731779, 0.0 ], [ 4887068.183299999684095, 2090919.548599999397993, 0.0 ], [ 4887159.49309999961406, 2090895.210200000554323, 0.0 ], [ 4887222.208499999716878, 2090875.33500000089407, 0.0 ], [ 4887322.052400000393391, 2090849.6579, 0.0 ], [ 4887373.470800000242889, 2090836.762000000104308, 0.0 ], [ 4887463.674499999731779, 2090813.972799999639392, 0.0 ], [ 4887543.5937, 2090808.107200000435114, 0.0 ], [ 4887623.493900000117719, 2090789.532999999821186, 0.0 ], [ 4887727.693099999800324, 2090785.1787, 0.0 ], [ 4887791.764000000432134, 2090782.210200000554323, 0.0 ], [ 4887884.674499999731779, 2090790.581700000911951, 0.0 ], [ 4887958.82079999987036, 2090779.089099999517202, 0.0 ], [ 4888044.466799999587238, 2090747.798000000417233, 0.0 ], [ 4888117.22620000038296, 2090698.070900000631809, 0.0 ], [ 4888208.074, 2090660.915300000458956, 0.0 ], [ 4888273.719700000248849, 2090598.379599999636412, 0.0 ], [ 4888370.627399999648333, 2090535.908299999311566, 0.0 ], [ 4888427.655899999663234, 2090493.2774, 0.0 ], [ 4888473.375, 2090449.226700000464916, 0.0 ], [ 4888523.160299999639392, 2090381.078600000590086, 0.0 ], [ 4888570.728500000201166, 2090312.933900000527501, 0.0 ], [ 4888586.399299999698997, 2090264.7281, 0.0 ], [ 4888603.385700000450015, 2090206.574400000274181, 0.0 ], [ 4888633.288099999539554, 2090111.4912, 0.0 ], [ 4888707.289800000376999, 2090076.681900000199676, 0.0 ], [ 4888679.106499999761581, 2089984.004899999126792, 0.0 ], [ 4888475.992700000293553, 2089893.7956000007689, 0.0 ], [ 4888415.04590000025928, 2089835.646299999207258, 0.0 ], [ 4888407.100999999791384, 2089710.228199999779463, 0.0 ], [ 4888521.22690000012517, 2089670.718299999833107, 0.0 ], [ 4888662.393699999898672, 2089625.311699999496341, 0.0 ], [ 4888873.58490000013262, 2089402.764599999412894, 0.0 ], [ 4888911.524000000208616, 2089344.469799999147654, 0.0 ], [ 4888938.234199999831617, 2089339.899700000882149, 0.0 ], [ 4889049.274799999780953, 2089312.662000000476837, 0.0 ], [ 4889109.402900000102818, 2089190.349300000816584, 0.0 ], [ 4889109.865799999795854, 2088976.289599999785423, 0.0 ], [ 4889079.096599999815226, 2088934.451099999248981, 0.0 ], [ 4889064.047500000335276, 2088801.860500000417233, 0.0 ], [ 4889014.528800000436604, 2088750.324500000104308, 0.0 ], [ 4888940.520100000314415, 2088705.676000000908971, 0.0 ], [ 4888879.82120000012219, 2088665.64949999935925, 0.0 ], [ 4888855.020700000226498, 2088611.867200000211596, 0.0 ], [ 4888817.766099999658763, 2088532.354100000113249, 0.0 ], [ 4888724.462799999862909, 2088484.529200000688434, 0.0 ], [ 4888675.173600000329316, 2088438.629100000485778, 0.0 ], [ 4888623.4391, 2088388.42259999923408, 0.0 ], [ 4888604.27240000013262, 2088321.149700000882149, 0.0 ], [ 4888588.327499999664724, 2088258.513599999248981, 0.0 ], [ 4888518.791799999773502, 2088240.712899999693036, 0.0 ], [ 4888149.887900000438094, 2088192.520199999213219, 0.0 ], [ 4888006.4397, 2088196.26799999922514, 0.0 ], [ 4887819.231499999761581, 2088220.304199999198318, 0.0 ], [ 4887750.938299999572337, 2088218.305400000885129, 0.0 ], [ 4887685.947700000368059, 2088200.609200000762939, 0.0 ], [ 4887658.831399999558926, 2088155.781899999827147, 0.0 ], [ 4887682.11849999986589, 2088085.130899999290705, 0.0 ], [ 4887629.201299999840558, 2087985.528300000354648, 0.0 ], [ 4887569.178999999538064, 2087804.2686, 0.0 ], [ 4887538.2199, 2087709.937999999150634, 0.0 ], [ 4887475.7851, 2087621.732100000604987, 0.0 ], [ 4887446.401499999687076, 2087543.31279999949038, 0.0 ], [ 4887462.692699999548495, 2087389.788799999281764, 0.0 ], [ 4887444.010700000450015, 2087126.358200000599027, 0.0 ], [ 4887381.283900000154972, 2086916.03800000064075, 0.0 ], [ 4887382.8065, 2086521.290400000289083, 0.0 ], [ 4887425.9846, 2086331.589700000360608, 0.0 ], [ 4887406.394999999552965, 2086128.941500000655651, 0.0 ], [ 4887402.049700000323355, 2085813.991599999368191, 0.0 ], [ 4887429.9594, 2085794.942500000819564, 0.0 ], [ 4887435.020200000144541, 2085768.522900000214577, 0.0 ], [ 4887400.7111, 2085733.320499999448657, 0.0 ], [ 4887328.728799999691546, 2085637.061200000345707, 0.0 ], [ 4887321.535899999551475, 2085495.949300000444055, 0.0 ], [ 4887380.391800000332296, 2085336.616100000217557, 0.0 ], [ 4887440.5422, 2085152.747700000181794, 0.0 ], [ 4887368.8142, 2085153.958499999716878, 0.0 ], [ 4887181.702399999834597, 2085173.574100000783801, 0.0 ], [ 4887172.855600000359118, 2085113.690199999138713, 0.0 ], [ 4887166.920800000429153, 2085073.804500000551343, 0.0 ], [ 4887126.8322, 2084803.885199999436736, 0.0 ], [ 4887075.8597, 2084596.199699999764562, 0.0 ], [ 4887063.47620000038296, 2084468.798800000920892, 0.0 ], [ 4887197.352800000458956, 2084434.895300000905991, 0.0 ], [ 4887243.14850000012666, 2084214.5793999992311, 0.0 ], [ 4887268.886300000362098, 2084225.924100000411272, 0.0 ], [ 4887385.594700000248849, 2084278.023900000378489, 0.0 ], [ 4887354.04839999973774, 2084387.697200000286102, 0.0 ], [ 4887390.538099999539554, 2084397.699999999254942, 0.0 ], [ 4887412.7149, 2084324.730100000277162, 0.0 ], [ 4887423.848799999803305, 2084281.503900000825524, 0.0 ], [ 4887413.1957, 2084274.778400000184774, 0.0 ], [ 4887426.005099999718368, 2084240.0592, 0.0 ], [ 4887457.40500000026077, 2084256.810599999502301, 0.0 ], [ 4887517.6787, 2084155.714999999850988, 0.0 ], [ 4887572.351099999621511, 2084090.543700000271201, 0.0 ], [ 4887664.1787, 2084035.374500000849366, 0.0 ], [ 4887692.075899999588728, 2084007.26380000077188, 0.0 ], [ 4887730.370699999853969, 2083962.892799999564886, 0.0 ], [ 4887759.25829999987036, 2083929.697200000286102, 0.0 ], [ 4887959.248800000175834, 2083768.942600000649691, 0.0 ], [ 4888130.3821, 2083661.938999999314547, 0.0 ], [ 4888184.97690000012517, 2083542.949799999594688, 0.0 ], [ 4888231.4112, 2083301.858300000429153, 0.0 ], [ 4888151.4068, 2083178.755599999800324, 0.0 ], [ 4888117.397900000214577, 2083045.63990000076592, 0.0 ], [ 4888085.6908, 2082970.538899999111891, 0.0 ], [ 4888086.523400000296533, 2082857.2642, 0.0 ], [ 4888239.217799999751151, 2082648.61849999986589, 0.0 ], [ 4888273.795099999755621, 2082410.63880000077188, 0.0 ], [ 4888345.942499999888241, 2082238.689799999818206, 0.0 ], [ 4888386.641800000332296, 2081864.220899999141693, 0.0 ], [ 4888299.9216, 2081545.192299999296665, 0.0 ], [ 4888268.2275, 2081250.064500000327826, 0.0 ], [ 4888324.678999999538064, 2080957.019099999219179, 0.0 ], [ 4888328.713200000114739, 2080833.683399999514222, 0.0 ], [ 4888307.161399999633431, 2080574.7884, 0.0 ], [ 4888301.291799999773502, 2080502.854599999263883, 0.0 ], [ 4888294.522199999541044, 2080421.97069999948144, 0.0 ], [ 4888380.056800000369549, 2080305.037100000306964, 0.0 ], [ 4888364.318599999882281, 2080232.344000000506639, 0.0 ], [ 4888300.218100000172853, 2080144.4704, 0.0 ], [ 4888293.441499999724329, 2080058.724099999293685, 0.0 ], [ 4888251.432900000363588, 2079990.489399999380112, 0.0 ], [ 4888259.9375, 2079891.459599999710917, 0.0 ], [ 4888376.260099999606609, 2079750.058800000697374, 0.0 ], [ 4888437.922799999825656, 2079685.431500000879169, 0.0 ], [ 4888637.524600000120699, 2079476.167999999597669, 0.0 ], [ 4888632.858300000429153, 2079392.628900000825524, 0.0 ], [ 4888542.3761, 2079309.103000000119209, 0.0 ], [ 4888339.164099999703467, 2079168.827199999243021, 0.0 ], [ 4888253.2237, 2079082.974199999123812, 0.0 ], [ 4888034.846400000154972, 2078960.402599999681115, 0.0 ], [ 4888007.499800000339746, 2078834.460100000724196, 0.0 ], [ 4887974.572599999606609, 2078683.108300000429153, 0.0 ], [ 4887931.756, 2078363.905200000852346, 0.0 ], [ 4887851.526800000108778, 2078011.824100000783801, 0.0 ], [ 4887834.28000000026077, 2077893.050100000575185, 0.0 ], [ 4887824.125099999830127, 2077848.08699999935925, 0.0 ], [ 4887755.738599999807775, 2077787.957800000905991, 0.0 ], [ 4887754.846800000406802, 2077708.170399999246001, 0.0 ], [ 4887744.275700000114739, 2077681.994699999690056, 0.0 ], [ 4887711.843299999833107, 2077642.92090000025928, 0.0 ], [ 4887765.065999999642372, 2077567.917600000277162, 0.0 ], [ 4887752.762900000438094, 2077494.2248, 0.0 ], [ 4887708.972900000400841, 2077421.903799999505281, 0.0 ], [ 4887682.889499999582767, 2077249.876499999314547, 0.0 ], [ 4887592.154, 2077223.374900000169873, 0.0 ], [ 4887588.597, 2077140.718100000172853, 0.0 ], [ 4886352.7906, 2077160.090399999171495, 0.0 ], [ 4886164.376400000415742, 2077137.048800000920892, 0.0 ], [ 4886160.0417, 2077129.871999999508262, 0.0 ], [ 4886158.812599999830127, 2077123.464099999517202, 0.0 ], [ 4886157.354799999855459, 2077112.304700000211596, 0.0 ], [ 4886156.561700000427663, 2077100.702199999243021, 0.0 ], [ 4886151.119800000451505, 2077094.631999999284744, 0.0 ], [ 4886141.8054, 2077094.203700000420213, 0.0 ], [ 4886132.942300000227988, 2077098.968699999153614, 0.0 ], [ 4886123.9737, 2077107.4912, 0.0 ], [ 4886120.324300000444055, 2077114.016699999570847, 0.0 ], [ 4886114.346199999563396, 2077120.3246, 0.0 ], [ 4886108.585799999535084, 2077123.869400000199676, 0.0 ], [ 4886099.27489999961108, 2077125.761800000444055, 0.0 ], [ 4886091.179100000299513, 2077124.558000000193715, 0.0 ], [ 4886081.753700000233948, 2077124.019300000742078, 0.0 ], [ 4886074.442499999888241, 2077128.561000000685453, 0.0 ], [ 4886064.699900000356138, 2077138.521299999207258, 0.0 ], [ 4886054.189500000327826, 2077154.118899999186397, 0.0 ], [ 4886046.00690000038594, 2077169.270899999886751, 0.0 ], [ 4886035.273400000296533, 2077183.9847, 0.0 ], [ 4886025.078499999828637, 2077187.9781, 0.0 ], [ 4886014.43709999974817, 2077189.872400000691414, 0.0 ], [ 4886006.00800000037998, 2077188.227099999785423, 0.0 ], [ 4885999.567699999548495, 2077181.826899999752641, 0.0 ], [ 4885995.781700000166893, 2077170.781400000676513, 0.0 ], [ 4885995.663499999791384, 2077165.808499999344349, 0.0 ], [ 4885994.668200000189245, 2077167.578199999406934, 0.0 ], [ 4885938.76410000026226, 2077227.999500000849366, 0.0 ], [ 4885935.661299999803305, 2077229.219699999317527, 0.0 ], [ 4885930.122499999590218, 2077232.653699999675155, 0.0 ], [ 4885929.6858, 2077237.295800000429153, 0.0 ], [ 4885947.572599999606609, 2077261.471400000154972, 0.0 ], [ 4885957.572999999858439, 2077276.044199999421835, 0.0 ], [ 4885910.711199999786913, 2077302.746300000697374, 0.0 ], [ 4885900.629599999636412, 2077308.286699999123812, 0.0 ], [ 4885922.198200000450015, 2077348.039000000804663, 0.0 ], [ 4885950.880199999548495, 2077474.863700000569224, 0.0 ], [ 4885969.969399999827147, 2077562.691999999806285, 0.0 ], [ 4885969.090200000442564, 2077643.366499999538064, 0.0 ], [ 4885968.322999999858439, 2077649.445699999108911, 0.0 ], [ 4885972.3448, 2077669.994899999350309, 0.0 ], [ 4885960.461199999786913, 2077656.529999999329448, 0.0 ], [ 4885956.813799999654293, 2077664.381699999794364, 0.0 ], [ 4885956.574, 2077652.115299999713898, 0.0 ], [ 4885938.2741, 2077648.495300000533462, 0.0 ], [ 4885918.535500000230968, 2077646.75620000064373, 0.0 ], [ 4885830.878200000151992, 2077678.049499999731779, 0.0 ], [ 4885698.444199999794364, 2077721.123099999502301, 0.0 ], [ 4885655.886900000274181, 2077734.226299999281764, 0.0 ], [ 4885492.980399999767542, 2077789.7226, 0.0 ], [ 4885492.988099999725819, 2077794.916600000113249, 0.0 ], [ 4885493.801300000399351, 2077820.001499999314547, 0.0 ], [ 4885528.120199999772012, 2078833.560900000855327, 0.0 ], [ 4885506.722, 2078834.034600000828505, 0.0 ], [ 4885421.8405, 2078866.982300000265241, 0.0 ], [ 4885387.800699999555945, 2078866.148700000718236, 0.0 ], [ 4885272.435499999672174, 2078903.672700000926852, 0.0 ], [ 4885240.855700000189245, 2078916.870400000363588, 0.0 ], [ 4885059.65610000025481, 2078971.400800000876188, 0.0 ], [ 4884923.127899999730289, 2079018.239900000393391, 0.0 ], [ 4884855.973600000143051, 2079042.320900000631809, 0.0 ], [ 4884607.196600000374019, 2079134.306199999526143, 0.0 ], [ 4884388.7791, 2079212.433000000193715, 0.0 ], [ 4884333.80420000012964, 2079225.113600000739098, 0.0 ], [ 4884114.051400000229478, 2079299.817500000819564, 0.0 ], [ 4883922.458200000226498, 2079372.600999999791384, 0.0 ], [ 4883924.274000000208616, 2079400.447200000286102, 0.0 ], [ 4883912.832899999804795, 2079386.429400000721216, 0.0 ], [ 4883899.648400000296533, 2079392.858899999409914, 0.0 ], [ 4883642.0142, 2079492.154899999499321, 0.0 ], [ 4883543.019799999892712, 2079503.244899999350309, 0.0 ], [ 4883466.089499999769032, 2079514.301699999719858, 0.0 ], [ 4883413.548999999649823, 2079523.664000000804663, 0.0 ], [ 4883415.00690000038594, 2079534.60249999910593, 0.0 ], [ 4883418.260599999688566, 2079560.0154, 0.0 ], [ 4883426.5313, 2079603.655099999159575, 0.0 ], [ 4883432.105399999767542, 2079623.7599, 0.0 ], [ 4883436.447499999776483, 2079635.688699999824166, 0.0 ], [ 4883442.571899999864399, 2079653.1403, 0.0 ], [ 4883448.474499999545515, 2079670.481799999251962, 0.0 ], [ 4883457.501400000415742, 2079700.969499999657273, 0.0 ], [ 4883463.311200000345707, 2079730.356899999082088, 0.0 ], [ 4883474.935100000351667, 2079791.894600000232458, 0.0 ], [ 4883486.901399999856949, 2079859.951899999752641, 0.0 ], [ 4883490.036100000143051, 2079879.949899999424815, 0.0 ], [ 4883499.572800000198185, 2079954.4206000007689, 0.0 ], [ 4883506.740199999883771, 2080001.70890000090003, 0.0 ], [ 4883509.08669999986887, 2080013.751199999824166, 0.0 ], [ 4883480.710900000296533, 2080018.988099999725819, 0.0 ], [ 4883438.4797, 2080026.787799999117851, 0.0 ], [ 4883333.5356, 2080062.199799999594688, 0.0 ], [ 4883228.8163, 2080099.6009, 0.0 ], [ 4883144.1535, 2080129.23589999973774, 0.0 ], [ 4883058.495799999684095, 2080160.751199999824166, 0.0 ], [ 4882972.395899999886751, 2080193.151399999856949, 0.0 ], [ 4882851.493700000457466, 2080233.450999999418855, 0.0 ], [ 4882802.182300000451505, 2080251.53940000012517, 0.0 ], [ 4882766.943400000222027, 2080263.9704, 0.0 ], [ 4882654.2434, 2080302.600099999457598, 0.0 ], [ 4882634.741499999538064, 2080310.36570000089705, 0.0 ], [ 4882560.275299999862909, 2080337.333599999547005, 0.0 ], [ 4882284.354000000283122, 2080438.541799999773502, 0.0 ], [ 4882209.003600000403821, 2080467.169199999421835, 0.0 ], [ 4882170.437699999660254, 2080479.052999999374151, 0.0 ], [ 4882104.502100000157952, 2080501.477399999275804, 0.0 ], [ 4882076.801699999719858, 2080513.234099999070168, 0.0 ], [ 4882013.769999999552965, 2080549.4682, 0.0 ], [ 4882010.003399999812245, 2080551.463199999183416, 0.0 ], [ 4881997.8147, 2080556.344399999827147, 0.0 ], [ 4881918.6963, 2080585.972400000318885, 0.0 ], [ 4881754.2495, 2080644.464800000190735, 0.0 ], [ 4881565.206199999898672, 2080714.157199999317527, 0.0 ], [ 4881552.13150000013411, 2080719.592399999499321, 0.0 ], [ 4881548.478799999691546, 2080723.576500000432134, 0.0 ], [ 4881537.064299999736249, 2080727.1305, 0.0 ], [ 4881521.327200000174344, 2080731.685699999332428, 0.0 ], [ 4881535.57799999974668, 2080770.011700000613928, 0.0 ], [ 4881555.832399999722838, 2080819.0482, 0.0 ], [ 4881594.899400000460446, 2080916.902300000190735, 0.0 ], [ 4881619.372899999842048, 2080969.800300000235438, 0.0 ], [ 4881659.866899999789894, 2081058.369200000539422, 0.0 ], [ 4881673.905799999833107, 2081103.215700000524521, 0.0 ], [ 4881674.242499999701977, 2081105.867499999701977, 0.0 ], [ 4881699.195600000210106, 2081182.303899999707937, 0.0 ], [ 4881725.966699999757111, 2081287.470799999311566, 0.0 ], [ 4881758.511199999600649, 2081397.823000000789762, 0.0 ], [ 4881782.51549999974668, 2081506.309499999508262, 0.0 ], [ 4881810.640800000168383, 2081626.946100000292063, 0.0 ], [ 4881851.6562, 2081838.625199999660254, 0.0 ], [ 4881890.604899999685585, 2082076.278000000864267, 0.0 ], [ 4881897.7988, 2082140.143300000578165, 0.0 ], [ 4881915.047899999655783, 2082325.998999999836087, 0.0 ], [ 4881926.267900000326335, 2082484.456900000572205, 0.0 ], [ 4881936.510200000368059, 2082656.067199999466538, 0.0 ], [ 4881937.183299999684095, 2082733.204, 0.0 ], [ 4881935.185399999842048, 2082803.824699999764562, 0.0 ], [ 4881932.725399999879301, 2082862.289599999785423, 0.0 ], [ 4881926.956600000150502, 2082932.031999999657273, 0.0 ], [ 4881920.34499999973923, 2083030.398399999365211, 0.0 ], [ 4881917.379700000397861, 2083048.748099999502301, 0.0 ], [ 4881917.068699999712408, 2083062.783700000494719, 0.0 ], [ 4881907.527900000102818, 2083130.874199999496341, 0.0 ], [ 4881891.557500000111759, 2083271.470899999141693, 0.0 ], [ 4881874.032700000330806, 2083410.52280000038445, 0.0 ], [ 4881851.544599999673665, 2083566.269899999722838, 0.0 ], [ 4881841.750300000421703, 2083685.528200000524521, 0.0 ], [ 4881836.360500000417233, 2083713.2752, 0.0 ], [ 4881817.068400000222027, 2083784.58559999987483, 0.0 ], [ 4881790.395200000144541, 2083886.298499999567866, 0.0 ], [ 4881780.363800000399351, 2083923.667300000786781, 0.0 ], [ 4881779.535899999551475, 2083961.905999999493361, 0.0 ], [ 4881779.23589999973774, 2083983.014399999752641, 0.0 ], [ 4881786.3723, 2084009.415899999439716, 0.0 ], [ 4881803.19400000013411, 2084061.551899999380112, 0.0 ], [ 4881827.648699999786913, 2084102.735400000587106, 0.0 ], [ 4881829.4342, 2084110.247500000521541, 0.0 ], [ 4881627.882799999788404, 2084258.646099999547005, 0.0 ], [ 4881546.268899999558926, 2084320.770099999383092, 0.0 ], [ 4881515.14049999974668, 2084337.284700000658631, 0.0 ], [ 4881491.9775, 2084342.7358, 0.0 ], [ 4881460.063, 2084352.841900000348687, 0.0 ], [ 4881401.295199999585748, 2084347.959899999201298, 0.0 ], [ 4881330.6343, 2084323.646099999547005, 0.0 ], [ 4881261.629999999888241, 2084295.240900000557303, 0.0 ], [ 4881232.562599999830127, 2084282.466499999165535, 0.0 ], [ 4881205.25899999961257, 2084263.169099999591708, 0.0 ], [ 4881174.060499999672174, 2084234.594799999147654, 0.0 ], [ 4881004.718299999833107, 2084062.568199999630451, 0.0 ], [ 4880911.442800000309944, 2083968.998299999162555, 0.0 ], [ 4880897.9035, 2083960.509800000116229, 0.0 ], [ 4880832.764999999664724, 2083923.036800000816584, 0.0 ], [ 4880806.3558, 2083908.711200000718236, 0.0 ], [ 4880773.7462, 2083899.699899999424815, 0.0 ], [ 4880753.466699999757111, 2083905.809699999168515, 0.0 ], [ 4880722.097500000149012, 2083910.168600000441074, 0.0 ], [ 4880711.566999999806285, 2083911.511099999770522, 0.0 ], [ 4880701.367600000463426, 2083911.8586, 0.0 ], [ 4880686.842299999669194, 2083910.997099999338388, 0.0 ], [ 4880666.1074, 2083909.482200000435114, 0.0 ], [ 4880648.592400000430644, 2083910.94620000012219, 0.0 ], [ 4880631.1913, 2083914.399299999698997, 0.0 ], [ 4880616.342000000178814, 2083919.063999999314547, 0.0 ], [ 4880595.7407, 2083932.136600000783801, 0.0 ], [ 4880580.5713, 2083944.7588, 0.0 ], [ 4880569.278599999845028, 2083954.943600000813603, 0.0 ], [ 4880574.881299999542534, 2083992.951400000602007, 0.0 ], [ 4880579.043800000101328, 2084031.624500000849366, 0.0 ], [ 4880581.179100000299513, 2084050.0768, 0.0 ], [ 4880598.812300000339746, 2084195.374099999666214, 0.0 ], [ 4880607.007799999788404, 2084260.7851, 0.0 ], [ 4880615.089999999850988, 2084324.649000000208616, 0.0 ], [ 4880624.487700000405312, 2084378.896299999207258, 0.0 ], [ 4880627.747000000439584, 2084407.182600000873208, 0.0 ], [ 4880629.9002, 2084437.1283, 0.0 ], [ 4880628.917600000277162, 2084446.854900000616908, 0.0 ], [ 4880625.6009, 2084452.8278, 0.0 ], [ 4880621.841199999675155, 2084459.132999999448657, 0.0 ], [ 4880615.8662, 2084466.767699999734759, 0.0 ], [ 4880575.116600000299513, 2084498.769600000232458, 0.0 ], [ 4880535.810200000181794, 2084531.984899999573827, 0.0 ], [ 4880509.017400000244379, 2084555.897700000554323, 0.0 ], [ 4880479.3695, 2084597.386399999260902, 0.0 ], [ 4880452.604899999685585, 2084639.31279999949038, 0.0 ], [ 4880417.529699999839067, 2084684.125499999150634, 0.0 ], [ 4880395.508500000461936, 2084710.6831, 0.0 ], [ 4880362.642699999734759, 2084750.2982, 0.0 ], [ 4880295.70380000025034, 2084837.377000000327826, 0.0 ], [ 4880271.915900000371039, 2084868.468499999493361, 0.0 ], [ 4880216.4847999997437, 2084941.051999999210238, 0.0 ], [ 4880102.857099999673665, 2085089.981200000271201, 0.0 ], [ 4880047.342400000430644, 2085179.694599999114871, 0.0 ], [ 4879995.919099999591708, 2085262.549900000914931, 0.0 ], [ 4879981.432199999690056, 2085285.891000000759959, 0.0 ], [ 4879975.239099999889731, 2085295.736400000751019, 0.0 ], [ 4879974.1332, 2085297.506400000303984, 0.0 ], [ 4879911.438500000163913, 2085403.808299999684095, 0.0 ], [ 4879870.3059, 2085473.717499999329448, 0.0 ], [ 4879851.397900000214577, 2085505.685599999502301, 0.0 ], [ 4879790.8048, 2085608.668999999761581, 0.0 ], [ 4879772.339200000278652, 2085639.8629, 0.0 ], [ 4879735.740299999713898, 2085702.139699999243021, 0.0 ], [ 4879710.984299999661744, 2085751.688699999824166, 0.0 ], [ 4879707.667000000365078, 2085757.2195999994874, 0.0 ], [ 4879672.396599999628961, 2085818.168199999257922, 0.0 ], [ 4879643.760900000110269, 2085868.165400000289083, 0.0 ], [ 4879617.668100000359118, 2085913.627699999138713, 0.0 ], [ 4879611.8081, 2085923.693600000813603, 0.0 ], [ 4879501.239199999719858, 2086112.183299999684095, 0.0 ], [ 4879488.634600000455976, 2086133.753399999812245, 0.0 ], [ 4879471.16440000012517, 2086163.288100000470877, 0.0 ], [ 4879437.551199999637902, 2086220.36629999987781, 0.0 ], [ 4879397.7467, 2086288.174100000411272, 0.0 ], [ 4879396.86780000012368, 2086293.259099999442697, 0.0 ], [ 4879356.179999999701977, 2086363.38910000026226, 0.0 ], [ 4879266.952399999834597, 2086515.707699999213219, 0.0 ], [ 4879167.996899999678135, 2086685.613600000739098, 0.0 ], [ 4879164.121000000275671, 2086688.38260000012815, 0.0 ], [ 4879104.647300000302494, 2086796.7804000005126, 0.0 ], [ 4878967.9825, 2087026.424000000581145, 0.0 ], [ 4878853.8761, 2087219.010099999606609, 0.0 ], [ 4878738.4403, 2087411.819599999114871, 0.0 ], [ 4878721.594200000166893, 2087484.675100000575185, 0.0 ], [ 4878732.110100000165403, 2087474.49100000038743, 0.0 ], [ 4878741.192200000397861, 2087468.950899999588728, 0.0 ], [ 4878751.499200000427663, 2087466.834699999541044, 0.0 ], [ 4878768.1261, 2087465.039899999275804, 0.0 ], [ 4878785.75789999961853, 2087467.774700000882149, 0.0 ], [ 4878800.512900000438094, 2087474.0504, 0.0 ], [ 4878813.724299999885261, 2087485.633300000801682, 0.0 ], [ 4878827.2621, 2087493.347699999809265, 0.0 ], [ 4878838.142799999564886, 2087503.3871, 0.0 ], [ 4878853.681300000287592, 2087514.30320000089705, 0.0 ], [ 4878864.8936, 2087523.678999999538064, 0.0 ], [ 4878880.210799999535084, 2087534.92710000090301, 0.0 ], [ 4878900.854399999603629, 2087549.261, 0.0 ], [ 4878917.492499999701977, 2087554.539100000634789, 0.0 ], [ 4878936.025899999774992, 2087566.44510000012815, 0.0 ], [ 4878955.225499999709427, 2087579.0131, 0.0 ], [ 4878967.9967, 2087592.69649999961257, 0.0 ], [ 4878981.763899999670684, 2087605.27309999987483, 0.0 ], [ 4878996.6447, 2087620.942399999126792, 0.0 ], [ 4879009.307300000451505, 2087636.062599999830127, 0.0 ], [ 4879021.7445, 2087648.862400000914931, 0.0 ], [ 4879039.8394, 2087663.973999999463558, 0.0 ], [ 4879061.707399999722838, 2087681.400399999693036, 0.0 ], [ 4879074.364400000311434, 2087692.984200000762939, 0.0 ], [ 4879092.123200000263751, 2087705.886, 0.0 ], [ 4879111.872600000351667, 2087715.690300000831485, 0.0 ], [ 4879131.2895, 2087725.495200000703335, 0.0 ], [ 4879147.044300000183284, 2087733.095599999651313, 0.0 ], [ 4879168.566499999724329, 2087742.233999999240041, 0.0 ], [ 4879186.097400000318885, 2087751.268200000748038, 0.0 ], [ 4879197.081899999640882, 2087756.887000000104308, 0.0 ], [ 4879212.29079999960959, 2087769.792899999767542, 0.0 ], [ 4879221.856300000101328, 2087789.449100000783801, 0.0 ], [ 4879232.086900000460446, 2087808.99379999935627, 0.0 ], [ 4879240.21, 2087827.878699999302626, 0.0 ], [ 4879249.662899999879301, 2087846.429999999701977, 0.0 ], [ 4879258.329300000332296, 2087858.351700000464916, 0.0 ], [ 4879266.439500000327826, 2087869.169099999591708, 0.0 ], [ 4879272.44510000012815, 2087881.095100000500679, 0.0 ], [ 4879288.6535, 2087895.104599999263883, 0.0 ], [ 4879298.9737, 2087901.276900000870228, 0.0 ], [ 4879314.0685, 2087912.193800000473857, 0.0 ], [ 4879328.500300000421703, 2087924.437899999320507, 0.0 ], [ 4879346.924700000323355, 2087937.670299999415874, 0.0 ], [ 4879364.567099999636412, 2087947.14640000090003, 0.0 ], [ 4879381.7681, 2087957.949400000274181, 0.0 ], [ 4879399.417700000107288, 2087971.956599999219179, 0.0 ], [ 4879416.399799999780953, 2087984.528200000524521, 0.0 ], [ 4879431.607099999673665, 2087996.439600000157952, 0.0 ], [ 4879445.374699999578297, 2088009.347799999639392, 0.0 ], [ 4879460.2593, 2088027.558900000527501, 0.0 ], [ 4879472.260300000198185, 2088045.001000000163913, 0.0 ], [ 4879484.93099999986589, 2088065.315400000661612, 0.0 ], [ 4879490.834300000220537, 2088082.656700000166893, 0.0 ], [ 4879495.307699999772012, 2088107.183599999174476, 0.0 ], [ 4879497.114900000393391, 2088128.178300000727177, 0.0 ], [ 4879497.116100000217557, 2088128.951899999752641, 0.0 ], [ 4879494.260800000280142, 2088146.086100000888109, 0.0 ], [ 4879486.740500000305474, 2088157.701899999752641, 0.0 ], [ 4879483.31319999974221, 2088163.675100000575185, 0.0 ], [ 4879476.009600000455976, 2088172.085699999704957, 0.0 ], [ 4879463.599600000306964, 2088176.304999999701977, 0.0 ], [ 4879450.964499999769032, 2088178.424799999222159, 0.0 ], [ 4879435.442599999718368, 2088177.786299999803305, 0.0 ], [ 4879423.46100000012666, 2088172.500700000673532, 0.0 ], [ 4879404.716799999587238, 2088167.336300000548363, 0.0 ], [ 4879388.509600000455976, 2088153.989900000393391, 0.0 ], [ 4879366.426199999637902, 2088140.431800000369549, 0.0 ], [ 4879346.782599999569356, 2088127.422399999573827, 0.0 ], [ 4879327.029500000178814, 2088115.186799999326468, 0.0 ], [ 4879309.047500000335276, 2088101.2906, 0.0 ], [ 4879298.277200000360608, 2088090.91950000077486, 0.0 ], [ 4879289.397099999710917, 2088083.971200000494719, 0.0 ], [ 4879276.417700000107288, 2088078.68720000050962, 0.0 ], [ 4879263.997100000269711, 2088076.27559999935329, 0.0 ], [ 4879248.923000000417233, 2088078.399399999529123, 0.0 ], [ 4879232.961500000208616, 2088080.193, 0.0 ], [ 4879217.890700000338256, 2088084.416400000452995, 0.0 ], [ 4879202.264600000344217, 2088087.977700000628829, 0.0 ], [ 4879187.859000000171363, 2088092.200200000777841, 0.0 ], [ 4879175.115899999625981, 2088096.088400000706315, 0.0 ], [ 4879157.831199999898672, 2088102.415200000628829, 0.0 ], [ 4879140.214999999850988, 2088109.405600000172853, 0.0 ], [ 4879124.706799999810755, 2088117.387299999594688, 0.0 ], [ 4879104.539200000464916, 2088123.3871, 0.0 ], [ 4879079.601599999703467, 2088127.626299999654293, 0.0 ], [ 4879050.340300000272691, 2088131.872500000521541, 0.0 ], [ 4879030.948200000450015, 2088137.5395, 0.0 ], [ 4879021.320899999700487, 2088148.71680000051856, 0.0 ], [ 4879026.005699999630451, 2088166.612500000745058, 0.0 ], [ 4879037.005599999800324, 2088181.956399999558926, 0.0 ], [ 4879049.003499999642372, 2088197.409199999645352, 0.0 ], [ 4879062.00069999974221, 2088213.855100000277162, 0.0 ], [ 4879073.659199999645352, 2088224.998400000855327, 0.0 ], [ 4879088.198400000110269, 2088235.1425, 0.0 ], [ 4879101.2949, 2088244.294299999251962, 0.0 ], [ 4879117.046799999661744, 2088250.12639999948442, 0.0 ], [ 4879135.454699999652803, 2088252.970499999821186, 0.0 ], [ 4879152.4178, 2088253.606599999591708, 0.0 ], [ 4879177.795400000177324, 2088247.2668999992311, 0.0 ], [ 4879198.737300000153482, 2088240.160700000822544, 0.0 ], [ 4879213.584599999710917, 2088234.832399999722838, 0.0 ], [ 4879223.111100000329316, 2088229.954700000584126, 0.0 ], [ 4879235.4046, 2088222.199200000613928, 0.0 ], [ 4879244.9337, 2088218.979100000113249, 0.0 ], [ 4879255.908599999733269, 2088218.630100000649691, 0.0 ], [ 4879268.551400000229478, 2088221.372899999842048, 0.0 ], [ 4879282.308000000193715, 2088227.31870000064373, 0.0 ], [ 4879297.8383, 2088233.261800000444055, 0.0 ], [ 4879309.605399999767542, 2088243.07880000025034, 0.0 ], [ 4879322.262799999676645, 2088254.994100000709295, 0.0 ], [ 4879333.926300000399351, 2088269.342399999499321, 0.0 ], [ 4879342.486100000329316, 2088284.027100000530481, 0.0 ], [ 4879347.168700000271201, 2088300.596699999645352, 0.0 ], [ 4879351.855000000447035, 2088319.487099999561906, 0.0 ], [ 4879355.099700000137091, 2088338.158700000494719, 0.0 ], [ 4879358.01549999974668, 2088359.151699999347329, 0.0 ], [ 4879360.824799999594688, 2088382.907700000330806, 0.0 ], [ 4879359.859899999573827, 2088403.575200000777841, 0.0 ], [ 4879359.863199999555945, 2088405.675000000745058, 0.0 ], [ 4879358.457700000144541, 2088428.111500000581145, 0.0 ], [ 4879355.280600000172853, 2088451.987500000745058, 0.0 ], [ 4879353.417500000447035, 2088465.583599999547005, 0.0 ], [ 4879350.667399999685585, 2088479.070699999108911, 0.0 ], [ 4879348.922899999655783, 2088497.529200000688434, 0.0 ], [ 4879345.064000000245869, 2088510.907500000670552, 0.0 ], [ 4879345.067900000140071, 2088513.3388, 0.0 ], [ 4879342.095300000160933, 2088526.384199999272823, 0.0 ], [ 4879338.7856, 2088536.556700000539422, 0.0 ], [ 4879333.937300000339746, 2088555.2412, 0.0 ], [ 4879329.854399999603629, 2088567.183199999853969, 0.0 ], [ 4879322.668700000271201, 2088580.0142, 0.0 ], [ 4879315.8109, 2088589.8608, 0.0 ], [ 4879310.172500000335276, 2088599.70549999922514, 0.0 ], [ 4879300.878499999642372, 2088611.324200000613928, 0.0 ], [ 4879292.79700000025332, 2088618.520400000736117, 0.0 ], [ 4879285.271499999798834, 2088626.820900000631809, 0.0 ], [ 4879283.8498, 2088639.090199999511242, 0.0 ], [ 4879291.629200000315905, 2088651.013299999758601, 0.0 ], [ 4879302.721599999815226, 2088654.863700000569224, 0.0 ], [ 4879314.692300000227988, 2088653.297399999573827, 0.0 ], [ 4879338.080400000326335, 2088650.8289, 0.0 ], [ 4879355.146200000308454, 2088646.38120000064373, 0.0 ], [ 4879366.787700000219047, 2088646.915300000458956, 0.0 ], [ 4879380.97719999961555, 2088646.340199999511242, 0.0 ], [ 4879390.839700000360608, 2088643.6722, 0.0 ], [ 4879401.922500000335276, 2088641.444299999624491, 0.0 ], [ 4879411.227400000207126, 2088636.677400000393391, 0.0 ], [ 4879422.642900000326335, 2088634.559499999508262, 0.0 ], [ 4879434.619900000281632, 2088636.971799999475479, 0.0 ], [ 4879445.4929, 2088642.259099999442697, 0.0 ], [ 4879456.580199999734759, 2088642.9046, 0.0 ], [ 4879466.118900000117719, 2088645.762800000607967, 0.0 ], [ 4879474.878100000321865, 2088646.412000000476837, 0.0 ], [ 4879487.745699999853969, 2088651.1436, 0.0 ], [ 4879499.731700000353158, 2088659.192099999636412, 0.0 ], [ 4879509.942800000309944, 2088666.580299999564886, 0.0 ], [ 4879518.385300000198185, 2088677.286699999123812, 0.0 ], [ 4879521.9528, 2088689.768999999389052, 0.0 ], [ 4879525.299499999731779, 2088702.914799999445677, 0.0 ], [ 4879527.7555, 2088713.630799999460578, 0.0 ], [ 4879525.662100000306964, 2088721.812100000679493, 0.0 ], [ 4879524.461900000460446, 2088733.970499999821186, 0.0 ], [ 4879519.045800000429153, 2088744.14640000090003, 0.0 ], [ 4879513.741499999538064, 2088754.874600000679493, 0.0 ], [ 4879504.8871, 2088764.061300000175834, 0.0 ], [ 4879497.467899999581277, 2088769.488199999555945, 0.0 ], [ 4879479.301599999889731, 2088779.021299999207258, 0.0 ], [ 4879461.907599999569356, 2088786.232300000265241, 0.0 ], [ 4879439.743599999696016, 2088791.572200000286102, 0.0 ], [ 4879430.990199999883771, 2088794.570000000298023, 0.0 ], [ 4879419.022300000302494, 2088797.904400000348687, 0.0 ], [ 4879406.940600000321865, 2088799.360300000756979, 0.0 ], [ 4879394.417600000277162, 2088802.14299999922514, 0.0 ], [ 4879379.4534, 2088803.603499999269843, 0.0 ], [ 4879365.92960000038147, 2088804.509099999442697, 0.0 ], [ 4879364.155799999833107, 2088804.512000000104308, 0.0 ], [ 4879353.072100000455976, 2088806.0768, 0.0 ], [ 4879350.9666, 2088806.6327, 0.0 ], [ 4879338.6656, 2088809.636099999770522, 0.0 ], [ 4879336.006799999624491, 2088810.856000000610948, 0.0 ], [ 4879328.811200000345707, 2088817.387800000607967, 0.0 ], [ 4879328.14879999961704, 2088819.156999999657273, 0.0 ], [ 4879327.9457, 2088830.871799999848008, 0.0 ], [ 4879327.9485, 2088832.640000000596046, 0.0 ], [ 4879330.0757, 2088845.677300000563264, 0.0 ], [ 4879337.740299999713898, 2088855.169199999421835, 0.0 ], [ 4879348.9528, 2088864.876599999144673, 0.0 ], [ 4879360.387299999594688, 2088874.6941, 0.0 ], [ 4879380.8021, 2088884.8289, 0.0 ], [ 4879398.559399999678135, 2088896.9572, 0.0 ], [ 4879412.649799999780953, 2088903.786599999293685, 0.0 ], [ 4879430.623200000263751, 2088912.378100000321865, 0.0 ], [ 4879451.48369999974966, 2088923.948899999260902, 0.0 ], [ 4879469.346699999645352, 2088932.872099999338388, 0.0 ], [ 4879483.768299999646842, 2088938.8169, 0.0 ], [ 4879498.749800000339746, 2088948.2972, 0.0 ], [ 4879511.401200000196695, 2088956.565700000151992, 0.0 ], [ 4879525.930100000463426, 2088960.300000000745058, 0.0 ], [ 4879537.580799999646842, 2088966.691299999132752, 0.0 ], [ 4879543.1288, 2088969.776900000870228, 0.0 ], [ 4879555.4501, 2088979.593000000342727, 0.0 ], [ 4879569.5466, 2088990.290500000119209, 0.0 ], [ 4879580.86629999987781, 2088997.676899999380112, 0.0 ], [ 4879592.634200000204146, 2089008.046499999240041, 0.0 ], [ 4879610.614500000141561, 2089021.058499999344349, 0.0 ], [ 4879622.496799999848008, 2089033.6382, 0.0 ], [ 4879635.145700000226498, 2089040.359400000423193, 0.0 ], [ 4879646.358, 2089049.956299999728799, 0.0 ], [ 4879660.560600000433624, 2089057.669700000435114, 0.0 ], [ 4879671.991100000217557, 2089065.05599999986589, 0.0 ], [ 4879686.967000000178814, 2089071.0, 0.0 ], [ 4879702.498999999836087, 2089078.158700000494719, 0.0 ], [ 4879714.926099999807775, 2089084.769799999892712, 0.0 ], [ 4879727.910000000149012, 2089093.037699999287724, 0.0 ], [ 4879750.9835, 2089101.9527000002563, 0.0 ], [ 4879768.843100000172853, 2089108.776200000196695, 0.0 ], [ 4879784.264600000344217, 2089116.156199999153614, 0.0 ], [ 4879801.350700000301003, 2089124.528100000694394, 0.0 ], [ 4879816.1075, 2089132.240599999204278, 0.0 ], [ 4879829.20160000026226, 2089140.066299999132752, 0.0 ], [ 4879847.5099, 2089150.204600000753999, 0.0 ], [ 4879863.1551, 2089158.799799999222159, 0.0 ], [ 4879880.7982, 2089168.939099999144673, 0.0 ], [ 4879897.224100000225008, 2089180.517000000923872, 0.0 ], [ 4879909.659, 2089192.101199999451637, 0.0 ], [ 4879923.646499999798834, 2089204.014499999582767, 0.0 ], [ 4879936.410299999639392, 2089213.2774, 0.0 ], [ 4879949.504499999806285, 2089221.213600000366569, 0.0 ], [ 4879960.604899999685585, 2089230.147600000724196, 0.0 ], [ 4879981.4676, 2089243.265699999406934, 0.0 ], [ 4879982.68819999974221, 2089243.926799999549985, 0.0 ], [ 4879996.668399999849498, 2089251.309100000187755, 0.0 ], [ 4880011.095499999821186, 2089260.790400000289083, 0.0 ], [ 4880028.740299999713898, 2089272.034800000488758, 0.0 ], [ 4880045.387000000104308, 2089283.059800000861287, 0.0 ], [ 4880062.475700000301003, 2089293.199999999254942, 0.0 ], [ 4880077.457100000232458, 2089302.680500000715256, 0.0 ], [ 4880094.318799999542534, 2089309.505599999800324, 0.0 ], [ 4880114.72759999986738, 2089315.993599999696016, 0.0 ], [ 4880131.362599999643862, 2089319.614199999719858, 0.0 ], [ 4880143.0044, 2089320.479900000616908, 0.0 ], [ 4880154.756799999624491, 2089321.124399999156594, 0.0 ], [ 4880169.393299999646842, 2089322.8695, 0.0 ], [ 4880186.807400000281632, 2089328.4781, 0.0 ], [ 4880205.11089999973774, 2089335.63260000012815, 0.0 ], [ 4880220.75789999961853, 2089345.443499999120831, 0.0 ], [ 4880231.192499999888241, 2089354.0471, 0.0 ], [ 4880244.737800000235438, 2089366.845200000330806, 0.0 ], [ 4880256.841699999757111, 2089379.5351, 0.0 ], [ 4880267.946600000374019, 2089391.342499999329448, 0.0 ], [ 4880278.166899999603629, 2089404.6985, 0.0 ], [ 4880288.496399999596179, 2089416.949100000783801, 0.0 ], [ 4880298.381400000303984, 2089428.537399999797344, 0.0 ], [ 4880305.160299999639392, 2089438.91499999910593, 0.0 ], [ 4880312.719100000336766, 2089451.7226, 0.0 ], [ 4880318.5017, 2089462.9858, 0.0 ], [ 4880320.066999999806285, 2089471.38230000063777, 0.0 ], [ 4880321.30449999962002, 2089482.763299999758601, 0.0 ], [ 4880325.75899999961257, 2089495.465299999341369, 0.0 ], [ 4880331.547899999655783, 2089510.707000000402331, 0.0 ], [ 4880338.003600000403821, 2089527.052699999883771, 0.0 ], [ 4880337.912499999627471, 2089539.540899999439716, 0.0 ], [ 4880337.91579999960959, 2089541.640599999576807, 0.0 ], [ 4880336.600200000219047, 2089550.925799999386072, 0.0 ], [ 4880331.623599999584258, 2089558.669600000604987, 0.0 ], [ 4880326.872899999842048, 2089568.954900000244379, 0.0 ], [ 4880321.67879999987781, 2089579.351399999111891, 0.0 ], [ 4880314.598399999551475, 2089588.645700000226498, 0.0 ], [ 4880309.174599999561906, 2089593.95890000090003, 0.0 ], [ 4880302.200299999676645, 2089600.269200000911951, 0.0 ], [ 4880295.115000000223517, 2089606.469100000336766, 0.0 ], [ 4880287.252999999560416, 2089612.228199999779463, 0.0 ], [ 4880269.528, 2089620.323699999600649, 0.0 ], [ 4880254.683299999684095, 2089627.088500000536442, 0.0 ], [ 4880243.275600000284612, 2089634.068900000303984, 0.0 ], [ 4880227.983300000429153, 2089638.182099999859929, 0.0 ], [ 4880214.462100000120699, 2089640.634800000116229, 0.0 ], [ 4880196.953499999828637, 2089645.303999999538064, 0.0 ], [ 4880183.2144, 2089650.188400000333786, 0.0 ], [ 4880168.808600000105798, 2089654.07909999974072, 0.0 ], [ 4880151.853900000452995, 2089658.526499999687076, 0.0 ], [ 4880130.689799999818206, 2089665.080299999564886, 0.0 ], [ 4880110.631199999712408, 2089669.643100000917912, 0.0 ], [ 4880090.573400000110269, 2089674.758500000461936, 0.0 ], [ 4880073.621500000357628, 2089680.974099999293685, 0.0 ], [ 4880058.2199, 2089686.082100000232458, 0.0 ], [ 4880041.1568, 2089692.0768, 0.0 ], [ 4880027.530399999581277, 2089698.066199999302626, 0.0 ], [ 4880010.136099999770522, 2089704.945599999278784, 0.0 ], [ 4879996.065899999812245, 2089710.714600000530481, 0.0 ], [ 4879979.8925, 2089718.476099999621511, 0.0 ], [ 4879966.709499999880791, 2089724.464800000190735, 0.0 ], [ 4879951.420199999585748, 2089730.456700000911951, 0.0 ], [ 4879936.574799999594688, 2089736.779500000178814, 0.0 ], [ 4879920.292500000447035, 2089745.756999999284744, 0.0 ], [ 4879907.553000000305474, 2089751.744899999350309, 0.0 ], [ 4879891.601700000464916, 2089759.72719999961555, 0.0 ], [ 4879878.198900000192225, 2089766.931800000369549, 0.0 ], [ 4879863.798899999819696, 2089774.4695999994874, 0.0 ], [ 4879843.414099999703467, 2089783.011499999091029, 0.0 ], [ 4879825.578599999658763, 2089791.328299999237061, 0.0 ], [ 4879808.852900000289083, 2089800.306399999186397, 0.0 ], [ 4879792.678600000217557, 2089807.51549999974668, 0.0 ], [ 4879781.600999999791384, 2089812.837799999862909, 0.0 ], [ 4879769.0762, 2089814.404799999669194, 0.0 ], [ 4879754.574099999852479, 2089827.468499999493361, 0.0 ], [ 4879746.837100000120699, 2089842.068499999120831, 0.0 ], [ 4879743.201999999582767, 2089856.772600000724196, 0.0 ], [ 4879739.675699999555945, 2089870.150399999693036, 0.0 ], [ 4879739.7999, 2089878.549200000241399, 0.0 ], [ 4879737.93709999974817, 2089892.255799999460578, 0.0 ], [ 4879737.9644, 2089909.495899999514222, 0.0 ], [ 4879737.967799999751151, 2089911.59569999948144, 0.0 ], [ 4879741.538499999791384, 2089926.177799999713898, 0.0 ], [ 4879750.317699999548495, 2089939.536000000312924, 0.0 ], [ 4879758.422500000335276, 2089947.03800000064075, 0.0 ], [ 4879766.7483, 2089954.097699999809265, 0.0 ], [ 4879778.17920000012964, 2089961.815500000491738, 0.0 ], [ 4879789.272300000302494, 2089966.218399999663234, 0.0 ], [ 4879798.255800000391901, 2089968.63539999909699, 0.0 ], [ 4879810.126299999654293, 2089973.92119999974966, 0.0 ], [ 4879827.647900000214577, 2089977.4298, 0.0 ], [ 4879843.724000000394881, 2089978.2884, 0.0 ], [ 4879861.0241, 2089981.9079, 0.0 ], [ 4879877.321999999694526, 2089982.766100000590086, 0.0 ], [ 4879892.514899999834597, 2089985.946900000795722, 0.0 ], [ 4879907.150100000202656, 2089986.918299999088049, 0.0 ], [ 4879925.113099999725819, 2089989.21059999987483, 0.0 ], [ 4879940.7483, 2089991.61710000038147, 0.0 ], [ 4879955.4978, 2089994.798599999397993, 0.0 ], [ 4879967.3722, 2090002.515699999406934, 0.0 ], [ 4879978.80460000038147, 2090011.2281, 0.0 ], [ 4879987.141200000420213, 2090025.139599999412894, 0.0 ], [ 4879989.602900000289083, 2090039.502399999648333, 0.0 ], [ 4879986.628600000403821, 2090051.442600000649691, 0.0 ], [ 4879975.221800000406802, 2090058.8651, 0.0 ], [ 4879973.670300000347197, 2090059.199100000783801, 0.0 ], [ 4879963.4781, 2090063.635800000280142, 0.0 ], [ 4879946.413200000301003, 2090068.41499999910593, 0.0 ], [ 4879932.3415, 2090073.189400000497699, 0.0 ], [ 4879924.256699999794364, 2090078.285800000652671, 0.0 ], [ 4879910.7407, 2090083.943499999120831, 0.0 ], [ 4879899.1108, 2090090.482200000435114, 0.0 ], [ 4879885.598600000143051, 2090098.57120000012219, 0.0 ], [ 4879867.657100000418723, 2090109.871999999508262, 0.0 ], [ 4879855.913499999791384, 2090114.642699999734759, 0.0 ], [ 4879839.180800000205636, 2090119.200400000438094, 0.0 ], [ 4879827.7703, 2090124.30210000090301, 0.0 ], [ 4879815.1398, 2090129.074300000444055, 0.0 ], [ 4879798.7423, 2090135.289100000634789, 0.0 ], [ 4879782.566700000315905, 2090141.614099999889731, 0.0 ], [ 4879760.950000000186265, 2090142.311499999836087, 0.0 ], [ 4879751.30460000038147, 2090141.995300000533462, 0.0 ], [ 4879741.5472, 2090140.905600000172853, 0.0 ], [ 4879722.373100000433624, 2090143.92, 0.0 ], [ 4879702.860600000247359, 2090143.287900000810623, 0.0 ], [ 4879682.462299999780953, 2090143.32039999961853, 0.0 ], [ 4879668.042999999597669, 2090138.591199999675155, 0.0 ], [ 4879656.845700000412762, 2090138.388000000268221, 0.0 ], [ 4879642.878700000233948, 2090139.294299999251962, 0.0 ], [ 4879640.551, 2090139.519099999219179, 0.0 ], [ 4879633.5707, 2090141.961500000208616, 0.0 ], [ 4879622.38190000038594, 2090147.062899999320507, 0.0 ], [ 4879612.96999999973923, 2090154.150699999183416, 0.0 ], [ 4879600.3476, 2090164.00650000013411, 0.0 ], [ 4879581.965400000102818, 2090176.965900000184774, 0.0 ], [ 4879568.899000000208616, 2090186.490900000557303, 0.0 ], [ 4879554.512699999846518, 2090202.53830000013113, 0.0 ], [ 4879545.548700000159442, 2090212.3882, 0.0 ], [ 4879535.698300000280142, 2090222.57120000012219, 0.0 ], [ 4879528.508899999782443, 2090232.970899999141693, 0.0 ], [ 4879518.768000000156462, 2090242.269600000232458, 0.0 ], [ 4879511.79700000025332, 2090250.569199999794364, 0.0 ], [ 4879505.0472, 2090258.53690000064671, 0.0 ], [ 4879498.2999, 2090268.051899999380112, 0.0 ], [ 4879489.3449, 2090283.53800000064075, 0.0 ], [ 4879484.604100000113249, 2090300.0121, 0.0 ], [ 4879487.8388, 2090312.384500000625849, 0.0 ], [ 4879492.075299999676645, 2090327.2971, 0.0 ], [ 4879494.758600000292063, 2090341.549100000411272, 0.0 ], [ 4879503.874900000169873, 2090357.669600000604987, 0.0 ], [ 4879511.9962, 2090375.559800000861287, 0.0 ], [ 4879518.340200000442564, 2090391.24269999936223, 0.0 ], [ 4879522.808400000445545, 2090412.454199999570847, 0.0 ], [ 4879528.1497, 2090425.044199999421835, 0.0 ], [ 4879533.2697, 2090437.855599999427795, 0.0 ], [ 4879536.618800000287592, 2090452.438100000843406, 0.0 ], [ 4879541.074099999852479, 2090465.582100000232458, 0.0 ], [ 4879544.09389999974519, 2090482.26490000076592, 0.0 ], [ 4879546.109299999661744, 2090494.74970000050962, 0.0 ], [ 4879551.342400000430644, 2090508.997600000351667, 0.0 ], [ 4879553.245500000193715, 2090520.598500000312924, 0.0 ], [ 4879555.0472, 2090538.167300000786781, 0.0 ], [ 4879558.066999999806285, 2090554.850099999457598, 0.0 ], [ 4879558.759100000374019, 2090571.75760000012815, 0.0 ], [ 4879561.445000000298023, 2090587.556800000369549, 0.0 ], [ 4879564.138000000268221, 2090607.887000000104308, 0.0 ], [ 4879563.5992, 2090617.612999999895692, 0.0 ], [ 4879563.96059999987483, 2090635.736700000241399, 0.0 ], [ 4879564.542899999767542, 2090653.307399999350309, 0.0 ], [ 4879564.57149999961257, 2090671.21059999987483, 0.0 ], [ 4879564.264399999752641, 2090687.235600000247359, 0.0 ], [ 4879561.956799999810755, 2090700.058800000697374, 0.0 ], [ 4879559.3141, 2090711.335400000214577, 0.0 ], [ 4879556.349499999545515, 2090729.2434, 0.0 ], [ 4879554.1612, 2090747.371099999174476, 0.0 ], [ 4879553.63289999961853, 2090763.728000000119209, 0.0 ], [ 4879553.65639999974519, 2090778.426200000569224, 0.0 ], [ 4879555.4539, 2090793.342700000852346, 0.0 ], [ 4879563.904900000430644, 2090809.464199999347329, 0.0 ], [ 4879572.89879999961704, 2090818.401499999687076, 0.0 ], [ 4879585.995900000445545, 2090828.216399999335408, 0.0 ], [ 4879597.090300000272691, 2090833.5033, 0.0 ], [ 4879613.168700000271201, 2090835.909, 0.0 ], [ 4879626.476599999703467, 2090838.8717, 0.0 ], [ 4879642.5526, 2090839.730200000107288, 0.0 ], [ 4879654.081899999640882, 2090839.711799999698997, 0.0 ], [ 4879668.159, 2090838.363199999555945, 0.0 ], [ 4879685.5609, 2090836.456800000742078, 0.0 ], [ 4879694.537100000306964, 2090834.342700000852346, 0.0 ], [ 4879705.953300000168383, 2090832.887900000438094, 0.0 ], [ 4879720.031899999827147, 2090832.533900000154972, 0.0 ], [ 4879735.660799999721348, 2090831.0724, 0.0 ], [ 4879748.521300000138581, 2090831.604499999433756, 0.0 ], [ 4879761.051300000399351, 2090833.352700000628829, 0.0 ], [ 4879776.129999999888241, 2090834.544399999082088, 0.0 ], [ 4879786.892400000244379, 2090840.163499999791384, 0.0 ], [ 4879796.768299999646842, 2090846.115499999374151, 0.0 ], [ 4879801.096199999563396, 2090848.871400000527501, 0.0 ], [ 4879817.845300000160933, 2090854.701999999582767, 0.0 ], [ 4879828.7237, 2090863.636299999430776, 0.0 ], [ 4879844.0362, 2090872.342499999329448, 0.0 ], [ 4879858.353900000452995, 2090882.929099999368191, 0.0 ], [ 4879868.0142, 2090892.749399999156594, 0.0 ], [ 4879881.120000000111759, 2090908.089999999850988, 0.0 ], [ 4879888.020399999804795, 2090925.098099999129772, 0.0 ], [ 4879895.247999999672174, 2090938.790300000458956, 0.0 ], [ 4879904.2407, 2090947.064500000327826, 0.0 ], [ 4879916.5461, 2090947.0449, 0.0 ], [ 4879919.095300000160933, 2090946.709300000220537, 0.0 ], [ 4879928.398, 2090940.726800000295043, 0.0 ], [ 4879935.1453, 2090931.211899999529123, 0.0 ], [ 4879935.366100000217557, 2090930.659, 0.0 ], [ 4879937.3426, 2090918.7204, 0.0 ], [ 4879938.654, 2090906.782800000160933, 0.0 ], [ 4879940.4112, 2090896.391799999400973, 0.0 ], [ 4879943.146300000138581, 2090873.511099999770522, 0.0 ], [ 4879947.314000000245869, 2090845.212999999523163, 0.0 ], [ 4879947.509700000286102, 2090828.856699999421835, 0.0 ], [ 4879948.380099999718368, 2090818.4671, 0.0 ], [ 4879952.338399999774992, 2090797.905300000682473, 0.0 ], [ 4879960.397900000214577, 2090777.005400000140071, 0.0 ], [ 4879961.615399999544024, 2090775.787799999117851, 0.0 ], [ 4879967.8037, 2090763.28999999910593, 0.0 ], [ 4879975.881299999542534, 2090753.773, 0.0 ], [ 4879987.933799999766052, 2090734.082399999722838, 0.0 ], [ 4879996.89159999974072, 2090720.364499999210238, 0.0 ], [ 4880008.8432, 2090706.973400000482798, 0.0 ], [ 4880020.123800000175834, 2090689.9364, 0.0 ], [ 4880029.185999999754131, 2090672.1294, 0.0 ], [ 4880035.374200000427663, 2090659.520999999716878, 0.0 ], [ 4880039.237200000323355, 2090648.795099999755621, 0.0 ], [ 4880043.646499999798834, 2090632.9846, 0.0 ], [ 4880044.950500000268221, 2090616.405500000342727, 0.0 ], [ 4880042.602, 2090603.4792, 0.0 ], [ 4880038.136900000274181, 2090584.14640000090003, 0.0 ], [ 4880032.5669, 2090567.136199999600649, 0.0 ], [ 4880032.2335, 2090566.584100000560284, 0.0 ], [ 4880026.5587, 2090553.441999999806285, 0.0 ], [ 4880017.555100000463426, 2090538.315999999642372, 0.0 ], [ 4880004.782200000248849, 2090523.195900000631809, 0.0 ], [ 4879993.007399999536574, 2090508.295299999415874, 0.0 ], [ 4879980.681099999696016, 2090495.163699999451637, 0.0 ], [ 4879974.115000000223517, 2090479.149700000882149, 0.0 ], [ 4879974.113599999807775, 2090478.265599999576807, 0.0 ], [ 4879968.327399999834597, 2090464.792099999263883, 0.0 ], [ 4879965.978699999861419, 2090451.755300000309944, 0.0 ], [ 4879966.528800000436604, 2090449.102099999785423, 0.0 ], [ 4879972.16260000038892, 2090436.494599999859929, 0.0 ], [ 4879973.704800000414252, 2090430.303400000557303, 0.0 ], [ 4879978.448099999688566, 2090415.376499999314547, 0.0 ], [ 4879984.0746, 2090398.127499999478459, 0.0 ], [ 4879990.592199999839067, 2090383.529400000348687, 0.0 ], [ 4879998.110299999825656, 2090370.69789999909699, 0.0 ], [ 4880003.856599999591708, 2090359.084799999371171, 0.0 ], [ 4880009.828300000168383, 2090349.792199999094009, 0.0 ], [ 4880019.010200000368059, 2090337.510700000450015, 0.0 ], [ 4880025.533900000154972, 2090326.780500000342727, 0.0 ], [ 4880029.3942, 2090314.286399999633431, 0.0 ], [ 4880034.8108, 2090304.442099999636412, 0.0 ], [ 4880048.7621, 2090293.700099999085069, 0.0 ], [ 4880059.396599999628961, 2090288.599600000306964, 0.0 ], [ 4880074.581600000150502, 2090286.807299999520183, 0.0 ], [ 4880083.561599999666214, 2090287.01410000026226, 0.0 ], [ 4880096.53830000013113, 2090290.861500000581145, 0.0 ], [ 4880107.641699999570847, 2090301.784800000488758, 0.0 ], [ 4880116.535000000149012, 2090317.242599999532104, 0.0 ], [ 4880124.757000000216067, 2090328.833399999886751, 0.0 ], [ 4880135.97580000013113, 2090342.629799999296665, 0.0 ], [ 4880142.307699999772012, 2090350.797800000756979, 0.0 ], [ 4880149.0844, 2090359.738600000739098, 0.0 ], [ 4880154.753999999724329, 2090369.675899999216199, 0.0 ], [ 4880159.976599999703467, 2090377.4035, 0.0 ], [ 4880165.7555, 2090386.346000000834465, 0.0 ], [ 4880170.76630000025034, 2090400.262700000777841, 0.0 ], [ 4880176.105200000107288, 2090411.41609999909997, 0.0 ], [ 4880179.784799999557436, 2090424.782400000840425, 0.0 ], [ 4880183.908099999651313, 2090438.369000000879169, 0.0 ], [ 4880188.140999999828637, 2090451.071399999782443, 0.0 ], [ 4880193.2659, 2090467.0877, 0.0 ], [ 4880195.614799999631941, 2090480.23509999923408, 0.0 ], [ 4880200.958100000396371, 2090494.1513, 0.0 ], [ 4880204.413499999791384, 2090505.970799999311566, 0.0 ], [ 4880209.642400000244379, 2090517.676899999380112, 0.0 ], [ 4880212.328099999576807, 2090533.476099999621511, 0.0 ], [ 4880219.443300000391901, 2090546.173800000920892, 0.0 ], [ 4880223.238099999725819, 2090562.302799999713898, 0.0 ], [ 4880226.2631, 2090582.411399999633431, 0.0 ], [ 4880230.710799999535084, 2090590.803400000557303, 0.0 ], [ 4880235.7133, 2090599.526000000536442, 0.0 ], [ 4880242.3854, 2090612.445499999448657, 0.0 ], [ 4880249.2807, 2090626.359300000593066, 0.0 ], [ 4880255.84499999973923, 2090641.268200000748038, 0.0 ], [ 4880262.740399999544024, 2090655.182, 0.0 ], [ 4880268.1902, 2090666.335200000554323, 0.0 ], [ 4880276.1892, 2090677.152799999341369, 0.0 ], [ 4880283.0777000002563, 2090686.7566, 0.0 ], [ 4880289.634499999694526, 2090696.913499999791384, 0.0 ], [ 4880298.081199999898672, 2090710.3827, 0.0 ], [ 4880306.521999999880791, 2090720.205, 0.0 ], [ 4880319.7379, 2090735.103399999439716, 0.0 ], [ 4880332.066700000315905, 2090749.892699999734759, 0.0 ], [ 4880341.94649999961257, 2090758.276100000366569, 0.0 ], [ 4880351.157599999569356, 2090764.450200000777841, 0.0 ], [ 4880352.045400000177324, 2090765.00139999948442, 0.0 ], [ 4880360.709499999880791, 2090775.818, 0.0 ], [ 4880369.25899999961257, 2090784.203500000759959, 0.0 ], [ 4880376.365299999713898, 2090791.375600000843406, 0.0 ], [ 4880377.365000000223517, 2090792.589600000530481, 0.0 ], [ 4880387.917600000277162, 2090805.834499999880791, 0.0 ], [ 4880394.24930000025779, 2090813.892000000923872, 0.0 ], [ 4880401.692300000227988, 2090823.605399999767542, 0.0 ], [ 4880407.620799999684095, 2090857.081599999219179, 0.0 ], [ 4880407.977300000376999, 2090872.221300000324845, 0.0 ], [ 4880404.8964, 2090886.813999999314547, 0.0 ], [ 4880401.82660000026226, 2090908.479499999433756, 0.0 ], [ 4880401.5175, 2090923.288699999451637, 0.0 ], [ 4880396.88399999961257, 2090937.552300000563264, 0.0 ], [ 4880391.584499999880791, 2090951.264399999752641, 0.0 ], [ 4880385.9529, 2090965.308499999344349, 0.0 ], [ 4880382.426900000311434, 2090978.907199999317527, 0.0 ], [ 4880377.023400000296533, 2090996.929400000721216, 0.0 ], [ 4880372.6179, 2091015.1711, 0.0 ], [ 4880366.1003, 2091029.769200000911951, 0.0 ], [ 4880359.35840000025928, 2091042.71000000089407, 0.0 ], [ 4880353.613400000147521, 2091055.096599999815226, 0.0 ], [ 4880347.427000000141561, 2091068.810000000521541, 0.0 ], [ 4880341.128200000151992, 2091081.529100000858307, 0.0 ], [ 4880335.271800000220537, 2091093.584300000220537, 0.0 ], [ 4880328.417100000195205, 2091105.309599999338388, 0.0 ], [ 4880322.89049999974668, 2091115.596100000664592, 0.0 ], [ 4880318.253499999642372, 2091127.649399999529123, 0.0 ], [ 4880308.860100000165403, 2091146.341, 0.0 ], [ 4880302.674100000411272, 2091160.275499999523163, 0.0 ], [ 4880294.165, 2091177.3081, 0.0 ], [ 4880285.435499999672174, 2091195.225099999457598, 0.0 ], [ 4880278.035000000149012, 2091212.255899999290705, 0.0 ], [ 4880268.194199999794364, 2091228.406500000506639, 0.0 ], [ 4880256.252000000327826, 2091247.654799999669194, 0.0 ], [ 4880242.2045, 2091267.569499999284744, 0.0 ], [ 4880229.263000000268221, 2091285.824699999764562, 0.0 ], [ 4880220.8585, 2091298.878599999472499, 0.0 ], [ 4880211.453599999658763, 2091310.276399999856949, 0.0 ], [ 4880206.4814, 2091320.67259999923408, 0.0 ], [ 4880200.954800000414252, 2091330.959100000560284, 0.0 ], [ 4880194.650600000284612, 2091340.252299999818206, 0.0 ], [ 4880191.013899999670684, 2091353.851199999451637, 0.0 ], [ 4880185.380300000309944, 2091366.569199999794364, 0.0 ], [ 4880176.641200000420213, 2091378.407999999821186, 0.0 ], [ 4880167.014600000344217, 2091389.806199999526143, 0.0 ], [ 4880157.056699999608099, 2091401.978499999269843, 0.0 ], [ 4880147.980499999597669, 2091410.944499999284744, 0.0 ], [ 4880139.126299999654293, 2091420.020600000396371, 0.0 ], [ 4880130.156600000336766, 2091426.223600000143051, 0.0 ], [ 4880121.410000000149012, 2091433.310399999842048, 0.0 ], [ 4880106.787999999709427, 2091440.406500000506639, 0.0 ], [ 4880092.829800000414252, 2091446.727900000289083, 0.0 ], [ 4880080.647699999623001, 2091454.483200000599027, 0.0 ], [ 4880079.650299999862909, 2091454.705800000578165, 0.0 ], [ 4880069.462299999780953, 2091461.573899999260902, 0.0 ], [ 4880055.06900000013411, 2091473.090099999681115, 0.0 ], [ 4880042.335900000296533, 2091482.946100000292063, 0.0 ], [ 4880034.589700000360608, 2091491.688999999314547, 0.0 ], [ 4880027.287499999627471, 2091500.762700000777841, 0.0 ], [ 4880017.8821, 2091511.829, 0.0 ], [ 4880008.139999999664724, 2091520.24349999986589, 0.0 ], [ 4879998.8437, 2091530.204500000923872, 0.0 ], [ 4879984.67200000025332, 2091541.609899999573827, 0.0 ], [ 4879972.4934, 2091551.575500000268221, 0.0 ], [ 4879960.979500000365078, 2091561.208499999716878, 0.0 ], [ 4879950.129300000146031, 2091569.956399999558926, 0.0 ], [ 4879942.824900000356138, 2091577.7039, 0.0 ], [ 4879936.409900000318885, 2091586.997300000861287, 0.0 ], [ 4879928.444899999536574, 2091597.50870000012219, 0.0 ], [ 4879916.60080000013113, 2091608.689500000327826, 0.0 ], [ 4879905.4293, 2091624.510700000450015, 0.0 ], [ 4879894.694199999794364, 2091635.910700000822544, 0.0 ], [ 4879887.728500000201166, 2091647.415200000628829, 0.0 ], [ 4879878.655299999751151, 2091658.2599, 0.0 ], [ 4879869.801, 2091667.225600000470877, 0.0 ], [ 4879861.947300000116229, 2091678.068499999120831, 0.0 ], [ 4879855.762799999676645, 2091692.887199999764562, 0.0 ], [ 4879844.918600000441074, 2091705.3925, 0.0 ], [ 4879836.182, 2091718.667999999597669, 0.0 ], [ 4879823.795, 2091736.922499999403954, 0.0 ], [ 4879813.5104, 2091752.7423, 0.0 ], [ 4879804.551699999719858, 2091765.7972, 0.0 ], [ 4879795.478000000119209, 2091776.310499999672174, 0.0 ], [ 4879783.526200000196695, 2091789.370100000873208, 0.0 ], [ 4879774.452100000344217, 2091799.551799999549985, 0.0 ], [ 4879768.03969999961555, 2091810.502900000661612, 0.0 ], [ 4879760.848799999803305, 2091819.797499999403954, 0.0 ], [ 4879753.653800000436604, 2091826.550300000235438, 0.0 ], [ 4879745.245900000445545, 2091837.394099999219179, 0.0 ], [ 4879737.168600000441074, 2091847.021600000560284, 0.0 ], [ 4879725.989199999719858, 2091857.869799999520183, 0.0 ], [ 4879715.808600000105798, 2091869.3794, 0.0 ], [ 4879707.618900000117719, 2091878.012599999085069, 0.0 ], [ 4879698.9868, 2091887.309499999508262, 0.0 ], [ 4879688.251799999736249, 2091898.709499999880791, 0.0 ], [ 4879680.723899999633431, 2091905.241800000891089, 0.0 ], [ 4879667.550699999555945, 2091917.087799999862909, 0.0 ], [ 4879658.3608, 2091924.1754, 0.0 ], [ 4879645.6256, 2091932.594699999317527, 0.0 ], [ 4879635.210199999623001, 2091935.926799999549985, 0.0 ], [ 4879625.352900000289083, 2091941.578700000420213, 0.0 ], [ 4879618.818300000391901, 2091945.346599999815226, 0.0 ], [ 4879610.291600000113249, 2091951.217399999499321, 0.0 ], [ 4879602.871000000275671, 2091955.539300000295043, 0.0 ], [ 4879595.120400000363588, 2091961.408900000154972, 0.0 ], [ 4879587.923100000247359, 2091966.725099999457598, 0.0 ], [ 4879579.619199999608099, 2091973.258600000292063, 0.0 ], [ 4879572.199, 2091977.8015, 0.0 ], [ 4879562.565600000321865, 2091984.889799999073148, 0.0 ], [ 4879556.0362, 2091991.862600000575185, 0.0 ], [ 4879550.284300000406802, 2091999.82880000025034, 0.0 ], [ 4879546.74959999974817, 2092007.791400000452995, 0.0 ], [ 4879543.2182, 2092017.853800000622869, 0.0 ], [ 4879541.680800000205636, 2092027.028899999335408, 0.0 ], [ 4879544.907200000248849, 2092034.207100000232458, 0.0 ], [ 4879549.1321, 2092041.936300000175834, 0.0 ], [ 4879553.0197, 2092046.682199999690056, 0.0 ], [ 4879559.7944, 2092054.407400000840425, 0.0 ], [ 4879568.2303, 2092061.135199999436736, 0.0 ], [ 4879577.109000000171363, 2092067.420299999415874, 0.0 ], [ 4879586.761599999852479, 2092072.378000000491738, 0.0 ], [ 4879596.9693, 2092077.887399999424815, 0.0 ], [ 4879611.503200000151992, 2092085.158099999651313, 0.0 ], [ 4879630.4759, 2092095.184499999508262, 0.0 ], [ 4879640.904500000178814, 2092100.141000000759959, 0.0 ], [ 4879649.892, 2092105.21030000038445, 0.0 ], [ 4879662.428299999795854, 2092111.047499999403954, 0.0 ], [ 4879670.6393, 2092115.786399999633431, 0.0 ], [ 4879679.847500000149012, 2092120.192299999296665, 0.0 ], [ 4879691.275899999774992, 2092126.473300000652671, 0.0 ], [ 4879698.2652000002563, 2092129.777599999681115, 0.0 ], [ 4879706.808400000445545, 2092134.295, 0.0 ], [ 4879718.67949999962002, 2092140.133300000801682, 0.0 ], [ 4879728.996600000187755, 2092144.758400000631809, 0.0 ], [ 4879738.094700000248849, 2092149.606499999761581, 0.0 ], [ 4879748.301099999807775, 2092154.342299999669194, 0.0 ], [ 4879764.2813, 2092164.815600000321865, 0.0 ], [ 4879772.827200000174344, 2092170.99070000089705, 0.0 ], [ 4879786.252600000239909, 2092178.2632, 0.0 ], [ 4879797.237999999895692, 2092184.876499999314547, 0.0 ], [ 4879808.111600000411272, 2092190.826899999752641, 0.0 ], [ 4879819.647599999792874, 2092195.11849999986589, 0.0 ], [ 4879831.740000000223517, 2092200.735400000587106, 0.0 ], [ 4879838.61629999987781, 2092202.713700000196695, 0.0 ], [ 4879849.374699999578297, 2092206.012000000104308, 0.0 ], [ 4879859.581000000238419, 2092210.637299999594688, 0.0 ], [ 4879869.674599999561906, 2092214.157600000500679, 0.0 ], [ 4879879.32660000026226, 2092218.783800000324845, 0.0 ], [ 4879890.644100000150502, 2092225.064999999478459, 0.0 ], [ 4879900.29619999974966, 2092229.801699999719858, 0.0 ], [ 4879911.6118, 2092234.8673, 0.0 ], [ 4879922.042500000447035, 2092241.260500000789762, 0.0 ], [ 4879935.910799999721348, 2092248.2007, 0.0 ], [ 4879946.5576, 2092251.057099999859929, 0.0 ], [ 4879955.2133, 2092256.56900000013411, 0.0 ], [ 4879965.7516, 2092260.862299999222159, 0.0 ], [ 4879977.623700000345707, 2092267.363600000739098, 0.0 ], [ 4879988.168100000359118, 2092275.524900000542402, 0.0 ], [ 4880000.377999999560416, 2092285.341099999845028, 0.0 ], [ 4880010.590599999763072, 2092293.944900000467896, 0.0 ], [ 4880023.692699999548495, 2092307.075200000777841, 0.0 ], [ 4880032.572800000198185, 2092314.354900000616908, 0.0 ], [ 4880042.4534, 2092323.29079999960959, 0.0 ], [ 4880052.221400000154972, 2092331.232200000435114, 0.0 ], [ 4880062.3202, 2092337.957399999722838, 0.0 ], [ 4880069.092799999751151, 2092344.467000000178814, 0.0 ], [ 4880080.0789, 2092351.522299999371171, 0.0 ], [ 4880090.840300000272691, 2092356.699300000444055, 0.0 ], [ 4880101.601700000464916, 2092361.87639999948442, 0.0 ], [ 4880109.3717, 2092368.16330000013113, 0.0 ], [ 4880120.8021, 2092375.770500000566244, 0.0 ], [ 4880133.6738, 2092383.485999999567866, 0.0 ], [ 4880144.991899999789894, 2092390.209300000220537, 0.0 ], [ 4880155.3098, 2092395.387000000104308, 0.0 ], [ 4880164.074500000104308, 2092399.793600000441074, 0.0 ], [ 4880173.168100000359118, 2092401.878900000825524, 0.0 ], [ 4880183.259800000116229, 2092404.183599999174476, 0.0 ], [ 4880193.683000000193715, 2092405.824799999594688, 0.0 ], [ 4880207.214200000278652, 2092410.002699999138713, 0.0 ], [ 4880236.053100000135601, 2092420.124099999666214, 0.0 ], [ 4880249.8076, 2092425.296399999409914, 0.0 ], [ 4880263.11710000038147, 2092429.4748, 0.0 ], [ 4880274.651999999769032, 2092433.103399999439716, 0.0 ], [ 4880287.299499999731779, 2092439.271999999880791, 0.0 ], [ 4880310.9233, 2092446.417899999767542, 0.0 ], [ 4880326.00690000038594, 2092450.814400000497699, 0.0 ], [ 4880335.767900000326335, 2092454.335400000214577, 0.0 ], [ 4880346.416799999773502, 2092458.517899999395013, 0.0 ], [ 4880362.16399999987334, 2092462.029400000348687, 0.0 ], [ 4880371.148900000378489, 2092465.440999999642372, 0.0 ], [ 4880386.567599999718368, 2092471.494799999520183, 0.0 ], [ 4880399.100700000301003, 2092475.453299999237061, 0.0 ], [ 4880408.526700000278652, 2092477.4276, 0.0 ], [ 4880417.2884, 2092479.95549999922514, 0.0 ], [ 4880428.379999999888241, 2092483.69539999961853, 0.0 ], [ 4880440.247100000269711, 2092487.102399999275804, 0.0 ], [ 4880450.004800000227988, 2092488.523600000888109, 0.0 ], [ 4880461.648900000378489, 2092491.157500000670552, 0.0 ], [ 4880480.171900000423193, 2092497.427300000563264, 0.0 ], [ 4880488.933600000105798, 2092499.955199999734759, 0.0 ], [ 4880500.5746, 2092500.599899999797344, 0.0 ], [ 4880510.33420000039041, 2092503.236700000241399, 0.0 ], [ 4880522.42090000025928, 2092505.317299999296665, 0.0 ], [ 4880532.517400000244379, 2092510.716399999335408, 0.0 ], [ 4880545.8279, 2092515.557900000363588, 0.0 ], [ 4880562.572499999776483, 2092518.846699999645352, 0.0 ], [ 4880573.4424, 2092522.58699999935925, 0.0 ], [ 4880591.520399999804795, 2092527.8629, 0.0 ], [ 4880601.169800000265241, 2092530.941999999806285, 0.0 ], [ 4880612.816399999894202, 2092535.123099999502301, 0.0 ], [ 4880624.239900000393391, 2092538.420299999415874, 0.0 ], [ 4880637.5477, 2092541.604100000113249, 0.0 ], [ 4880650.63370000012219, 2092544.677799999713898, 0.0 ], [ 4880659.6201, 2092549.084100000560284, 0.0 ], [ 4880670.821000000461936, 2092551.829199999570847, 0.0 ], [ 4880682.465400000102818, 2092554.684100000187755, 0.0 ], [ 4880707.4134, 2092557.959899999201298, 0.0 ], [ 4880724.931599999777973, 2092559.810900000855327, 0.0 ], [ 4880740.230999999679625, 2092560.5603, 0.0 ], [ 4880749.099899999797344, 2092560.767300000414252, 0.0 ], [ 4880763.2895, 2092560.744799999520183, 0.0 ], [ 4880780.58420000039041, 2092561.3805, 0.0 ], [ 4880792.114299999549985, 2092562.025299999862909, 0.0 ], [ 4880805.860600000247359, 2092562.114099999889731, 0.0 ], [ 4880818.937800000421703, 2092559.662100000306964, 0.0 ], [ 4880830.020999999716878, 2092558.097400000318885, 0.0 ], [ 4880839.885700000450015, 2092557.087099999189377, 0.0 ], [ 4880848.085, 2092554.532400000840425, 0.0 ], [ 4880861.053600000217557, 2092553.517200000584126, 0.0 ], [ 4880872.689899999648333, 2092551.177999999374151, 0.0 ], [ 4880883.882000000216067, 2092548.39750000089407, 0.0 ], [ 4880893.075400000438094, 2092543.520400000736117, 0.0 ], [ 4880901.275399999693036, 2092541.407700000330806, 0.0 ], [ 4880918.115299999713898, 2092534.8607, 0.0 ], [ 4880929.084499999880791, 2092531.307, 0.0 ], [ 4880941.934399999678135, 2092525.318900000303984, 0.0 ], [ 4880951.240000000223517, 2092521.325799999758601, 0.0 ], [ 4880960.877899999730289, 2092517.110999999567866, 0.0 ], [ 4880969.737800000235438, 2092511.681900000199676, 0.0 ], [ 4880981.47580000013113, 2092503.595899999141693, 0.0 ], [ 4880993.5499, 2092497.7195999994874, 0.0 ], [ 4881003.073800000362098, 2092491.515799999237061, 0.0 ], [ 4881012.152200000360608, 2092483.986500000581145, 0.0 ], [ 4881019.9035, 2092478.5592, 0.0 ], [ 4881029.092799999751151, 2092471.029699999839067, 0.0 ], [ 4881035.069899999536574, 2092465.273600000888109, 0.0 ], [ 4881044.5877, 2092455.201899999752641, 0.0 ], [ 4881057.2089, 2092444.793700000271201, 0.0 ], [ 4881067.502999999560416, 2092434.941800000146031, 0.0 ], [ 4881078.791400000452995, 2092422.878000000491738, 0.0 ], [ 4881092.6299, 2092411.141799999400973, 0.0 ], [ 4881103.5861, 2092399.299599999561906, 0.0 ], [ 4881113.213999999687076, 2092388.785599999129772, 0.0 ], [ 4881121.8448, 2092378.604800000786781, 0.0 ], [ 4881133.352400000207126, 2092364.99349999986589, 0.0 ], [ 4881146.1858, 2092348.506799999624491, 0.0 ], [ 4881153.042700000107288, 2092338.218299999833107, 0.0 ], [ 4881160.347, 2092330.470799999311566, 0.0 ], [ 4881164.8794, 2092322.396199999377131, 0.0 ], [ 4881171.2944, 2092313.103000000119209, 0.0 ], [ 4881177.487599999643862, 2092303.6996, 0.0 ], [ 4881184.1261, 2092295.511099999770522, 0.0 ], [ 4881187.214200000278652, 2092285.4496, 0.0 ], [ 4881199.2652000002563, 2092264.875099999830127, 0.0 ], [ 4881200.3706, 2092262.884099999442697, 0.0 ], [ 4881208.1025, 2092245.079299999400973, 0.0 ], [ 4881212.069500000216067, 2092229.932800000533462, 0.0 ], [ 4881218.361700000241399, 2092213.014399999752641, 0.0 ], [ 4881233.824500000104308, 2092176.741699999198318, 0.0 ], [ 4881241.9967, 2092156.946900000795722, 0.0 ], [ 4881246.298000000417233, 2092142.904999999329448, 0.0 ], [ 4881249.269799999892712, 2092129.307199999690056, 0.0 ], [ 4881253.021599999628961, 2092118.360500000417233, 0.0 ], [ 4881262.176599999889731, 2092089.060100000351667, 0.0 ], [ 4881266.791500000283122, 2092062.971699999645352, 0.0 ], [ 4881273.85840000025928, 2092045.167999999597669, 0.0 ], [ 4881278.372700000181794, 2092025.599999999627471, 0.0 ], [ 4881278.370900000445545, 2092024.494899999350309, 0.0 ], [ 4881279.6798, 2092010.899700000882149, 0.0 ], [ 4881283.9808, 2091996.636800000444055, 0.0 ], [ 4881286.4983, 2091976.187899999320507, 0.0 ], [ 4881285.907999999821186, 2091953.312599999830127, 0.0 ], [ 4881289.430200000293553, 2091937.282600000500679, 0.0 ], [ 4881289.42920000012964, 2091936.619599999859929, 0.0 ], [ 4881289.848399999551475, 2091921.25760000012815, 0.0 ], [ 4881290.066599999554455, 2091919.04700000025332, 0.0 ], [ 4881290.051199999637902, 2091909.211300000548363, 0.0 ], [ 4881293.559399999678135, 2091884.340399999171495, 0.0 ], [ 4881293.0746, 2091858.039000000804663, 0.0 ], [ 4881291.494599999859929, 2091840.2489, 0.0 ], [ 4881289.246299999766052, 2091820.470599999651313, 0.0 ], [ 4881293.840699999593198, 2091781.341700000688434, 0.0 ], [ 4881293.267699999734759, 2091769.407199999317527, 0.0 ], [ 4881292.5916, 2091762.445900000631809, 0.0 ], [ 4881292.456199999898672, 2091746.863800000399351, 0.0 ], [ 4881293.027800000272691, 2091687.4068, 0.0 ], [ 4881292.997999999672174, 2091668.509099999442697, 0.0 ], [ 4881292.9825, 2091658.673499999567866, 0.0 ], [ 4881295.0751, 2091649.9397, 0.0 ], [ 4881302.9276, 2091638.212899999693036, 0.0 ], [ 4881311.234199999831617, 2091633.337300000712276, 0.0 ], [ 4881315.103799999691546, 2091626.700400000438094, 0.0 ] ] ] ] } }
]
}
